LAST UPDATED,FREQUENCY,PERIOD BEGIN,PERIOD END,REGION ID,REGION TYPE,REGION NAME,City,State,HOMES SOLD,HOMES SOLD YOY (%),MEDIAN SALE PRICE NSA ($),MEDIAN SALE PRICE NSA YOY (%),MEDIAN DAYS ON MARKET (DAYS),MEDIAN DAYS ON MARKET YOY (DAYS),NEW LISTINGS,NEW LISTINGS YOY (%),ACTIVE LISTINGS,ACTIVE LISTINGS YOY (%),PENDING SALES,PENDING SALES YOY (%),MEDIAN NEW LISTING PRICE PER SQ.FT. ($),MEDIAN NEW LISTING PRICE PER SQ.FT. YOY (%)
9/3/26,Rolling 3 Months,6/1/26,8/31/26,37334,City,"Absecon Highlands, NJ",Absecon Highlands,NJ,6,53.86,466691,-10.25,55,-67,6,102.65,13,9.47,9,29.63,221.86,14.97
9/3/26,Rolling 3 Months,6/1/26,8/31/26,14,City,"Absecon, NJ",Absecon,NJ,39,25.73,339775,14.4,64,13,48,-4.76,85,2.27,41,0.82,206.96,-3.73
9/3/26,Rolling 3 Months,6/1/26,8/31/26,162,City,"Allendale, NJ",Allendale,NJ,25,11.89,1216695,-11.51,58,-11,21,6.39,37,-6.53,23,10.42,457.65,-3.62
9/3/26,Rolling 3 Months,6/1/26,8/31/26,168,City,"Allenhurst, NJ",Allenhurst,NJ,1,2.57,4846792,-11.88,207,174,2,-66.23,6,-32.63,NA,NA,2502.93,80.55
9/3/26,Rolling 3 Months,6/1/26,8/31/26,177,City,"Allentown, NJ",Allentown,NJ,6,23.08,634580,9.6,11,-34,9,203.97,12,73.23,5,0.82,272.62,-5.77
9/3/26,Rolling 3 Months,6/1/26,8/31/26,21143,City,"Allenwood, NJ",Allenwood,NJ,NA,NA,NA,NA,NA,NA,2,-71.05,5,-54.07,1,-79.84,390.05,-4.83
9/3/26,Rolling 3 Months,6/1/26,8/31/26,21146,City,"Alloway, NJ",Alloway,NJ,7,259,424719,-11.05,118,40,4,35.1,12,73.23,5,68.03,317.01,89.44
9/3/26,Rolling 3 Months,6/1/26,8/31/26,262,City,"Alpha, NJ",Alpha,NJ,6,-23.07,394739,22.21,65,44,3,-24.01,7,-11.58,5,26.03,158.21,-31.61
9/3/26,Rolling 3 Months,6/1/26,8/31/26,280,City,"Alpine, NJ",Alpine,NJ,3,2.57,4497024,30.35,258,190,9,30.27,24,42.66,5,152.05,923.74,-39.96
9/3/26,Rolling 3 Months,6/1/26,8/31/26,37068,City,"Ampere North, NJ",Ampere North,NJ,8,-17.94,544640,6.27,45,-21,9,-17.1,15,-5.27,7,-11.78,360.68,20.06
9/3/26,Rolling 3 Months,6/1/26,8/31/26,31403,City,"Anderson, NJ",Anderson,NJ,NA,NA,NA,NA,NA,NA,1,1.32,2,-32.63,1,0.82,292.48,-13.57
9/3/26,Rolling 3 Months,6/1/26,8/31/26,338,City,"Andover, NJ",Andover,NJ,3,2.57,309795,-40.42,35,-16,3,51.99,6,51.57,4,101.64,235.2,-5.91
9/3/26,Rolling 3 Months,6/1/26,8/31/26,21186,City,"Annandale, NJ",Annandale,NJ,6,23.08,664510,121.5,27,12,3,1.32,7,17.89,2,101.64,323.23,37.39
9/3/26,Rolling 3 Months,6/1/26,8/31/26,501,City,"Asbury Park, NJ",Asbury Park,NJ,55,-2.83,836946,-3.69,46,2,99,16.82,178,8.44,70,-2.02,656.66,6.25
9/3/26,Rolling 3 Months,6/1/26,8/31/26,31435,City,"Asbury, NJ",Asbury,NJ,NA,NA,NA,NA,NA,NA,1,1.32,1,-74.74,NA,NA,187.06,-31.91
9/3/26,Rolling 3 Months,6/1/26,8/31/26,21220,City,"Ashland, NJ",Ashland,NJ,43,0.18,467191,4.99,37,13,39,-21.42,69,4.11,40,3.41,264.73,7.46
9/3/26,Rolling 3 Months,6/1/26,8/31/26,37139,City,"Atco, NJ",Atco,NJ,21,-17.94,370755,1.58,29,-3,28,-8.48,44,-12.82,23,-29.73,210.07,4.45
9/3/26,Rolling 3 Months,6/1/26,8/31/26,538,City,"Atlantic City, NJ",Atlantic City,NJ,104,6.8,229848,20.97,106,-5,161,-13.85,471,-5.44,127,14.44,232.43,5.5
9/3/26,Rolling 3 Months,6/1/26,8/31/26,546,City,"Atlantic Highlands, NJ",Atlantic Highlands,NJ,22,65.69,704534,-49.68,27,3,17,-28.23,29,1.05,19,59.63,511.88,8.3
9/3/26,Rolling 3 Months,6/1/26,8/31/26,38227,City,"Auburn, NJ",Auburn,NJ,3,53.86,544640,-11.44,21,-21,4,35.1,7,-11.58,3,51.23,203.91,-0.25
9/3/26,Rolling 3 Months,6/1/26,8/31/26,575,City,"Audubon, NJ",Audubon,NJ,26,11.49,484679,16.09,19,1,43,77.32,53,38.28,29,32.9,270.25,-1.06
9/3/26,Rolling 3 Months,6/1/26,8/31/26,610,City,"Avalon, NJ",Avalon,NJ,40,-9.09,3272834,14.94,61,-28,45,-21.78,85,-34.2,50,-29.99,1509.63,21.86
9/3/26,Rolling 3 Months,6/1/26,8/31/26,21240,City,"Avenel, NJ",Avenel,NJ,31,61.95,512161,0.23,85,44,29,-8.17,68,38.17,33,38.63,400.62,-4.52
9/3/26,Rolling 3 Months,6/1/26,8/31/26,641,City,"Avon-By-the-Sea, NJ",Avon-By-the-Sea,NJ,8,310.28,1673892,-25.31,42,21,7,-52.72,20,-12.13,7,17.62,1243.94,99.06
9/3/26,Rolling 3 Months,6/1/26,8/31/26,31122,City,"Barclay, NJ",Barclay,NJ,13,-36.5,644573,10.18,14,1,19,-16.3,24,-2.99,17,7.12,294.5,13.42
9/3/26,Rolling 3 Months,6/1/26,8/31/26,36984,City,"Bargaintown, NJ",Bargaintown,NJ,18,42.02,475186,-8.97,66,17,24,51.99,45,56.8,25,48.27,246.9,-0.22
9/3/26,Rolling 3 Months,6/1/26,8/31/26,832,City,"Barnegat Light, NJ",Barnegat Light,NJ,4,-41.39,1807804,3.3,81,49,9,-24.01,12,-47.28,4,-42.39,1029.95,6.88
9/3/26,Rolling 3 Months,6/1/26,8/31/26,21288,City,"Barnegat, NJ",Barnegat,NJ,10,-53.38,552135,-11.16,50,9,21,-11.34,34,-35.18,16,-46.23,270.36,-5.99
9/3/26,Rolling 3 Months,6/1/26,8/31/26,872,City,"Barrington, NJ",Barrington,NJ,27,77.79,424719,6.18,19,-2,19,13.24,27,-5.92,19,27.71,247.49,1.92
9/3/26,Rolling 3 Months,6/1/26,8/31/26,37791,City,"Basking Ridge, NJ",Basking Ridge,NJ,23,-16.42,1243677,7.68,16,2,22,-14.26,27,-11.99,21,-3.76,463.44,12.28
9/3/26,Rolling 3 Months,6/1/26,8/31/26,952,City,"Bay Head, NJ",Bay Head,NJ,5,-48.71,4197222,78.99,22,-2,6,-39.21,10,-49.48,6,-32.79,1179.8,32.51
9/3/26,Rolling 3 Months,6/1/26,8/31/26,970,City,"Bayonne, NJ",Bayonne,NJ,112,9.61,659564,1.47,29,-6,135,6.95,239,3.23,101,-12.33,348.43,-0.11
9/3/26,Rolling 3 Months,6/1/26,8/31/26,21342,City,"Beach Haven West, NJ",Beach Haven West,NJ,39,21.8,898655,-2.29,24,-11,43,-3.28,75,-9.91,44,-14.69,583.53,-2.72
9/3/26,Rolling 3 Months,6/1/26,8/31/26,1052,City,"Beach Haven, NJ",Beach Haven,NJ,12,-17.94,1848777,89.62,61,-34,18,-4.01,34,-20.1,15,-20.4,1174.19,13.7
9/3/26,Rolling 3 Months,6/1/26,8/31/26,1121,City,"Beachwood, NJ",Beachwood,NJ,33,-3.46,471688,8.31,17,-1,51,12.58,68,12.84,45,8.02,316.33,8.85
9/3/26,Rolling 3 Months,6/1/26,8/31/26,31548,City,"Beattystown, NJ",Beattystown,NJ,7,43.6,649570,49.33,14,2,6,-39.21,10,-15.79,5,-27.99,271.85,7.76
9/3/26,Rolling 3 Months,6/1/26,8/31/26,21365,City,"Beckett, NJ",Beckett,NJ,17,16.25,374752,-15.79,17,0,22,122.91,24,42.66,19,74.14,229.97,3.03
9/3/26,Rolling 3 Months,6/1/26,8/31/26,37786,City,"Bedminster, NJ",Bedminster,NJ,4,-17.94,1101770,15.98,14,-15,NA,NA,1,-85.56,1,-66.39,NA,NA
9/3/26,Rolling 3 Months,6/1/26,8/31/26,37382,City,"Beesleys Point, NJ",Beesleys Point,NJ,3,2.57,464692,-1.13,77,9,2,102.65,5,-27.82,3,0.82,351.61,-8.85
9/3/26,Rolling 3 Months,6/1/26,8/31/26,21377,City,"Belford, NJ",Belford,NJ,9,15.39,639577,7.49,28,10,4,-59.47,10,-40.56,9,202.46,379.48,4.5
9/3/26,Rolling 3 Months,6/1/26,8/31/26,31566,City,"Belle Mead, NJ",Belle Mead,NJ,8,17.22,819458,-39.3,20,-31,20,237.75,23,158.24,13,87.24,351.97,-2.1
9/3/26,Rolling 3 Months,6/1/26,8/31/26,31569,City,"Belleplain, NJ",Belleplain,NJ,2,NA,250834,NA,21,NA,1,1.32,1,-66.32,1,0.82,210.51,-41.06
9/3/26,Rolling 3 Months,6/1/26,8/31/26,1257,City,"Bellmawr, NJ",Bellmawr,NJ,47,34.81,334778,8.34,23,-2,39,-1.27,56,2.92,37,-4.35,231.75,-4.57
9/3/26,Rolling 3 Months,6/1/26,8/31/26,1306,City,"Belmar, NJ",Belmar,NJ,15,-26.74,1115072,-5.1,26,3,18,1.32,27,-26.26,14,-38.63,699.8,16.17
9/3/26,Rolling 3 Months,6/1/26,8/31/26,1330,City,"Belvidere, NJ",Belvidere,NJ,14,187.2,301800,-10.18,52,35,13,-22.52,24,-10.18,15,26.03,251.12,19.24
9/3/26,Rolling 3 Months,6/1/26,8/31/26,1381,City,"Bergenfield, NJ",Bergenfield,NJ,50,-6.93,688544,-7.58,70,-17,56,9.27,106,-0.84,56,-2.66,436.97,0.46
9/3/26,Rolling 3 Months,6/1/26,8/31/26,1452,City,"Berlin, NJ",Berlin,NJ,28,-7.69,404732,-0.43,21,-3,22,-30.34,38,-18.3,23,-7.25,236.27,10.01
9/3/26,Rolling 3 Months,6/1/26,8/31/26,1489,City,"Bernardsville, NJ",Bernardsville,NJ,23,2.57,1091777,-10.88,16,-6,31,1.32,51,5.26,23,-22.7,459.79,8.72
9/3/26,Rolling 3 Months,6/1/26,8/31/26,1532,City,"Beverly, NJ",Beverly,NJ,7,-48.71,204864,-31.14,69,0,11,-34.44,21,-24.21,9,-30.2,194.1,4.58
9/3/26,Rolling 3 Months,6/1/26,8/31/26,31652,City,"Blackwells Mills, NJ",Blackwells Mills,NJ,28,-13.46,998339,8.09,15,-4,21,-24.01,26,-27.02,21,-31.7,353.14,-1.81
9/3/26,Rolling 3 Months,6/1/26,8/31/26,21462,City,"Blackwood, NJ",Blackwood,NJ,22,2.57,336777,-3.78,17,3,28,18.21,43,40.16,21,-15.31,216.4,-0.67
9/3/26,Rolling 3 Months,6/1/26,8/31/26,31658,City,"Blairstown, NJ",Blairstown,NJ,3,2.57,425718,0.17,89,-16,NA,NA,5,1.05,5,152.05,NA,NA
9/3/26,Rolling 3 Months,6/1/26,8/31/26,31660,City,"Blawenburg, NJ",Blawenburg,NJ,1,-48.71,1075288,49.09,11,-19,NA,NA,NA,NA,NA,NA,NA,NA
9/3/26,Rolling 3 Months,6/1/26,8/31/26,1676,City,"Bloomingdale, NJ",Bloomingdale,NJ,23,32.74,604600,2.3,25,-31,20,-18.94,31,-23.6,25,-3.06,389.54,11.65
9/3/26,Rolling 3 Months,6/1/26,8/31/26,1682,City,"Bloomsbury, NJ",Bloomsbury,NJ,4,105.14,367257,18.28,13,-22,4,1.32,7,76.84,2,0.82,274.11,22.38
9/3/26,Rolling 3 Months,6/1/26,8/31/26,1706,City,"Bogota, NJ",Bogota,NJ,10,-6.75,667059,18.06,63,-17,17,-13.87,29,-2.32,14,-11.78,397.05,0.46
9/3/26,Rolling 3 Months,6/1/26,8/31/26,1732,City,"Boonton, NJ",Boonton,NJ,25,2.57,641226,-2.1,19,-1,24,-16.15,39,-12.42,24,20.98,346.89,-0.1
9/3/26,Rolling 3 Months,6/1/26,8/31/26,1749,City,"Bordentown, NJ",Bordentown,NJ,13,-11.11,459696,43.65,15,-3,17,115.31,24,27.64,14,17.62,279.44,0.82
9/3/26,Rolling 3 Months,6/1/26,8/31/26,1769,City,"Bound Brook, NJ",Bound Brook,NJ,19,-2.56,559630,9.17,27,0,18,-39.21,33,-20.6,21,-11.78,322.26,-6.76
9/3/26,Rolling 3 Months,6/1/26,8/31/26,1817,City,"Bradley Beach, NJ",Bradley Beach,NJ,11,41.03,924388,-29.97,22,-11,12,-24.01,17,-25.31,10,-27.99,781.13,2.92
9/3/26,Rolling 3 Months,6/1/26,8/31/26,31705,City,"Bradley Gardens, NJ",Bradley Gardens,NJ,53,-1.23,695040,15.84,19,0,53,-7.56,73,-5.51,55,26.03,363.08,2.54
9/3/26,Rolling 3 Months,6/1/26,8/31/26,31707,City,"Brainards, NJ",Brainards,NJ,2,105.14,261777,-25.21,40,26,NA,NA,2,1.05,2,101.64,NA,NA
9/3/26,Rolling 3 Months,6/1/26,8/31/26,1907,City,"Branchville, NJ",Branchville,NJ,NA,NA,NA,NA,NA,NA,1,1.32,1,-49.48,NA,NA,272.62,16.61
9/3/26,Rolling 3 Months,6/1/26,8/31/26,21552,City,"Brass Castle, NJ",Brass Castle,NJ,2,-48.71,476185,-21.62,16,-3,4,-32.45,5,-49.48,2,-71.19,268.09,10.64
9/3/26,Rolling 3 Months,6/1/26,8/31/26,38231,City,"Bridgeport, NJ",Bridgeport,NJ,1,2.57,379749,117,44,31,2,1.32,5,152.62,1,-49.59,245.4,63.18
9/3/26,Rolling 3 Months,6/1/26,8/31/26,1973,City,"Bridgeton, NJ",Bridgeton,NJ,34,25.36,239841,21.75,50,22,45,31.13,98,71.96,47,63.4,151.04,4.31
9/3/26,Rolling 3 Months,6/1/26,8/31/26,37543,City,"Bridgewater Center, NJ",Bridgewater Center,NJ,14,-34.73,913396,25.12,14,0,19,-12.49,24,-10.18,15,-20.4,402.62,17.5
9/3/26,Rolling 3 Months,6/1/26,8/31/26,35941,City,"Bridgewater, NJ",Bridgewater,NJ,187,6.67,727019,6.84,20,1,182,3.63,270,4.57,182,21.66,365.63,3.64
9/3/26,Rolling 3 Months,6/1/26,8/31/26,2004,City,"Brielle, NJ",Brielle,NJ,19,29.92,1484018,48.4,16,-4,19,-19.78,29,-5.47,18,0.82,589.69,-0.29
9/3/26,Rolling 3 Months,6/1/26,8/31/26,2014,City,"Brigantine, NJ",Brigantine,NJ,91,6.15,659564,6.38,72,2,117,9.93,231,2.39,109,7.81,552.59,17.33
9/3/26,Rolling 3 Months,6/1/26,8/31/26,31757,City,"Broadway, NJ",Broadway,NJ,1,NA,419722,NA,213,NA,NA,NA,2,-32.63,1,0.82,NA,NA
9/3/26,Rolling 3 Months,6/1/26,8/31/26,31765,City,"Brookdale, NJ",Brookdale,NJ,40,21.22,780983,12.45,18,-36,35,18.21,53,7.24,33,27.96,414.6,0.97
9/3/26,Rolling 3 Months,6/1/26,8/31/26,31767,City,"Brookfield, NJ",Brookfield,NJ,10,28.21,402733,34.24,43,-16,10,1.32,16,1.05,9,-24.38,260.42,21.73
9/3/26,Rolling 3 Months,6/1/26,8/31/26,2124,City,"Brooklawn, NJ",Brooklawn,NJ,9,-7.69,219855,-9.13,32,18,8,1.32,14,28.61,7,17.62,185.2,-14.26
9/3/26,Rolling 3 Months,6/1/26,8/31/26,37775,City,"Brookside, NJ",Brookside,NJ,5,-63.37,1449041,6.55,6,-14,8,35.1,9,-17.32,6,-13.58,370.03,-13.8
9/3/26,Rolling 3 Months,6/1/26,8/31/26,21625,City,"Browns Mills, NJ",Browns Mills,NJ,45,4.96,329782,-0.67,37,0,59,6.85,103,15.81,52,13.97,255.72,7.12
9/3/26,Rolling 3 Months,6/1/26,8/31/26,21630,City,"Brownville, NJ",Brownville,NJ,11,-29.48,512661,11.45,62,17,12,-13.15,23,-10.61,11,-30.69,347.43,9.12
9/3/26,Rolling 3 Months,6/1/26,8/31/26,21637,City,"Budd Lake, NJ",Budd Lake,NJ,32,5.99,624587,5.06,17,1,42,1.32,60,8.4,35,0.82,313.15,7.85
9/3/26,Rolling 3 Months,6/1/26,8/31/26,2259,City,"Buena, NJ",Buena,NJ,14,10.46,304748,-5.71,35,-9,11,-38.08,21,-21.41,9,-17.51,193.03,-17.49
9/3/26,Rolling 3 Months,6/1/26,8/31/26,31140,City,"Burleigh, NJ",Burleigh,NJ,2,105.14,544640,60.19,127,97,2,1.32,5,26.31,2,NA,503.72,44.88
9/3/26,Rolling 3 Months,6/1/26,8/31/26,2313,City,"Burlington, NJ",Burlington,NJ,39,-18.8,324535,11.91,55,7,67,2.88,122,8.2,52,-1.08,173.36,-2.07
9/3/26,Rolling 3 Months,6/1/26,8/31/26,2341,City,"Butler, NJ",Butler,NJ,30,10.17,614593,18.19,22,-23,36,21.59,55,11.36,30,-5.48,310.38,-1.96
9/3/26,Rolling 3 Months,6/1/26,8/31/26,31822,City,"Buttzville, NJ",Buttzville,NJ,1,NA,479683,NA,88,NA,3,203.97,4,102.1,3,202.46,202.53,2.4
9/3/26,Rolling 3 Months,6/1/26,8/31/26,31825,City,"Byram Center, NJ",Byram Center,NJ,9,-7.69,509663,-1.51,21,2,8,-9.93,13,9.47,4,-59.67,284.23,-5.01
9/3/26,Rolling 3 Months,6/1/26,8/31/26,2392,City,"Caldwell, NJ",Caldwell,NJ,26,-5.03,724521,1.33,23,-26,18,-39.21,31,-31.9,19,-16.71,368.6,10.69
9/3/26,Rolling 3 Months,6/1/26,8/31/26,2400,City,"Califon, NJ",Califon,NJ,4,2.57,645573,37.21,32,21,8,305.3,10,102.1,5,152.05,309.88,13.57
9/3/26,Rolling 3 Months,6/1/26,8/31/26,2570,City,"Camden, NJ",Camden,NJ,96,-0.6,183129,7.09,41,-1,161,9.6,271,1.05,100,-19.51,151.46,12.51
9/3/26,Rolling 3 Months,6/1/26,8/31/26,21745,City,"Cape May Court House, NJ",Cape May Court House,NJ,15,-3.84,519656,-9.54,46,22,22,-14.26,39,-22.73,14,-21.58,352.9,16.1
9/3/26,Rolling 3 Months,6/1/26,8/31/26,2668,City,"Cape May Point, NJ",Cape May Point,NJ,7,43.6,2148578,-4.51,132,35,4,1.32,10,26.31,5,0.82,1030.93,6.47
9/3/26,Rolling 3 Months,6/1/26,8/31/26,2652,City,"Cape May, NJ",Cape May,NJ,25,2.57,1344110,43.91,42,21,17,-44.44,40,-20.75,19,-20.18,1021.93,12.17
9/3/26,Rolling 3 Months,6/1/26,8/31/26,36992,City,"Carlls Corner, NJ",Carlls Corner,NJ,NA,NA,NA,NA,NA,NA,5,153.31,5,-15.79,3,0.82,264.85,1.82
9/3/26,Rolling 3 Months,6/1/26,8/31/26,2701,City,"Carlstadt, NJ",Carlstadt,NJ,8,-8.83,733515,16.43,76,10,17,43.54,25,9.84,9,-35.19,435.56,12.89
9/3/26,Rolling 3 Months,6/1/26,8/31/26,21764,City,"Carneys Point, NJ",Carneys Point,NJ,25,-1.53,254831,3.17,36,5,28,-21.19,57,-5.69,29,-2.54,194.58,9.18
9/3/26,Rolling 3 Months,6/1/26,8/31/26,2768,City,"Carteret, NJ",Carteret,NJ,44,47.02,574620,4.48,72,3,67,55.52,124,53.44,60,72.84,376.07,8.74
9/3/26,Rolling 3 Months,6/1/26,8/31/26,21791,City,"Cedar Glen Lakes, NJ",Cedar Glen Lakes,NJ,12,23.08,102432,-31.69,49,-28,23,94.21,41,9.03,13,31.07,131.43,16.63
9/3/26,Rolling 3 Months,6/1/26,8/31/26,21792,City,"Cedar Glen West, NJ",Cedar Glen West,NJ,11,2.57,95437,-23.65,91,21,21,63.68,53,34.73,10,-43.99,94.28,3.91
9/3/26,Rolling 3 Months,6/1/26,8/31/26,37692,City,"Cedar Knolls, NJ",Cedar Knolls,NJ,11,182.07,649570,-38.14,22,-12,11,85.76,14,76.84,9,126.85,406.91,11.1
9/3/26,Rolling 3 Months,6/1/26,8/31/26,21810,City,"Cedarville, NJ",Cedarville,NJ,1,-65.81,134911,-58.36,437,399,2,-32.45,6,-24.21,1,-66.39,100.27,-31.68
9/3/26,Rolling 3 Months,6/1/26,8/31/26,37303,City,"Centre Grove, NJ",Centre Grove,NJ,6,-23.07,359462,-7.3,51,8,4,-49.34,13,-17.9,3,-69.75,189.46,-12.3
9/3/26,Rolling 3 Months,6/1/26,8/31/26,3129,City,"Chatham, NJ",Chatham,NJ,32,5.99,1549593,20.45,12,-1,22,23.84,31,-2.11,20,6.13,637.08,6
9/3/26,Rolling 3 Months,6/1/26,8/31/26,21871,City,"Cherry Hill Mall, NJ",Cherry Hill Mall,NJ,59,41.64,432214,0.51,30,8,65,24.71,106,27.83,52,11.55,224.38,-7.36
9/3/26,Rolling 3 Months,6/1/26,8/31/26,3267,City,"Chesilhurst, NJ",Chesilhurst,NJ,4,105.14,325784,-9.5,27,-75,9,30.27,12,10.24,4,-32.79,226.49,-4.74
9/3/26,Rolling 3 Months,6/1/26,8/31/26,3274,City,"Chester, NJ",Chester,NJ,7,79.5,869425,41.95,23,2,7,77.32,12,73.23,7,135.25,344.06,13.51
9/3/26,Rolling 3 Months,6/1/26,8/31/26,3482,City,"Clayton, NJ",Clayton,NJ,39,105.14,362260,11.46,35,15,39,13.24,64,27.32,37,16.57,220.74,3.85
9/3/26,Rolling 3 Months,6/1/26,8/31/26,21940,City,"Clearbrook Park, NJ",Clearbrook Park,NJ,31,-44.05,374252,-3.79,84,26,43,-19.71,99,-13.89,34,-41.9,300.79,1.15
9/3/26,Rolling 3 Months,6/1/26,8/31/26,37747,City,"Clearbrook, NJ",Clearbrook,NJ,31,-44.05,374252,-3.79,84,26,42,-21.62,98,-14.77,34,-41.9,300.79,1.15
9/3/26,Rolling 3 Months,6/1/26,8/31/26,3500,City,"Clementon, NJ",Clementon,NJ,30,65.25,284812,-6,32,-23,33,51.99,63,52.81,26,19.15,218.05,14.52
9/3/26,Rolling 3 Months,6/1/26,8/31/26,3533,City,"Cliffside Park, NJ",Cliffside Park,NJ,76,24.43,631082,-7.53,78,-4,94,7.08,207,9.03,82,25.64,441.74,1.43
9/3/26,Rolling 3 Months,6/1/26,8/31/26,21964,City,"Cliffwood Beach, NJ",Cliffwood Beach,NJ,17,93.74,411728,-1.03,53,38,15,38.17,28,102.1,16,168.85,421.94,-1.91
9/3/26,Rolling 3 Months,6/1/26,8/31/26,3564,City,"Clifton, NJ",Clifton,NJ,181,0.29,619590,3.26,35,-24,235,5.41,367,0.5,198,2.39,405.26,4.46
9/3/26,Rolling 3 Months,6/1/26,8/31/26,3570,City,"Clinton, NJ",Clinton,NJ,14,59.55,579616,-8,19,6,12,1.32,21,32.63,10,-15.98,325.21,-6.39
9/3/26,Rolling 3 Months,6/1/26,8/31/26,3589,City,"Closter, NJ",Closter,NJ,34,30.19,1399074,-6.73,74,0,30,-7.89,66,-0.48,33,7.33,547.39,9.29
9/3/26,Rolling 3 Months,6/1/26,8/31/26,22003,City,"Collings Lakes, NJ",Collings Lakes,NJ,2,-81.35,232346,-25.05,77,57,12,-6.47,15,-24.21,7,-35.84,229.31,-16.46
9/3/26,Rolling 3 Months,6/1/26,8/31/26,3715,City,"Collingswood, NJ",Collingswood,NJ,54,4.54,414726,-5.74,25,9,59,-5.21,90,8.35,50,2.88,284.66,5.91
9/3/26,Rolling 3 Months,6/1/26,8/31/26,36977,City,"Cologne, NJ",Cologne,NJ,1,2.57,469689,11.86,87,-25,4,35.1,6,21.26,1,-74.79,198.2,3.31
9/3/26,Rolling 3 Months,6/1/26,8/31/26,22015,City,"Colonia, NJ",Colonia,NJ,46,-7.69,627585,-1.86,60,6,49,-2.73,90,-7.28,38,-16.71,395.97,2.64
9/3/26,Rolling 3 Months,6/1/26,8/31/26,32112,City,"Columbia, NJ",Columbia,NJ,2,NA,449702,NA,31,NA,2,1.32,2,1.05,2,101.64,221.84,-12.78
9/3/26,Rolling 3 Months,6/1/26,8/31/26,22035,City,"Concordia, NJ",Concordia,NJ,35,45.31,365795,-2.32,68,-18,49,35.1,83,25.55,43,49.49,285.38,7.75
9/3/26,Rolling 3 Months,6/1/26,8/31/26,37834,City,"Connecticut Farms, NJ",Connecticut Farms,NJ,2,2.57,695540,23.65,306,282,4,1.32,4,-19.16,2,-49.59,274.63,-11.98
9/3/26,Rolling 3 Months,6/1/26,8/31/26,37341,City,"Cookstown, NJ",Cookstown,NJ,1,-79.49,414726,-12.69,65,45,3,51.99,5,1.05,5,26.03,326.9,12.54
9/3/26,Rolling 3 Months,6/1/26,8/31/26,3920,City,"Corbin City, NJ",Corbin City,NJ,2,NA,286560,NA,213,NA,1,-66.23,4,1.05,3,51.23,157.36,-8.11
9/3/26,Rolling 3 Months,6/1/26,8/31/26,22068,City,"Country Lake Estates, NJ",Country Lake Estates,NJ,17,-8.23,364759,1.32,40,0,21,-18.16,34,-7.14,19,-12.93,220.73,6.08
9/3/26,Rolling 3 Months,6/1/26,8/31/26,22091,City,"Cranbury, NJ",Cranbury,NJ,11,88.05,869829,-28.91,55,18,6,-39.21,13,-22.73,8,15.22,378.62,-3.21
9/3/26,Rolling 3 Months,6/1/26,8/31/26,22095,City,"Crandon Lakes, NJ",Crandon Lakes,NJ,4,2.57,444706,-11.06,67,26,3,-66.23,9,-9.06,6,20.98,358.49,-9.92
9/3/26,Rolling 3 Months,6/1/26,8/31/26,37655,City,"Cranford, NJ",Cranford,NJ,2,NA,889411,NA,7,NA,2,-59.47,4,-32.63,2,0.82,177.24,-55.34
9/3/26,Rolling 3 Months,6/1/26,8/31/26,37831,City,"Cream Ridge, NJ",Cream Ridge,NJ,NA,NA,NA,NA,NA,NA,2,-32.45,2,-66.32,NA,NA,267.59,-8.02
9/3/26,Rolling 3 Months,6/1/26,8/31/26,4098,City,"Cresskill, NJ",Cresskill,NJ,35,8.98,1441546,48.61,84,13,28,-47.46,74,-13.22,32,4.07,530.36,8.98
9/3/26,Rolling 3 Months,6/1/26,8/31/26,22109,City,"Crestwood Village, NJ",Crestwood Village,NJ,79,-27.54,139907,-3.51,39,-10,131,2.12,247,3.16,100,-22.63,161.84,2.06
9/3/26,Rolling 3 Months,6/1/26,8/31/26,37161,City,"Crosswicks, NJ",Crosswicks,NJ,2,-31.62,474686,-42.11,84,1,2,1.32,3,-49.48,2,-59.67,312.2,3.06
9/3/26,Rolling 3 Months,6/1/26,8/31/26,37234,City,"Cumberland-Hesstown, NJ",Cumberland-Hesstown,NJ,1,2.57,294805,1.66,54,36,3,203.97,3,51.57,2,0.82,196.05,-23.9
9/3/26,Rolling 3 Months,6/1/26,8/31/26,22158,City,"Dayton, NJ",Dayton,NJ,19,-7.2,549636,-12.48,73,22,18,-27.05,35,-4.41,15,-31.26,357.99,-0.07
9/3/26,Rolling 3 Months,6/1/26,8/31/26,4348,City,"Deal, NJ",Deal,NJ,NA,NA,NA,NA,NA,NA,3,-24.01,8,1.05,NA,NA,1685.48,-56.67
9/3/26,Rolling 3 Months,6/1/26,8/31/26,37819,City,"Deans, NJ",Deans,NJ,3,-23.07,819458,5.06,58,-38,3,NA,7,17.89,4,34.43,400.17,NA
9/3/26,Rolling 3 Months,6/1/26,8/31/26,32232,City,"Delaware Park, NJ",Delaware Park,NJ,5,156.43,449702,42.65,25,-10,5,26.66,7,41.47,4,0.82,273.52,-5
9/3/26,Rolling 3 Months,6/1/26,8/31/26,32226,City,"Delaware, NJ",Delaware,NJ,NA,NA,NA,NA,NA,NA,NA,NA,1,-66.32,NA,NA,NA,NA
9/3/26,Rolling 3 Months,6/1/26,8/31/26,37370,City,"Delmont, NJ",Delmont,NJ,NA,NA,NA,NA,NA,NA,NA,NA,1,1.05,1,0.82,NA,NA
9/3/26,Rolling 3 Months,6/1/26,8/31/26,4548,City,"Demarest, NJ",Demarest,NJ,29,14.88,1990683,18.49,80,9,22,-23.13,53,-23.85,24,-3.21,654.54,-2.92
9/3/26,Rolling 3 Months,6/1/26,8/31/26,37035,City,"Dennisville, NJ",Dennisville,NJ,2,-31.62,159395,-8.92,42,38,NA,NA,4,-49.48,2,-59.67,NA,NA
9/3/26,Rolling 3 Months,6/1/26,8/31/26,22215,City,"Diamond Beach, NJ",Diamond Beach,NJ,8,-31.62,798971,-1.36,29,-33,8,-37.65,15,-41.7,9,-52.24,714.49,3.42
9/3/26,Rolling 3 Months,6/1/26,8/31/26,36953,City,"Dividing Creek, NJ",Dividing Creek,NJ,5,NA,199768,NA,55,NA,6,203.97,9,81.89,6,NA,164.67,394.02
9/3/26,Rolling 3 Months,6/1/26,8/31/26,37045,City,"Dorchester, NJ",Dorchester,NJ,1,2.57,229848,99.87,27,-41,1,NA,4,102.1,1,0.82,144.62,NA
9/3/26,Rolling 3 Months,6/1/26,8/31/26,37258,City,"Dorothy, NJ",Dorothy,NJ,2,NA,326784,NA,37,NA,6,507.95,6,203.15,1,NA,182.52,-50.88
9/3/26,Rolling 3 Months,6/1/26,8/31/26,22238,City,"Dover Beaches North, NJ",Dover Beaches North,NJ,28,84.63,1225689,29.16,46,16,27,18.95,42,8.82,25,20.02,1253.1,22.85
9/3/26,Rolling 3 Months,6/1/26,8/31/26,22240,City,"Dover Beaches South, NJ",Dover Beaches South,NJ,22,7.7,1119259,43.77,21,-12,17,-25.11,37,-1.61,18,13.42,790.23,-3.35
9/3/26,Rolling 3 Months,6/1/26,8/31/26,4682,City,"Dover, NJ",Dover,NJ,16,-3.46,535895,4.16,22,-3,27,-21.84,47,5.54,24,20.98,322.95,-2.37
9/3/26,Rolling 3 Months,6/1/26,8/31/26,4760,City,"Dumont, NJ",Dumont,NJ,36,-26.74,698538,4.26,64,-12,41,-1.15,77,-6.34,42,-7.95,418.42,8.58
9/3/26,Rolling 3 Months,6/1/26,8/31/26,4785,City,"Dunellen, NJ",Dunellen,NJ,22,43.6,564626,6.53,25,-31,19,-28.7,43,11.41,20,-25.32,332.55,8.7
9/3/26,Rolling 3 Months,6/1/26,8/31/26,36935,City,"Dutch Neck, NJ",Dutch Neck,NJ,1,2.57,149901,16.2,2,-12,NA,NA,NA,NA,NA,NA,NA,NA
9/3/26,Rolling 3 Months,6/1/26,8/31/26,32320,City,"East Franklin, NJ",East Franklin,NJ,9,-23.07,529649,1.86,24,-16,11,-44.27,21,-26.83,9,-43.29,310.58,6.63
9/3/26,Rolling 3 Months,6/1/26,8/31/26,22309,City,"East Freehold, NJ",East Freehold,NJ,23,18.77,824454,-8.29,19,-2,20,-7.89,26,-15.25,19,36.83,371.38,1.24
9/3/26,Rolling 3 Months,6/1/26,8/31/26,32334,City,"East Millstone, NJ",East Millstone,NJ,1,2.57,516158,24.38,15,5,2,-59.47,4,-42.26,2,-49.59,293.24,5.15
9/3/26,Rolling 3 Months,6/1/26,8/31/26,4996,City,"East Newark, NJ",East Newark,NJ,4,310.28,699537,-9.15,81,-86,3,51.99,7,76.84,5,68.03,374.64,35.65
9/3/26,Rolling 3 Months,6/1/26,8/31/26,5001,City,"East Orange, NJ",East Orange,NJ,86,10.46,582115,5.84,80,14,116,-16.9,264,7.21,89,-15.5,245.97,-5.29
9/3/26,Rolling 3 Months,6/1/26,8/31/26,32338,City,"East Rocky Hill, NJ",East Rocky Hill,NJ,2,-31.62,326034,-59.25,7,-13,4,102.65,5,68.42,2,101.64,295.95,-30.26
9/3/26,Rolling 3 Months,6/1/26,8/31/26,5036,City,"East Rutherford, NJ",East Rutherford,NJ,14,59.55,712029,20.68,53,2,14,77.32,27,51.57,12,34.43,448.36,19.92
9/3/26,Rolling 3 Months,6/1/26,8/31/26,37238,City,"East Vineland, NJ",East Vineland,NJ,3,53.86,459696,54.26,85,39,3,51.99,7,76.84,1,0.82,255.19,23.06
9/3/26,Rolling 3 Months,6/1/26,8/31/26,5113,City,"Eatontown, NJ",Eatontown,NJ,26,-8.42,649570,15.09,22,-3,46,13.99,78,14.42,33,10.9,417.92,7.89
9/3/26,Rolling 3 Months,6/1/26,8/31/26,22363,City,"Echelon, NJ",Echelon,NJ,37,36.76,309795,19.15,20,-1,52,32.5,72,30.45,39,3.47,220.71,-0.6
9/3/26,Rolling 3 Months,6/1/26,8/31/26,5164,City,"Edgewater, NJ",Edgewater,NJ,52,-3.13,779484,23.75,99,19,83,3.86,199,8.19,58,-2.54,548.69,-0.08
9/3/26,Rolling 3 Months,6/1/26,8/31/26,35780,City,"Edison, NJ",Edison,NJ,246,23.08,659564,4.2,78,11,277,10.65,582,26.81,261,24.94,397.5,3.99
9/3/26,Rolling 3 Months,6/1/26,8/31/26,5265,City,"Egg Harbor City, NJ",Egg Harbor City,NJ,16,9.41,309795,12.65,58,-2,15,38.17,47,115.88,23,110.81,193.64,4.27
9/3/26,Rolling 3 Months,6/1/26,8/31/26,5417,City,"Elizabeth, NJ",Elizabeth,NJ,119,18.98,654567,5.41,42,8,182,21.59,334,19.03,132,12.88,295.75,-3.04
9/3/26,Rolling 3 Months,6/1/26,8/31/26,31169,City,"Ellisburg, NJ",Ellisburg,NJ,10,-31.62,409729,-1.27,30,16,18,-4.01,24,5.44,10,-36.99,251.67,1.87
9/3/26,Rolling 3 Months,6/1/26,8/31/26,5477,City,"Elmer, NJ",Elmer,NJ,3,2.57,239841,-21.36,47,34,8,62.12,15,116.53,3,0.82,195.22,-15.37
9/3/26,Rolling 3 Months,6/1/26,8/31/26,5497,City,"Elmwood Park, NJ",Elmwood Park,NJ,34,20.89,579616,0.8,86,23,40,36.26,80,15.69,37,13.04,388.34,1.26
9/3/26,Rolling 3 Months,6/1/26,8/31/26,31170,City,"Elwood, NJ",Elwood,NJ,3,207.71,349769,29.54,91,52,6,102.65,9,81.89,5,68.03,256.64,151.01
9/3/26,Rolling 3 Months,6/1/26,8/31/26,5543,City,"Emerson, NJ",Emerson,NJ,25,36.76,907399,20.99,62,-17,26,64.65,41,21.85,29,71.99,421.95,11.7
9/3/26,Rolling 3 Months,6/1/26,8/31/26,37594,City,"Encore at Monroe, NJ",Encore at Monroe,NJ,7,79.5,689544,19.92,85,34,3,-39.21,11,23.5,4,101.64,262,-13.63
9/3/26,Rolling 3 Months,6/1/26,8/31/26,5552,City,"Englewood Cliffs, NJ",Englewood Cliffs,NJ,24,-9.26,2258505,24.78,88,-14,23,37.09,52,5.17,26,87.24,631.46,13.73
9/3/26,Rolling 3 Months,6/1/26,8/31/26,5544,City,"Englewood, NJ",Englewood,NJ,68,-5.98,652068,13.4,80,1,80,-7.99,190,7.94,71,-8.34,408.14,1.21
9/3/26,Rolling 3 Months,6/1/26,8/31/26,37252,City,"English Creek, NJ",English Creek,NJ,6,23.08,417224,-5.18,76,-9,6,-13.15,12,1.05,6,-13.58,243.21,8.27
9/3/26,Rolling 3 Months,6/1/26,8/31/26,5564,City,"Englishtown, NJ",Englishtown,NJ,6,-48.71,444706,-20.27,24,-18,10,-15.56,13,-37.45,7,-45.71,347.75,22.64
9/3/26,Rolling 3 Months,6/1/26,8/31/26,22474,City,"Erma, NJ",Erma,NJ,6,-12.08,467141,7.88,54,11,6,51.99,10,26.31,4,-42.39,284.41,-11.05
9/3/26,Rolling 3 Months,6/1/26,8/31/26,5632,City,"Essex Fells, NJ",Essex Fells,NJ,3,-76.33,3397751,88.76,157,90,5,-36.67,8,-49.48,5,-49.59,499.18,4.12
9/3/26,Rolling 3 Months,6/1/26,8/31/26,5639,City,"Estell Manor, NJ",Estell Manor,NJ,7,139.33,414726,12.39,85,15,1,-85.53,8,-19.16,2,-32.79,64.31,-75.4
9/3/26,Rolling 3 Months,6/1/26,8/31/26,22514,City,"Ewing, NJ",Ewing,NJ,102,-5.1,402234,5.85,42,-8,114,-3.78,207,2.04,109,-8.5,242.48,-0.13
9/3/26,Rolling 3 Months,6/1/26,8/31/26,5775,City,"Fair Haven, NJ",Fair Haven,NJ,22,-25.73,1603939,39.47,12,-4,26,19.75,33,14.99,26,19.15,773.88,23.92
9/3/26,Rolling 3 Months,6/1/26,8/31/26,5779,City,"Fair Lawn, NJ",Fair Lawn,NJ,86,18.03,756999,5.14,57,-8,92,15.26,167,16.6,90,21.26,422.85,-1.22
9/3/26,Rolling 3 Months,6/1/26,8/31/26,22546,City,"Fairton, NJ",Fairton,NJ,3,2.57,139907,-50.89,122,-123,4,1.32,9,29.92,2,-32.79,142.77,69.01
9/3/26,Rolling 3 Months,6/1/26,8/31/26,5804,City,"Fairview, NJ",Fairview,NJ,16,26.24,672055,7.53,90,1,26,14.54,49,18.3,10,-27.99,422.84,15.3
9/3/26,Rolling 3 Months,6/1/26,8/31/26,22563,City,"Fairview, NJ",Fairview,NJ,13,11.12,799471,1.39,15,1,13,-12.19,17,-25.31,17,22.42,419.5,-4.14
9/3/26,Rolling 3 Months,6/1/26,8/31/26,5889,City,"Fanwood, NJ",Fanwood,NJ,32,9.64,801969,2.95,21,6,19,-3.74,24,-26.51,18,-24.38,485.34,19.22
9/3/26,Rolling 3 Months,6/1/26,8/31/26,5899,City,"Far Hills, NJ",Far Hills,NJ,1,-79.49,1088280,8.94,7,-52,9,203.97,12,34.73,4,-32.79,389.83,0.03
9/3/26,Rolling 3 Months,6/1/26,8/31/26,5909,City,"Farmingdale, NJ",Farmingdale,NJ,5,412.85,629583,-32.28,17,-18,4,102.65,7,135.78,6,504.92,284.83,28.51
9/3/26,Rolling 3 Months,6/1/26,8/31/26,6000,City,"Fieldsboro, NJ",Fieldsboro,NJ,1,2.57,649570,86.43,55,49,5,153.31,6,203.15,4,303.28,267.28,74.27
9/3/26,Rolling 3 Months,6/1/26,8/31/26,32535,City,"Finderne, NJ",Finderne,NJ,15,28.21,519656,17.17,17,-15,15,8.56,23,-3.16,18,13.42,339.28,4.17
9/3/26,Rolling 3 Months,6/1/26,8/31/26,32536,City,"Finesville, NJ",Finesville,NJ,3,207.71,384745,-24.56,46,-43,1,NA,2,102.1,1,0.82,207.29,NA
9/3/26,Rolling 3 Months,6/1/26,8/31/26,37709,City,"Flagtown, NJ",Flagtown,NJ,2,-65.81,929385,2.98,34,14,1,-83.11,2,-74.74,2,-71.19,340.24,-0.18
9/3/26,Rolling 3 Months,6/1/26,8/31/26,37813,City,"Flanders, NJ",Flanders,NJ,24,-18.65,769491,16.59,16,-6,25,1.32,33,-7.37,20,-25.32,309.88,7.66
9/3/26,Rolling 3 Months,6/1/26,8/31/26,6109,City,"Flemington, NJ",Flemington,NJ,24,47.44,499669,-3.45,22,-1,23,133.05,35,76.84,21,76.44,302.9,-5.55
9/3/26,Rolling 3 Months,6/1/26,8/31/26,31178,City,"Florence, NJ",Florence,NJ,16,-21.85,319788,-4.4,44,9,20,-27.63,47,-3.08,18,-9.26,207.32,-4.28
9/3/26,Rolling 3 Months,6/1/26,8/31/26,6151,City,"Florham Park, NJ",Florham Park,NJ,42,5.13,1149239,-2.2,19,4,35,22.29,51,1.05,32,-12.8,520,6.28
9/3/26,Rolling 3 Months,6/1/26,8/31/26,6154,City,"Folsom, NJ",Folsom,NJ,4,2.57,372254,27.79,43,36,10,102.65,14,102.1,6,20.98,267.99,2.19
9/3/26,Rolling 3 Months,6/1/26,8/31/26,22644,City,"Fords, NJ",Fords,NJ,42,55.75,549636,5.19,61,-8,58,28.34,93,40.86,42,36.6,419.13,5.14
9/3/26,Rolling 3 Months,6/1/26,8/31/26,22650,City,"Forked River, NJ",Forked River,NJ,31,6.11,497171,9.27,25,-7,31,-25.21,62,-10.67,36,-15.59,362.93,4.97
9/3/26,Rolling 3 Months,6/1/26,8/31/26,37618,City,"Forsgate, NJ",Forsgate,NJ,6,2.57,787979,-4.31,46,-16,5,-66.23,11,-47.07,8,34.43,326.51,-8.28
9/3/26,Rolling 3 Months,6/1/26,8/31/26,6283,City,"Fort Lee, NJ",Fort Lee,NJ,147,-2.22,439709,-16.48,89,-2,197,-0.72,457,10.86,171,16.6,493.28,8.04
9/3/26,Rolling 3 Months,6/1/26,8/31/26,37063,City,"Fortescue, NJ",Fortescue,NJ,4,105.14,158395,0.57,69,-246,5,406.62,10,68.42,3,51.23,218.48,NA
9/3/26,Rolling 3 Months,6/1/26,8/31/26,32629,City,"Franklin Center, NJ",Franklin Center,NJ,28,-10.66,504666,-25.23,42,15,24,-18.94,46,-17,24,-21.95,275.01,-1.98
9/3/26,Rolling 3 Months,6/1/26,8/31/26,6433,City,"Franklin Lakes, NJ",Franklin Lakes,NJ,38,18.6,1898743,3.33,77,-16,32,-9.93,77,-9.65,29,-16.46,482.73,24.41
9/3/26,Rolling 3 Months,6/1/26,8/31/26,32634,City,"Franklin Park, NJ",Franklin Park,NJ,39,5.34,424719,-6.66,23,2,42,-1.09,72,8.7,39,-1.7,312.96,0.78
9/3/26,Rolling 3 Months,6/1/26,8/31/26,6420,City,"Franklin, NJ",Franklin,NJ,16,-31.62,294805,-30.63,47,25,15,-33.92,34,-1.84,19,6.42,257.17,-0.96
9/3/26,Rolling 3 Months,6/1/26,8/31/26,37287,City,"Franklinville, NJ",Franklinville,NJ,5,2.57,357264,29.91,62,-12,7,136.42,20,236.83,7,41.15,232.93,31.52
9/3/26,Rolling 3 Months,6/1/26,8/31/26,6496,City,"Freehold, NJ",Freehold,NJ,36,-12.44,499669,-0.07,17,-2,39,-10.46,65,1.05,29,-26.91,349.15,8.64
9/3/26,Rolling 3 Months,6/1/26,8/31/26,6526,City,"Frenchtown, NJ",Frenchtown,NJ,2,2.57,443457,-22.54,135,118,2,-66.23,7,1.05,4,101.64,281.25,4.53
9/3/26,Rolling 3 Months,6/1/26,8/31/26,37157,City,"Gandys Beach, NJ",Gandys Beach,NJ,NA,NA,NA,NA,NA,NA,3,NA,7,253.67,NA,NA,347.18,NA
9/3/26,Rolling 3 Months,6/1/26,8/31/26,6627,City,"Garfield, NJ",Garfield,NJ,42,-12.39,659564,4.44,69,-13,57,11.26,108,-1.71,52,2.8,355.77,-1.83
9/3/26,Rolling 3 Months,6/1/26,8/31/26,6634,City,"Garwood, NJ",Garwood,NJ,19,49.91,714527,-8.39,21,-4,24,170.2,27,43.6,16,24.09,398.9,-5.29
9/3/26,Rolling 3 Months,6/1/26,8/31/26,6684,City,"Gibbsboro, NJ",Gibbsboro,NJ,26,327.38,434702,-0.07,59,44,22,218.45,43,334.51,23,363.77,229.95,-1.43
9/3/26,Rolling 3 Months,6/1/26,8/31/26,22792,City,"Gibbstown, NJ",Gibbstown,NJ,13,-4.76,364759,-4.79,27,11,19,37.51,29,39.54,19,47.35,208.57,9.65
9/3/26,Rolling 3 Months,6/1/26,8/31/26,37659,City,"Gillette, NJ",Gillette,NJ,7,-52.13,724521,-4.67,13,-1,11,-44.27,17,-33.93,9,-39.51,368.31,-0.29
9/3/26,Rolling 3 Months,6/1/26,8/31/26,6749,City,"Glassboro, NJ",Glassboro,NJ,49,-7.11,394739,7.27,23,2,52,-9.34,91,-2.21,44,-9.47,210.83,4.92
9/3/26,Rolling 3 Months,6/1/26,8/31/26,6798,City,"Glen Gardner, NJ",Glen Gardner,NJ,6,-12.08,294755,22.81,36,-33,14,57.62,19,-16.52,7,-41.19,238.99,-8.68
9/3/26,Rolling 3 Months,6/1/26,8/31/26,6809,City,"Glen Ridge, NJ",Glen Ridge,NJ,33,-33.02,1416563,20.56,15,-41,17,-25.11,30,-45.87,25,-13.09,513.96,13.01
9/3/26,Rolling 3 Months,6/1/26,8/31/26,6818,City,"Glen Rock, NJ",Glen Rock,NJ,38,-15.66,1307135,12.39,51,-9,41,12.58,69,-8.38,33,-14.69,534.62,6.27
9/3/26,Rolling 3 Months,6/1/26,8/31/26,22825,City,"Glendora, NJ",Glendora,NJ,17,16.25,354765,1.36,42,5,11,-34.44,23,5.64,11,-7.58,220.65,13.71
9/3/26,Rolling 3 Months,6/1/26,8/31/26,6854,City,"Gloucester City, NJ",Gloucester City,NJ,47,12.34,246337,-8.76,27,-6,46,-18.58,82,-5.92,31,-28.97,184.07,5.9
9/3/26,Rolling 3 Months,6/1/26,8/31/26,22855,City,"Golden Triangle, NJ",Golden Triangle,NJ,15,-30.07,449702,10.36,44,20,24,10.54,37,3.86,16,-23.18,250.03,-5.77
9/3/26,Rolling 3 Months,6/1/26,8/31/26,37318,City,"Gouldtown, NJ",Gouldtown,NJ,4,105.14,177283,-46.28,66,-10,1,-79.74,9,-9.06,3,51.23,389.92,63.77
9/3/26,Rolling 3 Months,6/1/26,8/31/26,31188,City,"Great Meadows, NJ",Great Meadows,NJ,3,53.86,349769,-9.74,68,47,4,102.65,5,68.42,4,303.28,285.15,3.62
9/3/26,Rolling 3 Months,6/1/26,8/31/26,37568,City,"Great Notch, NJ",Great Notch,NJ,9,2.57,905691,53.51,36,-4,11,1.32,17,7.36,13,63.83,362.27,-8.7
9/3/26,Rolling 3 Months,6/1/26,8/31/26,32764,City,"Green Knoll, NJ",Green Knoll,NJ,25,44.8,800970,-2.91,23,-6,20,19.21,33,23.5,24,51.23,355.86,4.95
9/3/26,Rolling 3 Months,6/1/26,8/31/26,37809,City,"Green Village, NJ",Green Village,NJ,1,-48.71,1903740,-11.45,17,1,NA,NA,2,102.1,NA,NA,NA,NA
9/3/26,Rolling 3 Months,6/1/26,8/31/26,22933,City,"Greentree, NJ",Greentree,NJ,40,11.12,639577,11.72,27,-1,36,-17.1,53,-7.81,34,-2.06,253.56,7.79
9/3/26,Rolling 3 Months,6/1/26,8/31/26,32785,City,"Greenwich, NJ",Greenwich,NJ,16,36.76,681999,4.69,28,10,13,31.72,18,29.92,17,71.39,255.13,16.55
9/3/26,Rolling 3 Months,6/1/26,8/31/26,37024,City,"Greenwich, NJ",Greenwich,NJ,NA,NA,NA,NA,NA,NA,2,NA,2,102.1,NA,NA,155.31,NA
9/3/26,Rolling 3 Months,6/1/26,8/31/26,37366,City,"Grenloch, NJ",Grenloch,NJ,1,-48.71,349769,-6.98,65,-34,2,-49.34,4,-32.63,2,-32.79,273.42,19.82
9/3/26,Rolling 3 Months,6/1/26,8/31/26,32794,City,"Griggstown, NJ",Griggstown,NJ,5,70.95,619590,-4.68,16,-78,4,102.65,7,76.84,6,101.64,403.52,-5.6
9/3/26,Rolling 3 Months,6/1/26,8/31/26,31193,City,"Groveville, NJ",Groveville,NJ,7,19.67,419722,-22.35,19,-7,7,41.85,10,1.05,5,-15.98,327.41,-2.55
9/3/26,Rolling 3 Months,6/1/26,8/31/26,7302,City,"Guttenberg, NJ",Guttenberg,NJ,34,5.78,424719,11.4,75,-17,53,31.72,108,-2.59,33,0.82,384.73,11.27
9/3/26,Rolling 3 Months,6/1/26,8/31/26,7312,City,"Hackensack, NJ",Hackensack,NJ,78,1.24,419722,16.59,72,6,123,11.46,239,17.97,108,14.76,376.23,2.74
9/3/26,Rolling 3 Months,6/1/26,8/31/26,7319,City,"Hackettstown, NJ",Hackettstown,NJ,21,-24.02,519656,8.26,20,0,21,-29.07,29,-31.85,19,-31.59,272.55,-4.53
9/3/26,Rolling 3 Months,6/1/26,8/31/26,7341,City,"Haddon Heights, NJ",Haddon Heights,NJ,24,-9.26,529649,12.51,20,1,23,-2.9,37,3.86,26,4.85,292.89,-1.3
9/3/26,Rolling 3 Months,6/1/26,8/31/26,7331,City,"Haddonfield, NJ",Haddonfield,NJ,50,-8.62,948372,-0.17,29,10,34,-38.48,67,-9.88,35,-23.29,421.88,8.07
9/3/26,Rolling 3 Months,6/1/26,8/31/26,32814,City,"Hainesburg, NJ",Hainesburg,NJ,NA,NA,NA,NA,NA,NA,2,-32.45,3,-39.37,1,-49.59,259.56,18.44
9/3/26,Rolling 3 Months,6/1/26,8/31/26,7405,City,"Haledon, NJ",Haledon,NJ,14,-10.25,684547,12.68,28,-37,14,-16.56,31,-15.34,20,18.61,273.48,-11.15
9/3/26,Rolling 3 Months,6/1/26,8/31/26,7453,City,"Hamburg, NJ",Hamburg,NJ,24,-12.63,354765,-1.45,26,2,31,12.18,40,-8.14,21,0.82,239.48,2.58
9/3/26,Rolling 3 Months,6/1/26,8/31/26,31196,City,"Hamilton Square, NJ",Hamilton Square,NJ,41,-10.81,527151,0.79,33,5,39,-1.27,63,-2.11,39,-4.1,303.41,0.74
9/3/26,Rolling 3 Months,6/1/26,8/31/26,7499,City,"Hammonton, NJ",Hammonton,NJ,37,36.76,409219,0.05,54,17,40,19.75,76,35.33,34,-2.06,222.01,4.71
9/3/26,Rolling 3 Months,6/1/26,8/31/26,7508,City,"Hampton, NJ",Hampton,NJ,7,139.33,414726,18.49,18,-14,12,51.99,13,45.96,9,81.48,221.81,5.79
9/3/26,Rolling 3 Months,6/1/26,8/31/26,32848,City,"Hancocks Bridge, NJ",Hancocks Bridge,NJ,NA,NA,NA,NA,NA,NA,NA,NA,1,1.05,NA,NA,NA,NA
9/3/26,Rolling 3 Months,6/1/26,8/31/26,32870,City,"Harlingen, NJ",Harlingen,NJ,2,-31.62,1388081,2.82,17,-39,1,-49.34,3,1.05,1,-66.39,378.6,12.91
9/3/26,Rolling 3 Months,6/1/26,8/31/26,32876,City,"Harmony, NJ",Harmony,NJ,3,2.57,529649,27.63,15,-18,4,305.3,4,102.1,3,NA,239.68,-22.19
9/3/26,Rolling 3 Months,6/1/26,8/31/26,7687,City,"Harrington Park, NJ",Harrington Park,NJ,15,-9.5,1062297,9.74,69,-14,12,21.59,26,1.05,19,91.56,432.08,-3.12
9/3/26,Rolling 3 Months,6/1/26,8/31/26,7704,City,"Harrison, NJ",Harrison,NJ,16,-13.63,609597,-29.12,73,2,17,-13.87,37,-10.98,16,-10.38,355.69,8.35
9/3/26,Rolling 3 Months,6/1/26,8/31/26,37107,City,"Harrisonville, NJ",Harrisonville,NJ,1,NA,649470,NA,10,NA,1,NA,1,1.05,1,-49.59,211.67,NA
9/3/26,Rolling 3 Months,6/1/26,8/31/26,7751,City,"Harvey Cedars, NJ",Harvey Cedars,NJ,6,-12.08,2088618,-16.62,135,26,9,13.99,19,6.66,6,-32.79,1270.95,-5.17
9/3/26,Rolling 3 Months,6/1/26,8/31/26,7763,City,"Hasbrouck Heights, NJ",Hasbrouck Heights,NJ,19,39.2,784481,11.99,60,-1,27,1.32,49,10.24,31,48.83,393.39,-0.13
9/3/26,Rolling 3 Months,6/1/26,8/31/26,7800,City,"Haworth, NJ",Haworth,NJ,7,2.57,1608935,53.23,82,-15,6,-44.73,16,-23.01,4,-59.67,662.94,8.5
9/3/26,Rolling 3 Months,6/1/26,8/31/26,7806,City,"Hawthorne, NJ",Hawthorne,NJ,48,4.8,660563,2.81,32,-24,47,-21,83,-5.84,47,-1.28,370.2,4.45
9/3/26,Rolling 3 Months,6/1/26,8/31/26,23114,City,"Heathcote, NJ",Heathcote,NJ,26,6.84,734514,36.02,73,36,30,-13.15,55,6.99,31,7.77,318.09,-0.76
9/3/26,Rolling 3 Months,6/1/26,8/31/26,37177,City,"Heislerville, NJ",Heislerville,NJ,NA,NA,NA,NA,NA,NA,NA,NA,1,1.05,NA,NA,NA,NA
9/3/26,Rolling 3 Months,6/1/26,8/31/26,7886,City,"Helmetta, NJ",Helmetta,NJ,16,9.41,368256,-5.58,59,18,16,-22.8,30,-5.27,16,0.82,302.24,-1.9
9/3/26,Rolling 3 Months,6/1/26,8/31/26,37779,City,"Hewitt, NJ",Hewitt,NJ,9,207.71,459696,-18.92,42,-1,16,35.1,23,1.05,9,-9.26,299.08,4.19
9/3/26,Rolling 3 Months,6/1/26,8/31/26,37679,City,"Hibernia, NJ",Hibernia,NJ,1,NA,353616,NA,336,NA,NA,NA,NA,NA,NA,NA,NA,NA
9/3/26,Rolling 3 Months,6/1/26,8/31/26,8009,City,"High Bridge, NJ",High Bridge,NJ,25,75.83,384745,-21.28,20,1,19,48.09,31,49.17,16,15.22,287.06,4.47
9/3/26,Rolling 3 Months,6/1/26,8/31/26,23160,City,"Highland Lake, NJ",Highland Lake,NJ,34,78.15,429716,34.29,18,-5,34,-4.3,62,14.15,34,10.58,346.28,25.29
9/3/26,Rolling 3 Months,6/1/26,8/31/26,35875,City,"Highland Lakes, NJ",Highland Lakes,NJ,34,78.15,429716,34.29,18,-5,34,-9.34,62,10.07,35,6.93,346.28,23.03
9/3/26,Rolling 3 Months,6/1/26,8/31/26,8051,City,"Highland Park, NJ",Highland Park,NJ,39,34.4,624587,6.22,65,-7,34,49.78,65,11.5,35,26.03,336.03,-3.09
9/3/26,Rolling 3 Months,6/1/26,8/31/26,8059,City,"Highlands, NJ",Highlands,NJ,29,14.88,538144,-22.57,23,-7,26,5.38,43,-13.1,24,-6.93,438.02,2.31
9/3/26,Rolling 3 Months,6/1/26,8/31/26,8084,City,"Hightstown, NJ",Hightstown,NJ,6,-61.54,614094,48.87,32,1,26,14.54,41,6.23,14,-35.84,272.44,-7.05
9/3/26,Rolling 3 Months,6/1/26,8/31/26,8229,City,"Highway-Nella, NJ",Highway-Nella,NJ,3,207.71,349769,24.92,116,105,2,1.32,4,34.73,2,101.64,244.61,18.17
9/3/26,Rolling 3 Months,6/1/26,8/31/26,37767,City,"Hillsborough, NJ",Hillsborough,NJ,94,0.39,466191,0.04,21,2,93,-6.78,150,13.3,85,-12.69,312.91,-3.48
9/3/26,Rolling 3 Months,6/1/26,8/31/26,8153,City,"Hillsdale, NJ",Hillsdale,NJ,25,-12.08,876920,-4.42,73,2,20,-32.45,42,-19.92,17,-34.08,444.34,19.73
9/3/26,Rolling 3 Months,6/1/26,8/31/26,8255,City,"Ho-Ho-Kus, NJ",Ho-Ho-Kus,NJ,27,-4.76,1584451,14.4,75,6,18,21.59,39,3.71,16,-23.18,539.83,0.95
9/3/26,Rolling 3 Months,6/1/26,8/31/26,8238,City,"Hoboken, NJ",Hoboken,NJ,223,34.9,994342,3.04,22,-4,222,42.24,353,26.86,157,9.22,915.55,5.46
9/3/26,Rolling 3 Months,6/1/26,8/31/26,23219,City,"Holiday City South, NJ",Holiday City South,NJ,34,-17.44,334778,-7.01,38,3,49,47.38,85,26.69,35,-4.63,266.09,1.68
9/3/26,Rolling 3 Months,6/1/26,8/31/26,23218,City,"Holiday City-Berkeley, NJ",Holiday City-Berkeley,NJ,138,-4.5,327533,0.78,41,4,174,8.92,313,23.33,153,2.85,264.94,-3.33
9/3/26,Rolling 3 Months,6/1/26,8/31/26,23220,City,"Holiday Heights, NJ",Holiday Heights,NJ,26,-14.52,374752,-3.91,52,29,16,-26.31,44,30.77,25,9.59,269.33,5.35
9/3/26,Rolling 3 Months,6/1/26,8/31/26,8413,City,"Hopatcong, NJ",Hopatcong,NJ,80,45.46,472188,11.89,23,-4,98,12.97,160,18.26,88,20.16,324.48,1.94
9/3/26,Rolling 3 Months,6/1/26,8/31/26,33031,City,"Hope, NJ",Hope,NJ,1,2.57,715526,76.67,21,-8,NA,NA,NA,NA,NA,NA,NA,NA
9/3/26,Rolling 3 Months,6/1/26,8/31/26,37800,City,"Hopelawn, NJ",Hopelawn,NJ,5,-43.02,574620,19.53,62,-1,4,-54.97,8,-42.26,2,-71.19,345.35,-1.77
9/3/26,Rolling 3 Months,6/1/26,8/31/26,8474,City,"Hopewell, NJ",Hopewell,NJ,8,2.57,681943,26.87,42,3,7,-11.34,14,8.82,9,29.63,289.54,-40.1
9/3/26,Rolling 3 Months,6/1/26,8/31/26,33060,City,"Hutchinson, NJ",Hutchinson,NJ,NA,NA,NA,NA,NA,NA,1,NA,1,1.05,1,0.82,196.63,NA
9/3/26,Rolling 3 Months,6/1/26,8/31/26,8737,City,"Interlaken, NJ",Interlaken,NJ,3,207.71,2498347,162.98,16,-1,2,1.32,5,68.42,6,202.46,823.76,-6.44
9/3/26,Rolling 3 Months,6/1/26,8/31/26,23338,City,"Iselin, NJ",Iselin,NJ,30,-29.18,534646,2.32,62,-1,44,-5.28,94,11.88,33,-20.78,405.07,4.69
9/3/26,Rolling 3 Months,6/1/26,8/31/26,8813,City,"Island Heights, NJ",Island Heights,NJ,9,-7.69,699537,-3.51,14,-1,7,-49.34,14,-45.59,8,-32.79,379.25,11.19
9/3/26,Rolling 3 Months,6/1/26,8/31/26,8884,City,"Jamesburg, NJ",Jamesburg,NJ,16,64.11,424719,-6.66,65,10,14,-5.43,29,22.1,14,76.44,289.07,5.62
9/3/26,Rolling 3 Months,6/1/26,8/31/26,9168,City,"Jersey City, NJ",Jersey City,NJ,504,-4.25,756799,1.93,42,-3,908,8.73,1714,10.71,493,-11.65,571.52,2.67
9/3/26,Rolling 3 Months,6/1/26,8/31/26,37375,City,"Jobstown, NJ",Jobstown,NJ,1,NA,522654,NA,39,NA,3,51.99,3,51.57,2,101.64,196.67,158.15
9/3/26,Rolling 3 Months,6/1/26,8/31/26,33174,City,"Johnsonburg, NJ",Johnsonburg,NJ,1,2.57,929385,480.87,7,7,1,-49.34,1,-74.74,NA,NA,233.23,-38.85
9/3/26,Rolling 3 Months,6/1/26,8/31/26,33183,City,"Juliustown, NJ",Juliustown,NJ,NA,NA,NA,NA,NA,NA,1,-49.34,2,1.05,2,101.64,238.96,-5.49
9/3/26,Rolling 3 Months,6/1/26,8/31/26,9287,City,"Keansburg, NJ",Keansburg,NJ,40,17.65,434712,8.68,45,19,51,-22.06,89,-11.96,37,-23.87,323.9,0.96
9/3/26,Rolling 3 Months,6/1/26,8/31/26,9295,City,"Kearny, NJ",Kearny,NJ,57,19.67,607098,-2.4,66,-18,69,6,134,4.18,56,-10.38,360.75,9.4
9/3/26,Rolling 3 Months,6/1/26,8/31/26,37788,City,"Keasbey, NJ",Keasbey,NJ,3,NA,714527,NA,88,NA,2,1.32,8,169.46,2,NA,267.09,-12.43
9/3/26,Rolling 3 Months,6/1/26,8/31/26,23483,City,"Kendall Park, NJ",Kendall Park,NJ,31,18.35,698288,-0.02,62,-1,22,1.32,50,33.82,29,46.19,352.62,2.41
9/3/26,Rolling 3 Months,6/1/26,8/31/26,9341,City,"Kenilworth, NJ",Kenilworth,NJ,19,14.64,624587,-7.47,17,-40,29,63.24,38,6.66,18,-24.38,386.06,-4.49
9/3/26,Rolling 3 Months,6/1/26,8/31/26,31213,City,"Kenvil, NJ",Kenvil,NJ,6,53.86,635080,17.61,38,11,8,35.1,11,58.79,5,-15.98,390.71,10.07
9/3/26,Rolling 3 Months,6/1/26,8/31/26,9369,City,"Keyport, NJ",Keyport,NJ,26,16.56,614593,19.92,25,-3,37,13.61,60,41.95,23,0.82,375.85,20.45
9/3/26,Rolling 3 Months,6/1/26,8/31/26,33218,City,"Kingston Estates, NJ",Kingston Estates,NJ,22,-2.09,482181,4.26,22,5,24,43.05,31,16.02,21,24.54,236.95,2.25
9/3/26,Rolling 3 Months,6/1/26,8/31/26,33215,City,"Kingston, NJ",Kingston,NJ,3,-48.71,589610,68.46,20,-55,3,-39.21,7,-41.05,3,-49.59,373.27,-1.65
9/3/26,Rolling 3 Months,6/1/26,8/31/26,9434,City,"Kinnelon, NJ",Kinnelon,NJ,24,-18.65,959365,-1.6,15,-56,20,-34.63,44,-16.11,25,-13.09,321.04,6.14
9/3/26,Rolling 3 Months,6/1/26,8/31/26,9530,City,"Lake Como, NJ",Lake Como,NJ,6,53.86,811963,6.84,33,-5,8,-26.31,11,-25.9,8,-10.38,538.18,-18.01
9/3/26,Rolling 3 Months,6/1/26,8/31/26,37682,City,"Lake Hiawatha, NJ",Lake Hiawatha,NJ,23,2.57,572121,2.35,24,-10,29,72.85,40,15.48,25,32.66,378.51,2.76
9/3/26,Rolling 3 Months,6/1/26,8/31/26,37827,City,"Lake Hopatcong, NJ",Lake Hopatcong,NJ,50,73.31,629583,-16.33,24,-6,63,46.1,95,30.12,52,19.15,339.64,1.87
9/3/26,Rolling 3 Months,6/1/26,8/31/26,23576,City,"Lake Mohawk, NJ",Lake Mohawk,NJ,55,6.52,604100,-3.73,20,-1,55,-4.01,92,4.49,48,-12.01,331.25,4.88
9/3/26,Rolling 3 Months,6/1/26,8/31/26,23606,City,"Lake Telemark, NJ",Lake Telemark,NJ,5,28.21,549636,38.71,15,-1,5,153.31,10,236.83,7,135.25,350.14,5.09
9/3/26,Rolling 3 Months,6/1/26,8/31/26,9579,City,"Lakehurst, NJ",Lakehurst,NJ,3,-23.07,285811,-14.17,12,-23,8,-26.31,9,-39.37,7,-29.43,302.43,14.13
9/3/26,Rolling 3 Months,6/1/26,8/31/26,37208,City,"Lakeside-Beebe Run, NJ",Lakeside-Beebe Run,NJ,1,-79.49,329782,12.75,230,183,2,-32.45,3,-39.37,NA,NA,188.97,-23.06
9/3/26,Rolling 3 Months,6/1/26,8/31/26,23620,City,"Lakewood, NJ",Lakewood,NJ,28,-23.07,462194,-3.21,33,-1,50,12.84,104,18.27,34,3.88,427.22,9.21
9/3/26,Rolling 3 Months,6/1/26,8/31/26,9794,City,"Lambertville, NJ",Lambertville,NJ,23,32.74,659564,4.69,46,-24,24,35.1,43,5.98,24,20.98,403.32,1
9/3/26,Rolling 3 Months,6/1/26,8/31/26,37821,City,"Landing, NJ",Landing,NJ,21,36.76,527151,5.43,22,-24,13,1.32,24,-2.99,16,-15.1,349.81,-18.51
9/3/26,Rolling 3 Months,6/1/26,8/31/26,23651,City,"Laurel Lake, NJ",Laurel Lake,NJ,11,88.05,199768,-18.3,57,-63,20,84.23,37,38.47,15,16.33,169.91,-11.57
9/3/26,Rolling 3 Months,6/1/26,8/31/26,9954,City,"Laurel Springs, NJ",Laurel Springs,NJ,10,46.53,357214,0.62,48,-38,12,35.1,17,22.7,13,227.67,205.08,12.77
9/3/26,Rolling 3 Months,6/1/26,8/31/26,23672,City,"Laurence Harbor, NJ",Laurence Harbor,NJ,33,36.76,529649,-0.49,68,14,29,8.83,66,36.84,27,-9.26,450.75,21.2
9/3/26,Rolling 3 Months,6/1/26,8/31/26,10007,City,"Lavallette, NJ",Lavallette,NJ,16,49.19,1973669,10.82,42,21,26,25.45,36,-1.68,21,41.15,1133.69,11.99
9/3/26,Rolling 3 Months,6/1/26,8/31/26,10015,City,"Lawnside, NJ",Lawnside,NJ,13,21.22,304798,-11.65,26,7,15,8.56,25,32.96,14,8.58,214.4,-0.35
9/3/26,Rolling 3 Months,6/1/26,8/31/26,23692,City,"Lawrenceville, NJ",Lawrenceville,NJ,14,-15.53,612095,40.71,31,16,18,-4.01,24,-2.99,18,13.42,278.81,-3.33
9/3/26,Rolling 3 Months,6/1/26,8/31/26,37628,City,"Layton, NJ",Layton,NJ,4,310.28,402234,5.85,79,7,NA,NA,4,1.05,2,0.82,NA,NA
9/3/26,Rolling 3 Months,6/1/26,8/31/26,10082,City,"Lebanon, NJ",Lebanon,NJ,15,92.32,450202,-9.05,16,-3,13,19.75,20,18.88,16,101.64,257.07,-3.43
9/3/26,Rolling 3 Months,6/1/26,8/31/26,37554,City,"Ledgewood, NJ",Ledgewood,NJ,17,-27.35,474686,-24.35,26,6,17,-9.34,27,-11.99,17,-22.09,288.13,5.6
9/3/26,Rolling 3 Months,6/1/26,8/31/26,37352,City,"Leeds Point, NJ",Leeds Point,NJ,NA,NA,NA,NA,NA,NA,NA,NA,3,51.57,1,-49.59,NA,NA
9/3/26,Rolling 3 Months,6/1/26,8/31/26,37388,City,"Leesburg, NJ",Leesburg,NJ,3,207.71,209861,10.45,292,282,2,-32.45,4,34.73,3,202.46,136.67,3.36
9/3/26,Rolling 3 Months,6/1/26,8/31/26,23721,City,"Leisure Knoll, NJ",Leisure Knoll,NJ,35,117.96,337277,6.23,34,-12,30,-10.6,50,-18.83,31,20.21,231.81,-3.84
9/3/26,Rolling 3 Months,6/1/26,8/31/26,23725,City,"Leisure Village East, NJ",Leisure Village East,NJ,54,46.92,339775,20.49,36,14,50,-6.32,93,16.21,59,26.56,248.42,3.24
9/3/26,Rolling 3 Months,6/1/26,8/31/26,35637,City,"Leisure Village West, NJ",Leisure Village West,NJ,44,-4.12,248336,2.43,56,24,70,31.91,115,10.77,45,-21.78,206.4,2.02
9/3/26,Rolling 3 Months,6/1/26,8/31/26,23724,City,"Leisure Village, NJ",Leisure Village,NJ,44,29.72,174884,-5.47,49,25,62,18.86,126,26.31,52,45.63,193.86,-4.81
9/3/26,Rolling 3 Months,6/1/26,8/31/26,23723,City,"Leisuretowne, NJ",Leisuretowne,NJ,37,5.5,315791,0.25,62,9,45,-10.83,80,5.04,36,-15.59,244.58,0.2
9/3/26,Rolling 3 Months,6/1/26,8/31/26,23734,City,"Leonardo, NJ",Leonardo,NJ,8,36.76,588735,-12.78,18,-2,13,1.32,16,-4.89,11,10.9,413.32,4.08
9/3/26,Rolling 3 Months,6/1/26,8/31/26,10204,City,"Leonia, NJ",Leonia,NJ,14,-58.97,881916,8.21,74,-2,22,-20.39,42,-30.43,16,-46.23,434.37,0.65
9/3/26,Rolling 3 Months,6/1/26,8/31/26,37816,City,"Liberty Corner, NJ",Liberty Corner,NJ,3,-56.04,714527,-56.03,32,22,4,-18.94,8,34.73,3,-39.51,410.69,-1.27
9/3/26,Rolling 3 Months,6/1/26,8/31/26,10278,City,"Lincoln Park, NJ",Lincoln Park,NJ,30,23.94,499669,-5.19,16,-3,34,27.59,45,8.27,23,-7.25,347.47,9.85
9/3/26,Rolling 3 Months,6/1/26,8/31/26,23754,City,"Lincroft, NJ",Lincroft,NJ,28,15.39,1274157,24.37,17,-1,32,40.97,42,36.91,30,26.03,450.68,14.29
9/3/26,Rolling 3 Months,6/1/26,8/31/26,10296,City,"Linden, NJ",Linden,NJ,72,-9.12,549636,-0.07,29,-5,109,-2.29,195,11.44,93,13.12,451.49,2.85
9/3/26,Rolling 3 Months,6/1/26,8/31/26,10320,City,"Lindenwold, NJ",Lindenwold,NJ,31,-24.95,258828,12.53,43,-1,41,-13.77,67,-21.54,31,-30.55,176.82,4.61
9/3/26,Rolling 3 Months,6/1/26,8/31/26,10335,City,"Linwood, NJ",Linwood,NJ,31,9.9,559130,-0.15,68,10,44,-0.98,84,-1.33,34,31.84,277.33,4.61
9/3/26,Rolling 3 Months,6/1/26,8/31/26,10381,City,"Little Ferry, NJ",Little Ferry,NJ,17,8.98,634580,8.94,72,-8,20,-18.94,45,-3.25,18,20.98,403.23,14.94
9/3/26,Rolling 3 Months,6/1/26,8/31/26,10402,City,"Little Silver, NJ",Little Silver,NJ,23,25.36,1189213,18.92,13,0,26,31.72,35,60.76,24,51.23,500.48,11.57
9/3/26,Rolling 3 Months,6/1/26,8/31/26,37168,City,"Llewellyn Park, NJ",Llewellyn Park,NJ,NA,NA,NA,NA,NA,NA,NA,NA,2,-71.13,1,-66.39,NA,NA
9/3/26,Rolling 3 Months,6/1/26,8/31/26,10458,City,"Loch Arbour, NJ",Loch Arbour,NJ,NA,NA,NA,NA,NA,NA,2,-59.47,4,-19.16,NA,NA,2748.47,123.63
9/3/26,Rolling 3 Months,6/1/26,8/31/26,10469,City,"Lodi, NJ",Lodi,NJ,30,-17.37,759497,19.14,70,0,46,6.04,92,20.99,48,34.43,426.01,12.85
9/3/26,Rolling 3 Months,6/1/26,8/31/26,10520,City,"Long Branch, NJ",Long Branch,NJ,69,5.73,737012,-1.99,32,-11,122,4.82,235,4.18,70,-15.16,550.87,2.5
9/3/26,Rolling 3 Months,6/1/26,8/31/26,23853,City,"Long Valley, NJ",Long Valley,NJ,4,-17.94,831949,58.84,21,6,3,-62,5,-49.48,3,-49.59,325.74,45.29
9/3/26,Rolling 3 Months,6/1/26,8/31/26,10540,City,"Longport, NJ",Longport,NJ,9,-7.69,1419061,-2.47,87,-32,21,32.99,42,36.91,11,-14.69,1448.42,39.98
9/3/26,Rolling 3 Months,6/1/26,8/31/26,33475,City,"Lopatcong Overlook, NJ",Lopatcong Overlook,NJ,2,-48.71,234345,-36.23,56,4,4,-32.45,6,-39.37,3,-49.59,230.57,-9.18
9/3/26,Rolling 3 Months,6/1/26,8/31/26,37552,City,"Lower Berkshire Valley, NJ",Lower Berkshire Valley,NJ,6,53.86,549636,37.41,38,12,2,1.32,4,102.1,4,101.64,298.14,74.17
9/3/26,Rolling 3 Months,6/1/26,8/31/26,37740,City,"Lyons, NJ",Lyons,NJ,14,-40.17,1219193,23.21,15,-4,10,-27.63,15,-24.21,9,-46.62,424.49,6.04
9/3/26,Rolling 3 Months,6/1/26,8/31/26,37608,City,"Macopin, NJ",Macopin,NJ,6,207.71,706532,-9.48,63,6,15,117.12,23,190.52,11,177.26,336.12,6.88
9/3/26,Rolling 3 Months,6/1/26,8/31/26,23952,City,"Madison Park, NJ",Madison Park,NJ,11,41.03,529649,0.41,44,11,3,-56.58,12,-13.39,9,-17.51,404.77,-8.47
9/3/26,Rolling 3 Months,6/1/26,8/31/26,10822,City,"Madison, NJ",Madison,NJ,94,4.85,999338,2.5,22,-6,71,-4.15,113,-5.69,84,14.63,400,10.93
9/3/26,Rolling 3 Months,6/1/26,8/31/26,10850,City,"Magnolia, NJ",Magnolia,NJ,14,43.6,357213,16.17,21,-15,26,75.63,33,44.98,20,44.03,250.57,-0.65
9/3/26,Rolling 3 Months,6/1/26,8/31/26,37282,City,"Malaga, NJ",Malaga,NJ,5,70.95,254831,-22.78,23,-44,4,35.1,10,44.36,5,152.05,179.96,6.63
9/3/26,Rolling 3 Months,6/1/26,8/31/26,23981,City,"Manahawkin, NJ",Manahawkin,NJ,14,19.67,489676,-12.17,20,-4,22,122.91,36,58.16,21,32.33,251.54,-12.91
9/3/26,Rolling 3 Months,6/1/26,8/31/26,10954,City,"Manasquan, NJ",Manasquan,NJ,22,65.69,1798810,12.43,16,0,27,95.41,35,41.47,20,18.61,759.62,-16.14
9/3/26,Rolling 3 Months,6/1/26,8/31/26,11049,City,"Mantoloking, NJ",Mantoloking,NJ,5,2.57,3597619,15.91,96,1,4,-18.94,17,7.36,3,-24.38,1995.89,73.65
9/3/26,Rolling 3 Months,6/1/26,8/31/26,11106,City,"Manville, NJ",Manville,NJ,33,2.57,499619,11.9,29,10,33,-24.01,60,-5.37,34,-14.3,326.92,-5.85
9/3/26,Rolling 3 Months,6/1/26,8/31/26,11173,City,"Margate City, NJ",Margate City,NJ,58,24.39,1114263,-6.36,89,-4,58,-22.99,158,-6.17,60,4.3,845.97,21.55
9/3/26,Rolling 3 Months,6/1/26,8/31/26,33611,City,"Marksboro, NJ",Marksboro,NJ,1,NA,544640,NA,19,NA,NA,NA,1,1.05,1,0.82,NA,NA
9/3/26,Rolling 3 Months,6/1/26,8/31/26,37001,City,"Marlboro, NJ",Marlboro,NJ,1,NA,389642,NA,12,NA,2,NA,2,NA,2,NA,197.29,NA
9/3/26,Rolling 3 Months,6/1/26,8/31/26,24052,City,"Marlton, NJ",Marlton,NJ,43,23.08,488677,8.59,33,13,40,-19.35,60,1.05,36,17.08,266.49,7.81
9/3/26,Rolling 3 Months,6/1/26,8/31/26,37075,City,"Marmora, NJ",Marmora,NJ,10,2.57,664061,160.42,84,-2,8,1.32,15,-31.1,8,-26.68,307.9,5.23
9/3/26,Rolling 3 Months,6/1/26,8/31/26,37086,City,"Marshallville, NJ",Marshallville,NJ,1,-48.71,798472,117.27,14,-54,NA,NA,1,-49.48,NA,NA,NA,NA
9/3/26,Rolling 3 Months,6/1/26,8/31/26,33636,City,"Martinsville, NJ",Martinsville,NJ,50,6.93,739511,-9.82,22,5,47,29.47,71,17.89,41,25.26,382.24,7.97
9/3/26,Rolling 3 Months,6/1/26,8/31/26,11355,City,"Matawan, NJ",Matawan,NJ,13,-21.56,657565,14.36,45,19,30,8.56,40,1.05,22,16.74,357.62,12.53
9/3/26,Rolling 3 Months,6/1/26,8/31/26,36928,City,"Mauricetown, NJ",Mauricetown,NJ,3,53.86,454699,179.81,155,130,1,-74.67,4,-42.26,2,0.82,153.68,-6.5
9/3/26,Rolling 3 Months,6/1/26,8/31/26,24107,City,"Mays Landing, NJ",Mays Landing,NJ,30,14.41,284812,-12.77,63,9,41,30.74,72,21.6,37,38.16,213.12,9.04
9/3/26,Rolling 3 Months,6/1/26,8/31/26,11429,City,"Maywood, NJ",Maywood,NJ,18,23.08,739011,5.57,66,20,28,102.65,46,66.01,20,18.61,411.01,-5.91
9/3/26,Rolling 3 Months,6/1/26,8/31/26,37055,City,"McKee City, NJ",McKee City,NJ,32,27.19,243839,2.89,64,23,61,16.91,109,47.48,41,3.34,206.63,-1.44
9/3/26,Rolling 3 Months,6/1/26,8/31/26,11523,City,"Medford Lakes, NJ",Medford Lakes,NJ,11,-13.21,574620,-4.07,23,14,13,-5.91,18,-13.39,11,-26.06,328.22,12.71
9/3/26,Rolling 3 Months,6/1/26,8/31/26,11557,City,"Mendham, NJ",Mendham,NJ,26,50.84,899405,19.92,14,-12,19,28.34,30,4.53,20,6.13,393.2,2.04
9/3/26,Rolling 3 Months,6/1/26,8/31/26,37646,City,"Menlo Park Terrace, NJ",Menlo Park Terrace,NJ,1,-79.49,724521,15.92,34,-36,8,62.12,9,-9.06,4,-32.79,421.27,-5.5
9/3/26,Rolling 3 Months,6/1/26,8/31/26,31245,City,"Mercerville, NJ",Mercerville,NJ,37,2.57,477134,-2.63,27,-2,46,19.99,62,1.05,41,25.26,309.47,1.06
9/3/26,Rolling 3 Months,6/1/26,8/31/26,11606,City,"Merchantville, NJ",Merchantville,NJ,11,-37.32,349769,-0.07,38,10,4,-63.15,19,-8.57,13,9.22,220.26,-0.66
9/3/26,Rolling 3 Months,6/1/26,8/31/26,11649,City,"Metuchen, NJ",Metuchen,NJ,55,45.76,779734,0.55,57,5,47,3.58,84,14.89,45,8.02,458.55,2.88
9/3/26,Rolling 3 Months,6/1/26,8/31/26,37148,City,"Mickleton, NJ",Mickleton,NJ,2,-74.36,667059,28,63,35,4,-32.45,5,-54.07,3,-62.19,306.21,41.06
9/3/26,Rolling 3 Months,6/1/26,8/31/26,33696,City,"Middlebush, NJ",Middlebush,NJ,8,173.52,834448,40.24,65,28,6,-13.15,8,-37.82,7,135.25,363.51,27.05
9/3/26,Rolling 3 Months,6/1/26,8/31/26,11707,City,"Middlesex, NJ",Middlesex,NJ,33,-8.83,551635,6.08,20,-34,60,32.85,79,9.47,39,-14.52,334.58,-5.36
9/3/26,Rolling 3 Months,6/1/26,8/31/26,11766,City,"Midland Park, NJ",Midland Park,NJ,22,79.5,809464,-5.9,50,-24,15,-20.01,30,4.53,15,-5.48,402.88,-0.07
9/3/26,Rolling 3 Months,6/1/26,8/31/26,11802,City,"Milford, NJ",Milford,NJ,12,105.14,453450,19.33,44,11,7,77.32,16,61.68,8,15.22,270.21,27
9/3/26,Rolling 3 Months,6/1/26,8/31/26,37721,City,"Millington, NJ",Millington,NJ,21,127.93,931883,27.83,13,-2,9,-24.01,11,-14.5,10,0.82,424.24,20.11
9/3/26,Rolling 3 Months,6/1/26,8/31/26,11892,City,"Millstone, NJ",Millstone,NJ,2,105.14,1336615,122.77,604,575,4,1.32,5,-15.79,NA,NA,313.87,-16.18
9/3/26,Rolling 3 Months,6/1/26,8/31/26,11901,City,"Milltown, NJ",Milltown,NJ,12,-62.7,581115,3.77,64,-11,28,49.32,41,-13.69,25,9.59,367.29,7.31
9/3/26,Rolling 3 Months,6/1/26,8/31/26,11914,City,"Millville, NJ",Millville,NJ,113,13.97,259778,4.75,45,8,139,18.64,240,9.82,118,0.82,186.06,3.02
9/3/26,Rolling 3 Months,6/1/26,8/31/26,37262,City,"Milmay, NJ",Milmay,NJ,3,53.86,374752,-30.28,42,-64,2,-32.45,6,1.05,2,0.82,249.1,11.67
9/3/26,Rolling 3 Months,6/1/26,8/31/26,37192,City,"Mizpah, NJ",Mizpah,NJ,1,2.57,114924,-51.1,104,89,1,NA,2,NA,2,NA,211.8,NA
9/3/26,Rolling 3 Months,6/1/26,8/31/26,37170,City,"Money Island, NJ",Money Island,NJ,1,NA,224851,NA,3,NA,1,NA,1,NA,1,NA,231.75,NA
9/3/26,Rolling 3 Months,6/1/26,8/31/26,12037,City,"Monmouth Beach, NJ",Monmouth Beach,NJ,24,7.23,1287898,28.85,15,-26,27,70.98,42,41.47,21,0.82,669.42,2.62
9/3/26,Rolling 3 Months,6/1/26,8/31/26,24265,City,"Monmouth Junction, NJ",Monmouth Junction,NJ,22,-17.15,674554,2.83,71,16,18,-34.86,43,-11.32,17,-34.08,365.63,14.66
9/3/26,Rolling 3 Months,6/1/26,8/31/26,37664,City,"Monroe Manor, NJ",Monroe Manor,NJ,4,-54.41,859431,7.56,94,9,3,51.99,9,-24.21,4,-32.79,358.5,22.24
9/3/26,Rolling 3 Months,6/1/26,8/31/26,35939,City,"Montclair, NJ",Montclair,NJ,152,3.27,1299140,3.93,16,-40,95,-11.81,165,-23.39,102,-1.14,459.21,5.12
9/3/26,Rolling 3 Months,6/1/26,8/31/26,12165,City,"Montvale, NJ",Montvale,NJ,29,6.37,934382,-1.44,64,-1,27,30.27,54,5.01,23,-3.38,395.64,5.72
9/3/26,Rolling 3 Months,6/1/26,8/31/26,35825,City,"Montville, NJ",Montville,NJ,104,27.9,904401,0.27,23,0,74,29.77,133,12.09,79,33.29,360.69,0.81
9/3/26,Rolling 3 Months,6/1/26,8/31/26,12189,City,"Moonachie, NJ",Moonachie,NJ,2,-48.71,766992,49.66,60,-27,1,-74.67,6,-32.63,NA,NA,NA,NA
9/3/26,Rolling 3 Months,6/1/26,8/31/26,24316,City,"Moorestown-Lenola, NJ",Moorestown-Lenola,NJ,48,14.78,701536,0.22,29,12,52,1.32,89,20.17,42,11.43,302.72,-0.24
9/3/26,Rolling 3 Months,6/1/26,8/31/26,24325,City,"Morganville, NJ",Morganville,NJ,15,-19.02,799471,-2.5,20,2,20,-3.5,32,-2.01,13,-31.02,395.02,19.07
9/3/26,Rolling 3 Months,6/1/26,8/31/26,12321,City,"Morris Plains, NJ",Morris Plains,NJ,27,-31.62,732016,-0.13,16,-7,41,22.82,53,7.24,31,-8.08,411.63,-2.27
9/3/26,Rolling 3 Months,6/1/26,8/31/26,12345,City,"Morristown, NJ",Morristown,NJ,48,9.56,749504,11.49,29,9,54,53.43,92,67.19,50,36.24,475.92,18.07
9/3/26,Rolling 3 Months,6/1/26,8/31/26,12461,City,"Mount Arlington, NJ",Mount Arlington,NJ,35,24.55,512161,10.74,25,4,27,-44.17,56,-8.89,33,-4.94,326.65,20.45
9/3/26,Rolling 3 Months,6/1/26,8/31/26,12481,City,"Mount Ephraim, NJ",Mount Ephraim,NJ,19,21.8,349769,6.8,13,-3,24,51.99,32,19.76,17,31.84,221.76,0.05
9/3/26,Rolling 3 Months,6/1/26,8/31/26,33829,City,"Mount Hermon, NJ",Mount Hermon,NJ,1,NA,417724,NA,29,NA,2,NA,2,102.1,1,NA,199.53,NA
9/3/26,Rolling 3 Months,6/1/26,8/31/26,37672,City,"Mount Hope, NJ",Mount Hope,NJ,25,29.56,416225,24.25,29,-22,29,8.83,44,3.4,24,-3.21,314.14,0.56
9/3/26,Rolling 3 Months,6/1/26,8/31/26,37202,City,"Mount Royal, NJ",Mount Royal,NJ,3,-48.71,596605,32.43,12,-1,3,1.32,5,-15.79,2,-59.67,237.69,8.79
9/3/26,Rolling 3 Months,6/1/26,8/31/26,37562,City,"Mount Tabor, NJ",Mount Tabor,NJ,5,-26.74,544640,3.15,14,2,5,26.66,6,1.05,5,0.82,366.58,-16.18
9/3/26,Rolling 3 Months,6/1/26,8/31/26,33808,City,"Mountain Lake, NJ",Mountain Lake,NJ,3,53.86,199868,-9.56,56,-6,6,51.99,7,41.47,4,101.64,229.32,-9.97
9/3/26,Rolling 3 Months,6/1/26,8/31/26,12394,City,"Mountain Lakes, NJ",Mountain Lakes,NJ,26,2.57,1199206,-7.75,21,5,21,11.99,35,41.47,25,26.03,413.07,7.39
9/3/26,Rolling 3 Months,6/1/26,8/31/26,12406,City,"Mountainside, NJ",Mountainside,NJ,22,-2.09,998339,-13.23,22,7,25,94.85,34,37.43,22,30.47,458.32,32.43
9/3/26,Rolling 3 Months,6/1/26,8/31/26,24443,City,"Mullica Hill, NJ",Mullica Hill,NJ,32,5.99,590709,20.01,34,8,19,-19.78,29,-54.21,14,41.15,238.34,-6.93
9/3/26,Rolling 3 Months,6/1/26,8/31/26,24450,City,"Mystic Island, NJ",Mystic Island,NJ,72,-1.65,489676,25.56,32,-1,72,-4.08,130,-13.67,76,-3.06,324.26,16.75
9/3/26,Rolling 3 Months,6/1/26,8/31/26,12744,City,"National Park, NJ",National Park,NJ,16,105.14,323786,11.75,19,-11,11,1.32,20,26.31,13,87.24,249,11.91
9/3/26,Rolling 3 Months,6/1/26,8/31/26,24462,City,"Navesink, NJ",Navesink,NJ,14,139.33,1249168,9.79,23,-2,8,-9.93,11,11.15,9,126.85,492.17,25.2
9/3/26,Rolling 3 Months,6/1/26,8/31/26,12812,City,"Neptune City, NJ",Neptune City,NJ,21,86.49,605849,12.72,15,-1,24,1.32,32,-7.61,21,-21.58,462.5,-9.56
9/3/26,Rolling 3 Months,6/1/26,8/31/26,36960,City,"Nesco, NJ",Nesco,NJ,3,NA,599503,NA,66,NA,2,102.65,3,203.15,2,101.64,302.08,19.02
9/3/26,Rolling 3 Months,6/1/26,8/31/26,37622,City,"Neshanic Station, NJ",Neshanic Station,NJ,11,41.03,859431,-10.71,19,-2,19,48.09,27,60.49,10,0.82,324.83,0.62
9/3/26,Rolling 3 Months,6/1/26,8/31/26,37689,City,"Neshanic, NJ",Neshanic,NJ,1,-65.81,401214,-42.68,13,0,2,-66.23,3,-56.69,NA,NA,548.23,87.85
9/3/26,Rolling 3 Months,6/1/26,8/31/26,12874,City,"Netcong, NJ",Netcong,NJ,6,-31.62,509663,-1.99,15,-35,18,21.59,21,-3.54,12,-24.38,295.49,-4.61
9/3/26,Rolling 3 Months,6/1/26,8/31/26,13201,City,"New Brunswick, NJ",New Brunswick,NJ,57,12.63,459696,6.91,71,-8,68,-14.07,149,-1.63,63,-19.86,329.21,-0.08
9/3/26,Rolling 3 Months,6/1/26,8/31/26,24568,City,"New Egypt, NJ",New Egypt,NJ,18,-2.83,461195,-15.38,41,-7,21,-3.28,29,-30.23,19,0.82,279.82,2.34
9/3/26,Rolling 3 Months,6/1/26,8/31/26,37199,City,"New Gretna, NJ",New Gretna,NJ,NA,NA,NA,NA,NA,NA,1,-66.23,1,-74.74,1,-49.59,392.38,176.31
9/3/26,Rolling 3 Months,6/1/26,8/31/26,13318,City,"New Milford, NJ",New Milford,NJ,94,8.47,618591,3.1,60,1,92,29.87,166,21.85,96,36.83,306.69,-13.73
9/3/26,Rolling 3 Months,6/1/26,8/31/26,13364,City,"New Providence, NJ",New Providence,NJ,45,2.57,1208200,20.94,12,-3,33,-22.24,47,-3.08,31,-13.18,472.03,3.11
9/3/26,Rolling 3 Months,6/1/26,8/31/26,37574,City,"New Vernon, NJ",New Vernon,NJ,5,156.43,1778823,5.41,16,-113,1,-49.34,2,1.05,2,0.82,631.19,87.66
9/3/26,Rolling 3 Months,6/1/26,8/31/26,34006,City,"New Village, NJ",New Village,NJ,1,NA,739511,NA,17,NA,3,NA,4,102.1,2,101.64,272.3,NA
9/3/26,Rolling 3 Months,6/1/26,8/31/26,13136,City,"Newark, NJ",Newark,NJ,320,13.89,572121,-4.25,68,-2,482,-2.37,988,11.92,390,12.44,219.62,-2.32
9/3/26,Rolling 3 Months,6/1/26,8/31/26,13247,City,"Newfield, NJ",Newfield,NJ,6,53.86,309795,-21.57,55,-128,14,1.32,25,57.89,7,0.82,224.72,8.69
9/3/26,Rolling 3 Months,6/1/26,8/31/26,37578,City,"Newfoundland, NJ",Newfoundland,NJ,8,173.52,571872,32.99,73,12,5,NA,9,81.89,9,353.69,308.79,NA
9/3/26,Rolling 3 Months,6/1/26,8/31/26,38282,City,"Newport, NJ",Newport,NJ,1,-65.81,289309,-0.24,10,-125,2,1.32,5,1.05,1,-79.84,128.86,-38.47
9/3/26,Rolling 3 Months,6/1/26,8/31/26,13396,City,"Newton, NJ",Newton,NJ,29,-0.97,422221,-0.65,22,-6,32,20.09,55,4.94,33,7.33,270.83,13.02
9/3/26,Rolling 3 Months,6/1/26,8/31/26,37358,City,"Newtonville, NJ",Newtonville,NJ,NA,NA,NA,NA,NA,NA,2,-59.47,5,-27.82,2,0.82,168.37,-13.38
9/3/26,Rolling 3 Months,6/1/26,8/31/26,13485,City,"North Arlington, NJ",North Arlington,NJ,33,5.88,674554,-4.32,63,-4,45,48.61,84,33.13,41,33.34,413.7,7.53
9/3/26,Rolling 3 Months,6/1/26,8/31/26,24650,City,"North Beach Haven, NJ",North Beach Haven,NJ,25,-29.67,1948210,14.67,47,8,46,11.21,92,13.52,39,9.22,1192.08,13.42
9/3/26,Rolling 3 Months,6/1/26,8/31/26,35940,City,"North Bergen, NJ",North Bergen,NJ,119,-27.45,590859,7.43,65,4,231,4.53,444,-2.93,151,-12.08,411.91,1.9
9/3/26,Rolling 3 Months,6/1/26,8/31/26,13559,City,"North Caldwell, NJ",North Caldwell,NJ,23,-9.74,1304949,10.12,40,-30,22,6.15,33,-24.21,24,15.22,398.4,-0.72
9/3/26,Rolling 3 Months,6/1/26,8/31/26,24662,City,"North Cape May, NJ",North Cape May,NJ,21,36.76,499669,-9.15,27,-34,20,-24.94,37,-18.72,18,-9.26,564.75,25.84
9/3/26,Rolling 3 Months,6/1/26,8/31/26,13665,City,"North Haledon, NJ",North Haledon,NJ,21,-10.81,717900,-2.86,37,-17,15,-50.97,38,-24.71,19,-31.59,383.4,7.37
9/3/26,Rolling 3 Months,6/1/26,8/31/26,24695,City,"North Middletown, NJ",North Middletown,NJ,19,94.88,492174,21.52,21,-1,20,35.1,29,54.23,18,64.98,357.42,12.15
9/3/26,Rolling 3 Months,6/1/26,8/31/26,13740,City,"North Plainfield, NJ",North Plainfield,NJ,46,7.34,474686,-5.06,60,34,58,13.24,96,18.51,58,19.34,312.25,-1.01
9/3/26,Rolling 3 Months,6/1/26,8/31/26,13815,City,"North Wildwood, NJ",North Wildwood,NJ,62,-15.7,849438,95.27,82,54,61,-36.01,151,-14.94,57,-36.15,669.91,7.34
9/3/26,Rolling 3 Months,6/1/26,8/31/26,13632,City,"Northfield, NJ",Northfield,NJ,30,56.55,419722,1.14,56,10,34,-11.67,68,20.9,36,51.23,288.4,22.41
9/3/26,Rolling 3 Months,6/1/26,8/31/26,13790,City,"Northvale, NJ",Northvale,NJ,12,11.89,792476,2.25,69,-34,15,203.97,24,21.26,8,15.22,485.03,19.45
9/3/26,Rolling 3 Months,6/1/26,8/31/26,13856,City,"Norwood, NJ",Norwood,NJ,22,13.37,941377,-5.86,85,11,24,27.99,53,38.28,20,44.03,445.85,3.8
9/3/26,Rolling 3 Months,6/1/26,8/31/26,35824,City,"Nutley, NJ",Nutley,NJ,79,-5.98,704534,8.39,27,-34,84,-15.9,150,-17.37,71,-34.65,402.95,10.25
9/3/26,Rolling 3 Months,6/1/26,8/31/26,37804,City,"Oak Ridge, NJ",Oak Ridge,NJ,44,42.27,604600,11.55,20,-16,46,19.99,82,36.42,47,35.39,293.33,-2.65
9/3/26,Rolling 3 Months,6/1/26,8/31/26,24779,City,"Oak Valley, NJ",Oak Valley,NJ,13,-29.82,339775,0.82,32,13,6,-49.34,12,-39.37,4,-73.11,203.3,6.47
9/3/26,Rolling 3 Months,6/1/26,8/31/26,24752,City,"Oakhurst, NJ",Oakhurst,NJ,15,-14.52,1124256,38.46,25,1,23,1.32,41,-30.95,12,-47.4,667.89,17.81
9/3/26,Rolling 3 Months,6/1/26,8/31/26,13917,City,"Oakland, NJ",Oakland,NJ,32,-18.47,786979,-4.34,47,-21,47,66.46,78,27.55,38,16.1,372.58,-1.33
9/3/26,Rolling 3 Months,6/1/26,8/31/26,13929,City,"Oaklyn, NJ",Oaklyn,NJ,16,49.19,377250,-14.26,24,3,23,94.21,30,21.26,21,135.25,232.45,-5.37
9/3/26,Rolling 3 Months,6/1/26,8/31/26,24799,City,"Ocean Acres, NJ",Ocean Acres,NJ,74,-41.85,602102,19.82,23,0,107,-14.76,160,-18.12,103,-16.39,287.6,0.78
9/3/26,Rolling 3 Months,6/1/26,8/31/26,14076,City,"Ocean City, NJ",Ocean City,NJ,154,-9.5,1121758,-4.53,82,7,183,-10.97,492,1.68,196,-3.17,864.9,0.91
9/3/26,Rolling 3 Months,6/1/26,8/31/26,14095,City,"Ocean Gate, NJ",Ocean Gate,NJ,14,-4.27,444206,4.52,25,-6,10,-7.89,19,20,9,-9.26,395.57,27.8
9/3/26,Rolling 3 Months,6/1/26,8/31/26,24813,City,"Ocean Grove, NJ",Ocean Grove,NJ,32,44.53,774487,-6.77,19,-5,29,39.92,50,26.96,34,26.96,627.18,-2.68
9/3/26,Rolling 3 Months,6/1/26,8/31/26,38285,City,"Ocean View, NJ",Ocean View,NJ,6,-12.08,489176,652.58,115,73,7,-29.07,18,1.05,6,-32.79,167.14,-24.03
9/3/26,Rolling 3 Months,6/1/26,8/31/26,14120,City,"Oceanport, NJ",Oceanport,NJ,18,-2.83,1186715,22.66,18,3,17,43.54,29,46.52,19,59.63,481.96,13.83
9/3/26,Rolling 3 Months,6/1/26,8/31/26,37277,City,"Oceanville, NJ",Oceanville,NJ,1,-48.71,359762,-49.54,69,36,7,18.21,10,44.36,4,0.82,230.25,0.02
9/3/26,Rolling 3 Months,6/1/26,8/31/26,14146,City,"Ogdensburg, NJ",Ogdensburg,NJ,9,-16.08,524653,16.59,34,3,9,1.32,15,-15.79,10,-8.34,272.65,32.93
9/3/26,Rolling 3 Months,6/1/26,8/31/26,24831,City,"Old Bridge, NJ",Old Bridge,NJ,79,11.24,659564,4.69,53,-2,81,9.54,134,1.05,69,-6.08,367.86,0.07
9/3/26,Rolling 3 Months,6/1/26,8/31/26,14195,City,"Old Tappan, NJ",Old Tappan,NJ,15,2.57,1618929,14.41,79,-8,23,37.09,45,16.6,18,20.98,500.28,15.42
9/3/26,Rolling 3 Months,6/1/26,8/31/26,37731,City,"Oldwick, NJ",Oldwick,NJ,2,-31.62,935281,67.01,21,-19,3,51.99,4,1.05,1,-66.39,283.19,-22.52
9/3/26,Rolling 3 Months,6/1/26,8/31/26,24844,City,"Olivet, NJ",Olivet,NJ,4,-17.94,369256,-7.69,26,7,5,1.32,7,-11.58,4,-19.34,179.48,4.75
9/3/26,Rolling 3 Months,6/1/26,8/31/26,14231,City,"Oradell, NJ",Oradell,NJ,27,-4.76,996341,1.67,60,4,25,5.55,50,10.03,23,-10.81,484.51,3.73
9/3/26,Rolling 3 Months,6/1/26,8/31/26,36939,City,"Othello, NJ",Othello,NJ,NA,NA,NA,NA,NA,NA,NA,NA,1,NA,NA,NA,NA,NA
9/3/26,Rolling 3 Months,6/1/26,8/31/26,24875,City,"Oxford, NJ",Oxford,NJ,6,53.86,137409,-57.72,17,-2,8,-49.34,13,-30.86,8,-46.23,284.27,20
9/3/26,Rolling 3 Months,6/1/26,8/31/26,37727,City,"Packanack Lake, NJ",Packanack Lake,NJ,14,-20.22,899405,17.19,18,-39,6,-56.58,16,-35.33,11,-34.76,367.84,-7.05
9/3/26,Rolling 3 Months,6/1/26,8/31/26,37227,City,"Palermo, NJ",Palermo,NJ,14,79.5,522154,3.91,98,41,5,-49.34,24,42.66,7,0.82,349.22,35.02
9/3/26,Rolling 3 Months,6/1/26,8/31/26,14436,City,"Palisades Park, NJ",Palisades Park,NJ,36,-12.44,1214196,40.53,80,4,37,-26.49,100,5.3,37,-4.35,547.64,14.48
9/3/26,Rolling 3 Months,6/1/26,8/31/26,14448,City,"Palmyra, NJ",Palmyra,NJ,37,47.7,304399,-6.48,30,1,56,39.32,79,51.57,41,53.1,212.92,2.26
9/3/26,Rolling 3 Months,6/1/26,8/31/26,31279,City,"Panther Valley, NJ",Panther Valley,NJ,34,2.57,519656,0.51,26,-4,32,1.32,44,-11.08,31,-8.08,304.58,5.61
9/3/26,Rolling 3 Months,6/1/26,8/31/26,14484,City,"Paramus, NJ",Paramus,NJ,66,13.18,1249173,-0.07,66,-8,76,-0.01,156,10.37,72,10.13,488.82,1.64
9/3/26,Rolling 3 Months,6/1/26,8/31/26,14533,City,"Park Ridge, NJ",Park Ridge,NJ,25,11.89,999213,24.13,85,20,17,-47.8,38,-26.16,17,-44.71,457.49,31.53
9/3/26,Rolling 3 Months,6/1/26,8/31/26,37598,City,"Parsippany, NJ",Parsippany,NJ,24,-32.6,789478,13.59,17,-9,42,-1.09,57,-4.09,35,17.62,347.16,-0.63
9/3/26,Rolling 3 Months,6/1/26,8/31/26,14646,City,"Passaic, NJ",Passaic,NJ,51,34.96,589610,-1.73,69,-27,51,-14.13,119,12.49,45,-5.48,313.05,5.87
9/3/26,Rolling 3 Months,6/1/26,8/31/26,14759,City,"Paterson, NJ",Paterson,NJ,162,-7.39,604600,13.01,67,1,231,-22.99,490,-3.9,196,-3.65,283.02,0.92
9/3/26,Rolling 3 Months,6/1/26,8/31/26,14807,City,"Paulsboro, NJ",Paulsboro,NJ,30,56.55,292307,12.43,25,-5,40,16.23,58,10.77,31,15.76,201.59,18.42
9/3/26,Rolling 3 Months,6/1/26,8/31/26,14857,City,"Peapack & Gladstone, NJ",Peapack & Gladstone,NJ,6,-44.05,794474,-35.41,30,9,10,-36.67,18,-24.21,9,-24.38,429.82,14.85
9/3/26,Rolling 3 Months,6/1/26,8/31/26,34260,City,"Pedricktown, NJ",Pedricktown,NJ,5,28.21,339775,18.18,13,-56,3,51.99,9,127.36,5,68.03,204.18,10.97
9/3/26,Rolling 3 Months,6/1/26,8/31/26,25023,City,"Pemberton Heights, NJ",Pemberton Heights,NJ,7,-20.22,389742,12.97,36,10,10,-7.89,14,-11.58,9,-35.19,221.31,-7.26
9/3/26,Rolling 3 Months,6/1/26,8/31/26,14896,City,"Pemberton, NJ",Pemberton,NJ,10,-6.75,327283,-6.62,63,26,13,88.17,19,12.94,9,-17.51,246.84,-1.27
9/3/26,Rolling 3 Months,6/1/26,8/31/26,14930,City,"Pennington, NJ",Pennington,NJ,19,39.2,768491,10.18,49,-9,15,26.66,28,4.79,14,41.15,320.67,2.41
9/3/26,Rolling 3 Months,6/1/26,8/31/26,14978,City,"Penns Grove, NJ",Penns Grove,NJ,11,-33.63,246837,24.04,60,17,25,15.14,46,5.64,15,8.02,150.8,3.06
9/3/26,Rolling 3 Months,6/1/26,8/31/26,25032,City,"Pennsauken, NJ",Pennsauken,NJ,93,26.13,344772,6.74,30,8,126,5.58,189,11.15,94,10.31,222.93,3.04
9/3/26,Rolling 3 Months,6/1/26,8/31/26,25038,City,"Pennsville, NJ",Pennsville,NJ,54,0.67,294805,7.69,46,16,65,-13.54,118,0.19,48,-24.38,196.55,-0.67
9/3/26,Rolling 3 Months,6/1/26,8/31/26,15081,City,"Perth Amboy, NJ",Perth Amboy,NJ,47,4.85,451701,-4.91,90,2,69,25.27,139,23.41,59,29.31,315.35,5.37
9/3/26,Rolling 3 Months,6/1/26,8/31/26,15108,City,"Phillipsburg, NJ",Phillipsburg,NJ,40,-2.43,309695,12.01,25,2,64,-6.13,119,22.93,45,-11.04,200.44,12.06
9/3/26,Rolling 3 Months,6/1/26,8/31/26,15170,City,"Pine Beach, NJ",Pine Beach,NJ,8,-8.83,582114,-2.98,18,-17,9,82.38,14,17.89,8,61.31,302.66,-10.88
9/3/26,Rolling 3 Months,6/1/26,8/31/26,37588,City,"Pine Brook, NJ",Pine Brook,NJ,17,45.31,981351,15.45,16,-6,9,-8.81,16,15.48,14,76.44,386.93,8.22
9/3/26,Rolling 3 Months,6/1/26,8/31/26,15215,City,"Pine Hill, NJ",Pine Hill,NJ,32,9.64,301550,0.52,24,3,45,31.13,61,21.26,30,-13.58,210.76,4.64
9/3/26,Rolling 3 Months,6/1/26,8/31/26,31285,City,"Pine Lake Park, NJ",Pine Lake Park,NJ,46,2.57,554633,-14.01,32,3,65,37.97,106,24.83,55,15.52,340.9,-2.36
9/3/26,Rolling 3 Months,6/1/26,8/31/26,25103,City,"Pine Ridge at Crestwood, NJ",Pine Ridge at Crestwood,NJ,27,15.95,189824,-9.82,44,-15,21,-37.42,50,-24.98,13,-56.31,197.12,0.82
9/3/26,Rolling 3 Months,6/1/26,8/31/26,37632,City,"Pines Lake, NJ",Pines Lake,NJ,8,2.57,907399,-31.9,20,-10,13,1.32,16,-10.18,11,23.23,346.98,-2.42
9/3/26,Rolling 3 Months,6/1/26,8/31/26,15295,City,"Pitman, NJ",Pitman,NJ,29,-22.38,345771,-7.79,24,2,28,18.21,43,1.05,28,8.58,259.76,11.13
9/3/26,Rolling 3 Months,6/1/26,8/31/26,15325,City,"Plainfield, NJ",Plainfield,NJ,56,-41.84,539643,-2.77,32,-4,102,2.34,182,3.94,76,-24.38,341.28,2.09
9/3/26,Rolling 3 Months,6/1/26,8/31/26,25136,City,"Plainsboro Center, NJ",Plainsboro Center,NJ,6,2.57,800970,28.67,84,26,3,-39.21,9,-17.32,5,-27.99,269.22,-17.92
9/3/26,Rolling 3 Months,6/1/26,8/31/26,34384,City,"Pleasant Plains, NJ",Pleasant Plains,NJ,2,105.14,771989,-36.2,13,-140,2,102.65,4,102.1,3,202.46,309.37,0.25
9/3/26,Rolling 3 Months,6/1/26,8/31/26,37183,City,"Pleasantdale, NJ",Pleasantdale,NJ,8,105.14,697289,-5.61,42,6,8,35.1,14,57.19,5,26.03,419.69,36.49
9/3/26,Rolling 3 Months,6/1/26,8/31/26,15433,City,"Pleasantville, NJ",Pleasantville,NJ,46,35.75,267723,21.69,61,-39,55,33.45,111,18.25,48,15.22,228.89,47.02
9/3/26,Rolling 3 Months,6/1/26,8/31/26,37751,City,"Pluckemin, NJ",Pluckemin,NJ,3,NA,689544,NA,23,NA,4,102.65,5,68.42,3,NA,375.08,15.89
9/3/26,Rolling 3 Months,6/1/26,8/31/26,15482,City,"Point Pleasant Beach, NJ",Point Pleasant Beach,NJ,26,6.84,1199206,9.02,41,-2,26,14.54,44,-9.26,22,-11.28,686.86,-2.69
9/3/26,Rolling 3 Months,6/1/26,8/31/26,15477,City,"Point Pleasant, NJ",Point Pleasant,NJ,61,6.17,877419,19.38,20,4,85,-10.41,120,-4.56,67,-8.85,532.26,17.07
9/3/26,Rolling 3 Months,6/1/26,8/31/26,25180,City,"Pomona, NJ",Pomona,NJ,11,2.57,382247,-9.74,65,-24,21,77.32,33,28.25,16,24.09,233.03,10.63
9/3/26,Rolling 3 Months,6/1/26,8/31/26,15521,City,"Pompton Lakes, NJ",Pompton Lakes,NJ,46,44.24,549636,7.51,29,-26,51,17.82,78,14.42,42,20.98,343.88,-1.23
9/3/26,Rolling 3 Months,6/1/26,8/31/26,37758,City,"Pompton Plains, NJ",Pompton Plains,NJ,23,2.57,639577,-3.46,18,-36,28,41.85,37,-8.81,15,-39.51,391.17,0.04
9/3/26,Rolling 3 Months,6/1/26,8/31/26,34417,City,"Port Colden, NJ",Port Colden,NJ,NA,NA,NA,NA,NA,NA,1,NA,1,NA,NA,NA,NA,NA
9/3/26,Rolling 3 Months,6/1/26,8/31/26,36945,City,"Port Elizabeth, NJ",Port Elizabeth,NJ,NA,NA,NA,NA,NA,NA,2,NA,2,1.05,1,NA,150.44,NA
9/3/26,Rolling 3 Months,6/1/26,8/31/26,25205,City,"Port Monmouth, NJ",Port Monmouth,NJ,10,-21.1,605599,8.16,22,5,21,32.99,25,20.3,15,16.33,361.51,9.36
9/3/26,Rolling 3 Months,6/1/26,8/31/26,37699,City,"Port Morris, NJ",Port Morris,NJ,NA,NA,NA,NA,NA,NA,1,-66.23,1,-66.32,NA,NA,311.33,-13.54
9/3/26,Rolling 3 Months,6/1/26,8/31/26,34436,City,"Port Murray, NJ",Port Murray,NJ,NA,NA,NA,NA,NA,NA,NA,NA,1,-66.32,NA,NA,NA,NA
9/3/26,Rolling 3 Months,6/1/26,8/31/26,25219,City,"Port Norris, NJ",Port Norris,NJ,3,-56.04,269821,42.01,251,149,5,-53.94,13,-40.29,4,-59.67,140.63,-3.57
9/3/26,Rolling 3 Months,6/1/26,8/31/26,25225,City,"Port Reading, NJ",Port Reading,NJ,8,2.57,622563,19.15,65,12,10,-7.89,17,-18.2,7,-52.95,373.63,-8.38
9/3/26,Rolling 3 Months,6/1/26,8/31/26,15626,City,"Port Republic, NJ",Port Republic,NJ,1,-65.81,834448,122.52,119,89,5,68.87,12,203.15,2,-32.79,290.68,32.23
9/3/26,Rolling 3 Months,6/1/26,8/31/26,37739,City,"Pottersville, NJ",Pottersville,NJ,1,NA,1326122,NA,24,NA,2,102.65,2,102.1,1,NA,293.53,9
9/3/26,Rolling 3 Months,6/1/26,8/31/26,37763,City,"Preakness, NJ",Preakness,NJ,44,29.72,854435,36.16,27,-36,64,11.99,92,6.92,50,-4.89,364.83,4.07
9/3/26,Rolling 3 Months,6/1/26,8/31/26,25238,City,"Presidential Lakes Estates, NJ",Presidential Lakes Estates,NJ,13,33.34,379749,5.78,11,-30,12,-24.01,18,-4.27,9,-17.51,199.01,-12.23
9/3/26,Rolling 3 Months,6/1/26,8/31/26,25249,City,"Princeton Junction, NJ",Princeton Junction,NJ,3,-65.81,1174223,52.5,24,-36,7,-49.34,13,-54.7,4,-63.34,431.18,-7.52
9/3/26,Rolling 3 Months,6/1/26,8/31/26,25251,City,"Princeton Meadows, NJ",Princeton Meadows,NJ,25,-23.07,396737,-24.79,58,9,42,15.4,69,2.56,25,-9.98,391.48,6.71
9/3/26,Rolling 3 Months,6/1/26,8/31/26,15686,City,"Princeton, NJ",Princeton,NJ,92,-11.24,1498009,10.76,37,1,78,-7.12,158,1.05,71,-3.32,535.09,0.1
9/3/26,Rolling 3 Months,6/1/26,8/31/26,15750,City,"Prospect Park, NJ",Prospect Park,NJ,16,-17.94,599603,7.07,49,10,24,27.99,34,-9.59,19,0.82,281.57,-4.87
9/3/26,Rolling 3 Months,6/1/26,8/31/26,34480,City,"Quinton, NJ",Quinton,NJ,2,105.14,267323,311.27,120,103,1,-74.67,2,-59.58,1,-49.59,108.15,-40.87
9/3/26,Rolling 3 Months,6/1/26,8/31/26,15819,City,"Rahway, NJ",Rahway,NJ,72,15.81,562128,7.07,32,1,87,-11.98,142,-6.26,79,-6.38,376.56,-1.82
9/3/26,Rolling 3 Months,6/1/26,8/31/26,37797,City,"Rainbow Lakes, NJ",Rainbow Lakes,NJ,4,-41.39,685546,-7.98,12,-2,1,-74.67,3,-49.48,2,-66.39,367.85,-18.55
9/3/26,Rolling 3 Months,6/1/26,8/31/26,25299,City,"Ramblewood, NJ",Ramblewood,NJ,17,16.25,519556,-5.54,22,0,25,130.28,34,114.73,16,34.43,244.17,2.69
9/3/26,Rolling 3 Months,6/1/26,8/31/26,15862,City,"Ramsey, NJ",Ramsey,NJ,49,20.08,969358,5.37,60,-10,40,6.8,73,10.24,45,41.78,433.72,3.57
9/3/26,Rolling 3 Months,6/1/26,8/31/26,25310,City,"Ramtown, NJ",Ramtown,NJ,32,5.99,704534,19.82,26,6,30,-17.85,49,-4.89,28,-2.66,349.53,3.14
9/3/26,Rolling 3 Months,6/1/26,8/31/26,15927,City,"Raritan, NJ",Raritan,NJ,14,43.6,554633,-10.54,23,3,18,7.28,23,-13.92,19,59.63,350.59,8.78
9/3/26,Rolling 3 Months,6/1/26,8/31/26,16034,City,"Red Bank, NJ",Red Bank,NJ,66,-15.84,861930,15.7,27,-4,75,11.91,115,-7.1,58,-19.9,455.1,15.1
9/3/26,Rolling 3 Months,6/1/26,8/31/26,37825,City,"Regency at Monroe, NJ",Regency at Monroe,NJ,10,-21.1,844441,8.26,15,-38,14,18.21,19,-16.52,9,-9.26,354.28,7.16
9/3/26,Rolling 3 Months,6/1/26,8/31/26,37613,City,"Renaissance at Monroe, NJ",Renaissance at Monroe,NJ,3,-23.07,659564,2.26,162,94,4,102.65,8,61.68,2,-49.59,330.64,4.75
9/3/26,Rolling 3 Months,6/1/26,8/31/26,38295,City,"Richland, NJ",Richland,NJ,2,NA,444706,NA,59,NA,2,-32.45,3,-39.37,3,NA,127.02,-42.01
9/3/26,Rolling 3 Months,6/1/26,8/31/26,34545,City,"Richwood, NJ",Richwood,NJ,11,-24.78,749504,4.83,25,-11,11,1.32,19,-8.57,11,-20.78,213.27,-1.64
9/3/26,Rolling 3 Months,6/1/26,8/31/26,16148,City,"Ridgefield Park, NJ",Ridgefield Park,NJ,36,56.09,612095,-2.06,76,5,30,-7.89,81,37.02,33,18.82,376.78,-2.93
9/3/26,Rolling 3 Months,6/1/26,8/31/26,16142,City,"Ridgefield, NJ",Ridgefield,NJ,49,-5.32,989345,1.89,38,-23,41,-26.31,82,-23.5,29,-49.59,408.68,1.67
9/3/26,Rolling 3 Months,6/1/26,8/31/26,16161,City,"Ridgewood, NJ",Ridgewood,NJ,95,38.25,1606937,46.09,56,-11,57,11.26,123,11.06,76,40.03,547.83,3.89
9/3/26,Rolling 3 Months,6/1/26,8/31/26,37132,City,"Ringoes, NJ",Ringoes,NJ,4,105.14,714527,28.74,17,-3,3,203.97,3,-24.21,1,-49.59,293.36,3.47
9/3/26,Rolling 3 Months,6/1/26,8/31/26,16205,City,"Ringwood, NJ",Ringwood,NJ,30,-4.05,679800,11.44,27,-56,45,93.84,65,7.79,47,57.95,279.18,5.98
9/3/26,Rolling 3 Months,6/1/26,8/31/26,25412,City,"Rio Grande, NJ",Rio Grande,NJ,17,58.52,476874,4.81,31,-37,33,122.91,51,102.1,26,162.13,213.51,2.89
9/3/26,Rolling 3 Months,6/1/26,8/31/26,16248,City,"River Edge, NJ",River Edge,NJ,28,-1.09,969358,-9.66,70,1,26,9.77,52,1.05,27,4.7,495.75,13.47
9/3/26,Rolling 3 Months,6/1/26,8/31/26,16238,City,"Riverdale, NJ",Riverdale,NJ,18,-42.3,438210,-4.94,35,2,23,-19.64,37,-16.92,22,-30.69,380.53,-1.49
9/3/26,Rolling 3 Months,6/1/26,8/31/26,16313,City,"Riverton, NJ",Riverton,NJ,11,125.65,539643,28.49,28,13,13,9.77,20,26.31,8,-10.38,268.97,15.41
9/3/26,Rolling 3 Months,6/1/26,8/31/26,37115,City,"Roadstown, NJ",Roadstown,NJ,NA,NA,NA,NA,NA,NA,NA,NA,2,1.05,NA,NA,NA,NA
9/3/26,Rolling 3 Months,6/1/26,8/31/26,37713,City,"Robbinsville Center, NJ",Robbinsville Center,NJ,19,-11.42,395737,-6.33,34,-8,19,37.51,41,33.65,19,6.42,335.41,7.51
9/3/26,Rolling 3 Months,6/1/26,8/31/26,34589,City,"Robbinsville, NJ",Robbinsville,NJ,19,-11.42,395737,-6.33,34,-8,19,37.51,41,33.65,19,6.42,335.41,7.51
9/3/26,Rolling 3 Months,6/1/26,8/31/26,34591,City,"Robertsville, NJ",Robertsville,NJ,30,-9.86,874421,13.56,11,-9,36,-4.01,43,-13.1,30,-13.58,369.09,22.28
9/3/26,Rolling 3 Months,6/1/26,8/31/26,16420,City,"Rockaway, NJ",Rockaway,NJ,16,64.11,532148,0.88,24,1,21,-3.28,29,4.66,21,24.54,334.46,-2.93
9/3/26,Rolling 3 Months,6/1/26,8/31/26,16458,City,"Rockleigh, NJ",Rockleigh,NJ,1,NA,2828128,NA,66,NA,NA,NA,10,910.49,3,202.46,NA,NA
9/3/26,Rolling 3 Months,6/1/26,8/31/26,16498,City,"Rocky Hill, NJ",Rocky Hill,NJ,5,156.43,774487,38.17,13,-23,4,305.3,6,102.1,2,-32.79,382.58,24.93
9/3/26,Rolling 3 Months,6/1/26,8/31/26,31296,City,"Roebling, NJ",Roebling,NJ,16,26.24,343523,10.81,36,-1,13,9.77,22,23.5,11,10.9,218.12,-3.99
9/3/26,Rolling 3 Months,6/1/26,8/31/26,16515,City,"Roosevelt, NJ",Roosevelt,NJ,3,NA,504816,NA,19,NA,2,-32.45,4,34.73,3,NA,286.71,24.88
9/3/26,Rolling 3 Months,6/1/26,8/31/26,16563,City,"Roseland, NJ",Roseland,NJ,27,105.14,921890,23.74,22,-46,29,72.85,43,44.84,21,202.46,407.58,12.59
9/3/26,Rolling 3 Months,6/1/26,8/31/26,16576,City,"Roselle Park, NJ",Roselle Park,NJ,31,-14.52,582115,2.13,26,6,33,-4.47,47,-16.68,26,-27.19,336.13,3.42
9/3/26,Rolling 3 Months,6/1/26,8/31/26,16572,City,"Roselle, NJ",Roselle,NJ,36,-18.41,539643,4.68,37,5,65,8.08,99,-1.95,44,-16.3,344.03,-4.22
9/3/26,Rolling 3 Months,6/1/26,8/31/26,25529,City,"Rosenhayn, NJ",Rosenhayn,NJ,3,2.57,209861,-16.39,18,-87,2,-66.23,4,-66.32,1,-74.79,153.81,-33.58
9/3/26,Rolling 3 Months,6/1/26,8/31/26,25536,City,"Rossmoor, NJ",Rossmoor,NJ,33,-23.67,286810,12.74,98,16,54,37.7,103,17.13,39,-21.36,223.47,-5.2
9/3/26,Rolling 3 Months,6/1/26,8/31/26,16703,City,"Rumson, NJ",Rumson,NJ,37,42.02,3142420,38.89,11,-11,33,19.42,51,1.05,34,14.26,822.58,9.06
9/3/26,Rolling 3 Months,6/1/26,8/31/26,16710,City,"Runnemede, NJ",Runnemede,NJ,41,0.07,348265,-0.49,43,2,21,-50.52,53,-25.99,33,-29.21,251.27,7.26
9/3/26,Rolling 3 Months,6/1/26,8/31/26,16741,City,"Rutherford, NJ",Rutherford,NJ,64,55.11,859431,37.51,66,5,59,4.94,111,14.59,64,29.63,471.37,9.48
9/3/26,Rolling 3 Months,6/1/26,8/31/26,35950,City,"Saddle Brook Township, NJ",Saddle Brook Township,NJ,33,36.76,665060,3.92,58,-2,36,13.99,73,39.91,33,38.63,380.37,-2.9
9/3/26,Rolling 3 Months,6/1/26,8/31/26,16766,City,"Saddle River, NJ",Saddle River,NJ,16,9.41,3307811,16.39,121,42,16,-4.64,49,3.2,16,7.54,550.25,-2.03
9/3/26,Rolling 3 Months,6/1/26,8/31/26,16784,City,"Salem, NJ",Salem,NJ,26,-8.42,138908,-22.29,92,35,22,-14.26,73,10.24,31,-21.86,81.15,-20.35
9/3/26,Rolling 3 Months,6/1/26,8/31/26,16859,City,"Sayreville, NJ",Sayreville,NJ,120,2.57,517657,-3.69,50,-11,194,69.76,315,55.31,125,13.65,343.42,-5.9
9/3/26,Rolling 3 Months,6/1/26,8/31/26,16966,City,"Sea Bright, NJ",Sea Bright,NJ,8,-31.62,1698876,54.44,35,-68,18,507.95,30,59.55,14,76.44,746.33,0.31
9/3/26,Rolling 3 Months,6/1/26,8/31/26,16987,City,"Sea Girt, NJ",Sea Girt,NJ,8,17.22,5109119,41.92,16,-7,5,-43.71,9,-24.21,4,-19.34,1144.05,-17.57
9/3/26,Rolling 3 Months,6/1/26,8/31/26,17006,City,"Sea Isle City, NJ",Sea Isle City,NJ,28,-13.46,1698876,33.25,80,-26,35,-15.56,64,-19.42,24,-30.87,971.52,6.84
9/3/26,Rolling 3 Months,6/1/26,8/31/26,25638,City,"Seabrook Farms, NJ",Seabrook Farms,NJ,2,-58.97,215847,-15.35,60,25,4,1.32,7,-11.58,2,-59.67,225.58,-0.78
9/3/26,Rolling 3 Months,6/1/26,8/31/26,17029,City,"Seaside Heights, NJ",Seaside Heights,NJ,30,14.41,818458,49.23,73,22,68,23.43,140,36.37,35,68.03,491.59,-5.3
9/3/26,Rolling 3 Months,6/1/26,8/31/26,17036,City,"Seaside Park, NJ",Seaside Park,NJ,14,2.57,1111764,-6.22,25,-32,14,-11.34,28,-23.53,16,0.82,735.89,8.91
9/3/26,Rolling 3 Months,6/1/26,8/31/26,37346,City,"Seaville, NJ",Seaville,NJ,11,12.83,479683,-10.21,80,56,13,-5.91,28,8.82,11,23.23,288.99,40.44
9/3/26,Rolling 3 Months,6/1/26,8/31/26,17057,City,"Secaucus, NJ",Secaucus,NJ,48,-7.29,626485,2.96,63,-13,58,8.97,110,5.91,47,7.69,370.41,1.86
9/3/26,Rolling 3 Months,6/1/26,8/31/26,37324,City,"Seeley, NJ",Seeley,NJ,NA,NA,NA,NA,NA,NA,1,NA,1,NA,NA,NA,231.41,NA
9/3/26,Rolling 3 Months,6/1/26,8/31/26,25660,City,"Sewaren, NJ",Sewaren,NJ,4,2.57,599603,8.04,57,2,10,-7.89,16,24.37,8,0.82,325.76,-15.08
9/3/26,Rolling 3 Months,6/1/26,8/31/26,36277,City,"Sewell, NJ",Sewell,NJ,148,-2.83,419722,-6.71,29,10,162,-7.89,238,-0.64,144,-5.77,219.17,1.02
9/3/26,Rolling 3 Months,6/1/26,8/31/26,25665,City,"Shark River Hills, NJ",Shark River Hills,NJ,21,105.14,729517,1.39,22,7,25,111.09,38,91.99,21,51.23,418.47,1.81
9/3/26,Rolling 3 Months,6/1/26,8/31/26,17159,City,"Shiloh, NJ",Shiloh,NJ,1,-48.71,279815,53.32,76,45,1,1.32,2,1.05,1,0.82,159.38,1.61
9/3/26,Rolling 3 Months,6/1/26,8/31/26,17175,City,"Ship Bottom, NJ",Ship Bottom,NJ,6,-12.08,1648909,34.6,55,7,11,85.76,20,6.37,6,-32.79,1079.36,18.83
9/3/26,Rolling 3 Months,6/1/26,8/31/26,34746,City,"Short Hills, NJ",Short Hills,NJ,72,13.97,2523080,2.98,14,-9,39,24.2,68,10.99,38,16.1,682.08,-1.18
9/3/26,Rolling 3 Months,6/1/26,8/31/26,17245,City,"Shrewsbury, NJ",Shrewsbury,NJ,14,43.6,961308,8.32,13,-3,13,46.36,16,46.98,15,152.05,490.59,9.87
9/3/26,Rolling 3 Months,6/1/26,8/31/26,37313,City,"Sicklerville, NJ",Sicklerville,NJ,191,0.94,364749,1.04,34,1,232,24.08,374,19.45,218,19.66,201.29,0.28
9/3/26,Rolling 3 Months,6/1/26,8/31/26,37214,City,"Silver Lake, NJ",Silver Lake,NJ,3,-38.46,406731,41.23,66,48,9,203.97,15,152.62,8,168.85,188.04,-23.88
9/3/26,Rolling 3 Months,6/1/26,8/31/26,34761,City,"Silver Lake, NJ",Silver Lake,NJ,7,2.57,484679,0.97,49,-18,11,122.91,19,37.14,7,76.44,376.41,14.65
9/3/26,Rolling 3 Months,6/1/26,8/31/26,34767,City,"Silver Lake, NJ",Silver Lake,NJ,1,-48.71,484679,20.19,38,-62,NA,NA,1,-66.32,1,-49.59,NA,NA
9/3/26,Rolling 3 Months,6/1/26,8/31/26,25722,City,"Silver Ridge, NJ",Silver Ridge,NJ,7,-34.73,289808,-10.83,23,-3,13,1.32,26,38.28,8,-19.34,282.14,4.17
9/3/26,Rolling 3 Months,6/1/26,8/31/26,34772,City,"Singac, NJ",Singac,NJ,17,-8.23,529649,19.02,27,-41,25,49.01,39,6.51,29,27.12,389.41,2.62
9/3/26,Rolling 3 Months,6/1/26,8/31/26,34777,City,"Six Mile Run, NJ",Six Mile Run,NJ,7,-10.25,589610,-31.92,15,-4,9,1.32,14,41.47,3,-49.59,311.02,-6.81
9/3/26,Rolling 3 Months,6/1/26,8/31/26,34778,City,"Skillman, NJ",Skillman,NJ,2,NA,799471,NA,34,NA,1,1.32,6,203.15,2,101.64,NA,NA
9/3/26,Rolling 3 Months,6/1/26,8/31/26,34788,City,"Smithville, NJ",Smithville,NJ,72,66.97,311794,45.02,70,12,111,122.91,207,107.15,85,96.95,219.31,1.11
9/3/26,Rolling 3 Months,6/1/26,8/31/26,25764,City,"Society Hill, NJ",Society Hill,NJ,10,-6.75,653068,49.44,55,-12,17,23.04,31,30.52,14,17.62,367.73,19.39
9/3/26,Rolling 3 Months,6/1/26,8/31/26,17512,City,"Somerdale, NJ",Somerdale,NJ,31,39.87,333779,4.31,20,-10,28,49.32,50,70.74,31,48.83,234.73,2.8
9/3/26,Rolling 3 Months,6/1/26,8/31/26,17534,City,"Somers Point, NJ",Somers Point,NJ,41,13.97,456698,-0.71,74,2,58,56.09,122,42.17,53,37.01,375.87,13.18
9/3/26,Rolling 3 Months,6/1/26,8/31/26,25771,City,"Somerset, NJ",Somerset,NJ,77,22.11,508064,-2.67,21,-2,82,30.27,115,12.94,67,7.33,326.83,0.6
9/3/26,Rolling 3 Months,6/1/26,8/31/26,17539,City,"Somerville, NJ",Somerville,NJ,35,12.5,572621,-2.78,20,-3,39,20.32,54,-0.82,36,20.98,373.61,8.44
9/3/26,Rolling 3 Months,6/1/26,8/31/26,17563,City,"South Amboy, NJ",South Amboy,NJ,34,30.19,529649,0.89,75,26,25,-23.24,87,29.7,24,-34.6,314.84,-9.83
9/3/26,Rolling 3 Months,6/1/26,8/31/26,17606,City,"South Bound Brook, NJ",South Bound Brook,NJ,14,19.67,510662,7.51,18,-9,15,8.56,21,32.63,13,19.15,384.67,-10.49
9/3/26,Rolling 3 Months,6/1/26,8/31/26,36969,City,"South Dennis, NJ",South Dennis,NJ,2,-31.62,612045,72.41,35,-104,3,-24.01,6,-13.39,3,-24.38,227.45,-17.44
9/3/26,Rolling 3 Months,6/1/26,8/31/26,17747,City,"South Plainfield, NJ",South Plainfield,NJ,54,23.55,607304,2.07,65,13,76,26.66,129,37.6,58,49.94,341.99,-3.1
9/3/26,Rolling 3 Months,6/1/26,8/31/26,17755,City,"South River, NJ",South River,NJ,48,37.74,524653,0.89,80,10,46,47.08,101,46.45,43,14.09,344.25,5.83
9/3/26,Rolling 3 Months,6/1/26,8/31/26,37221,City,"South Seaville, NJ",South Seaville,NJ,3,207.71,449702,16.81,30,-81,2,-32.45,4,-19.16,2,0.82,403.32,35.44
9/3/26,Rolling 3 Months,6/1/26,8/31/26,17773,City,"South Toms River, NJ",South Toms River,NJ,7,-10.25,424719,3.72,32,10,12,10.54,14,8.82,4,-49.59,375.72,12.12
9/3/26,Rolling 3 Months,6/1/26,8/31/26,17842,City,"Spotswood, NJ",Spotswood,NJ,21,-6.75,499619,7.16,51,-20,37,24.97,60,21.67,32,46.65,334.41,-0.79
9/3/26,Rolling 3 Months,6/1/26,8/31/26,17920,City,"Spring Lake Heights, NJ",Spring Lake Heights,NJ,13,-11.11,998339,16.09,12,-4,13,-5.91,19,6.66,12,0.82,648.5,7.31
9/3/26,Rolling 3 Months,6/1/26,8/31/26,17915,City,"Spring Lake, NJ",Spring Lake,NJ,6,-44.05,3472702,65.37,37,25,16,35.1,27,-9.06,13,-12.62,1303.78,3.44
9/3/26,Rolling 3 Months,6/1/26,8/31/26,25863,City,"Springdale, NJ",Springdale,NJ,68,32.74,672555,13.99,24,0,68,2.86,103,15.81,65,9.36,252.22,7.2
9/3/26,Rolling 3 Months,6/1/26,8/31/26,35938,City,"Springfield, NJ",Springfield,NJ,10,-6.75,611595,20.39,21,-62,15,16.91,21,-7.74,14,8.58,271.42,18.5
9/3/26,Rolling 3 Months,6/1/26,8/31/26,35943,City,"Springfield, NJ",Springfield,NJ,50,-13.35,721523,3.97,21,2,58,20.32,80,17.4,53,11.32,395.25,10.77
9/3/26,Rolling 3 Months,6/1/26,8/31/26,17985,City,"Stanhope, NJ",Stanhope,NJ,14,-24.42,502168,11.59,18,1,22,1.32,31,-5.08,18,-21.1,315.82,6.92
9/3/26,Rolling 3 Months,6/1/26,8/31/26,34910,City,"Stewartsville, NJ",Stewartsville,NJ,4,36.76,562128,-27,62,21,3,1.32,6,-13.39,2,-59.67,264.49,-2.82
9/3/26,Rolling 3 Months,6/1/26,8/31/26,37637,City,"Stirling, NJ",Stirling,NJ,7,19.67,679550,16.46,18,-17,7,18.21,9,29.92,6,20.98,413.88,10.47
9/3/26,Rolling 3 Months,6/1/26,8/31/26,18135,City,"Stockton, NJ",Stockton,NJ,5,156.43,661063,30.26,43,4,5,68.87,7,-11.58,3,0.82,395.04,34.08
9/3/26,Rolling 3 Months,6/1/26,8/31/26,18146,City,"Stone Harbor, NJ",Stone Harbor,NJ,13,2.57,4546991,-9.06,99,-48,21,-31.36,52,-9.59,19,-4.22,1772.64,-7.77
9/3/26,Rolling 3 Months,6/1/26,8/31/26,37604,City,"Stonebridge, NJ",Stonebridge,NJ,9,31.88,784481,8.2,54,0,8,15.8,14,1.05,8,34.43,276.34,4.27
9/3/26,Rolling 3 Months,6/1/26,8/31/26,18191,City,"Stratford, NJ",Stratford,NJ,21,2.57,361211,4.71,35,12,24,-26.31,36,-4.27,18,-27.41,248.62,23.47
9/3/26,Rolling 3 Months,6/1/26,8/31/26,25956,City,"Strathmere, NJ",Strathmere,NJ,NA,NA,NA,NA,NA,NA,4,305.3,6,102.1,2,101.64,971.71,9.31
9/3/26,Rolling 3 Months,6/1/26,8/31/26,25959,City,"Strathmore, NJ",Strathmore,NJ,22,-30.52,699537,-0.07,17,2,21,-37.42,34,-20.1,25,-13.09,366.28,7.44
9/3/26,Rolling 3 Months,6/1/26,8/31/26,31313,City,"Succasunna, NJ",Succasunna,NJ,46,70.95,719464,14.2,15,-6,29,-13.58,46,3.29,35,47.03,328.31,-4.7
9/3/26,Rolling 3 Months,6/1/26,8/31/26,18243,City,"Summit, NJ",Summit,NJ,70,-21.63,1658902,8.78,13,-1,49,-17.57,67,-29.8,47,-28.2,607.82,-4.51
9/3/26,Rolling 3 Months,6/1/26,8/31/26,37325,City,"Sunset Lake, NJ",Sunset Lake,NJ,1,-48.71,249835,-5.72,12,-46,4,1.32,6,51.57,3,-24.38,210.78,-1.44
9/3/26,Rolling 3 Months,6/1/26,8/31/26,18294,City,"Surf City, NJ",Surf City,NJ,13,233.35,2148578,19.37,50,0,14,-5.43,32,34.73,13,-6.38,1088.47,12.83
9/3/26,Rolling 3 Months,6/1/26,8/31/26,18305,City,"Sussex, NJ",Sussex,NJ,9,31.88,324785,-13.39,85,57,8,-9.93,14,-21.41,7,-11.78,204.9,-4.78
9/3/26,Rolling 3 Months,6/1/26,8/31/26,18343,City,"Swedesboro, NJ",Swedesboro,NJ,8,-36.88,357264,5.11,39,-17,20,84.23,20,18.88,15,51.23,204.79,-1.97
9/3/26,Rolling 3 Months,6/1/26,8/31/26,37295,City,"Sweetwater, NJ",Sweetwater,NJ,3,-38.46,479683,19.92,36,-21,4,-18.94,7,-35.7,3,-39.51,272.96,-1.86
9/3/26,Rolling 3 Months,6/1/26,8/31/26,35000,City,"Ten Mile Run, NJ",Ten Mile Run,NJ,3,53.86,1099273,-6.05,55,39,4,-32.45,8,34.73,4,303.28,368.93,12.81
9/3/26,Rolling 3 Months,6/1/26,8/31/26,18484,City,"Tenafly, NJ",Tenafly,NJ,51,4.66,1706371,20.59,90,16,54,16.74,115,22.55,41,8.78,638.4,16.72
9/3/26,Rolling 3 Months,6/1/26,8/31/26,37732,City,"The Hills, NJ",The Hills,NJ,59,-9.86,524653,-20.5,16,-3,58,8.97,80,-8.24,43,-25.25,426.65,3.15
9/3/26,Rolling 3 Months,6/1/26,8/31/26,37771,City,"The Ponds, NJ",The Ponds,NJ,16,17.22,442207,-1.84,62,0,16,8.08,26,14.23,17,90.44,240.49,-3.36
9/3/26,Rolling 3 Months,6/1/26,8/31/26,37081,City,"Thorofare, NJ",Thorofare,NJ,6,-56.04,355765,1.94,42,25,12,-13.15,21,-21.41,9,-17.51,222.46,6.22
9/3/26,Rolling 3 Months,6/1/26,8/31/26,18609,City,"Tinton Falls, NJ",Tinton Falls,NJ,77,11.49,549636,-17.35,16,-1,81,14.17,102,-5.5,65,-21.31,372.49,10
9/3/26,Rolling 3 Months,6/1/26,8/31/26,36920,City,"Titusville, NJ",Titusville,NJ,3,-38.46,379749,-17.27,158,108,2,1.32,3,-49.48,3,51.23,278.38,26.61
9/3/26,Rolling 3 Months,6/1/26,8/31/26,26079,City,"Toms River, NJ",Toms River,NJ,363,12.41,529649,8.09,26,-3,459,2.91,791,10.2,395,10.09,317.7,4
9/3/26,Rolling 3 Months,6/1/26,8/31/26,18639,City,"Totowa, NJ",Totowa,NJ,17,-20.74,659564,12.75,42,-9,32,29.7,54,16.43,24,-19.34,372.76,-2.06
9/3/26,Rolling 3 Months,6/1/26,8/31/26,37702,City,"Towaco, NJ",Towaco,NJ,31,61.95,791976,-40.23,25,10,28,118.24,58,74.54,27,51.23,371.37,3.17
9/3/26,Rolling 3 Months,6/1/26,8/31/26,18807,City,"Trenton, NJ",Trenton,NJ,115,-12.97,245837,0.34,49,-10,214,4.29,382,4.36,141,-5.9,174.17,8.42
9/3/26,Rolling 3 Months,6/1/26,8/31/26,37794,City,"Troy Hills, NJ",Troy Hills,NJ,14,30.54,901154,1.83,18,1,15,38.17,20,44.36,12,34.43,358.48,2.73
9/3/26,Rolling 3 Months,6/1/26,8/31/26,37243,City,"Tuckahoe, NJ",Tuckahoe,NJ,NA,NA,NA,NA,NA,NA,1,NA,4,34.73,1,0.82,222.48,NA
9/3/26,Rolling 3 Months,6/1/26,8/31/26,18853,City,"Tuckerton, NJ",Tuckerton,NJ,24,96.59,574620,42.06,36,4,27,36.79,51,23.23,24,34.43,296.03,-2.36
9/3/26,Rolling 3 Months,6/1/26,8/31/26,26159,City,"Turnersville, NJ",Turnersville,NJ,9,-34.06,480682,-8.44,31,16,13,19.75,21,24.83,13,-6.38,203.84,2.84
9/3/26,Rolling 3 Months,6/1/26,8/31/26,26163,City,"Twin Rivers, NJ",Twin Rivers,NJ,32,5.99,399735,15.02,45,4,20,-34.63,57,4.79,31,7.77,270.75,0.92
9/3/26,Rolling 3 Months,6/1/26,8/31/26,18909,City,"Union Beach, NJ",Union Beach,NJ,35,-5.75,539143,3.68,30,5,43,15.02,68,9.2,27,-2.78,367.46,9.77
9/3/26,Rolling 3 Months,6/1/26,8/31/26,18931,City,"Union City, NJ",Union City,NJ,62,-26.74,567125,-5.32,56,2,132,12.58,270,4.57,86,-12.55,454.59,5.59
9/3/26,Rolling 3 Months,6/1/26,8/31/26,37783,City,"Union, NJ",Union,NJ,3,53.86,638577,11.44,41,28,6,203.97,8,304.2,4,303.28,472.9,20.77
9/3/26,Rolling 3 Months,6/1/26,8/31/26,37806,City,"Upper Greenwood Lake, NJ",Upper Greenwood Lake,NJ,7,-52.13,514659,14.37,59,40,14,-38.32,33,-9.88,14,-35.84,360.98,24.64
9/3/26,Rolling 3 Months,6/1/26,8/31/26,35134,City,"Upper Montclair, NJ",Upper Montclair,NJ,49,-15.11,1709619,13.6,14,-46,23,-22.32,39,-44.49,32,-5.11,505.29,6.03
9/3/26,Rolling 3 Months,6/1/26,8/31/26,35136,City,"Upper Pohatcong, NJ",Upper Pohatcong,NJ,5,28.21,389742,-1.95,33,7,8,-26.31,12,-24.21,7,-11.78,300.3,26.44
9/3/26,Rolling 3 Months,6/1/26,8/31/26,19045,City,"Upper Saddle River, NJ",Upper Saddle River,NJ,32,22.3,1676391,12.13,71,-35,25,1.32,62,-2.16,30,8.02,485.19,10.62
9/3/26,Rolling 3 Months,6/1/26,8/31/26,35137,City,"Upper Stewartsville, NJ",Upper Stewartsville,NJ,1,NA,349769,NA,16,NA,NA,NA,1,NA,NA,NA,NA,NA
9/3/26,Rolling 3 Months,6/1/26,8/31/26,37835,City,"Vauxhall, NJ",Vauxhall,NJ,7,-48.71,499669,-1.06,30,2,10,-15.56,17,-33.93,7,-49.59,334.68,-15.09
9/3/26,Rolling 3 Months,6/1/26,8/31/26,19150,City,"Ventnor City, NJ",Ventnor City,NJ,45,10.08,656815,11.32,79,23,72,-17.31,177,-1.21,63,5.95,524.47,3.45
9/3/26,Rolling 3 Months,6/1/26,8/31/26,35177,City,"Vernon Center, NJ",Vernon Center,NJ,26,6.84,222853,6.88,60,23,29,-37.48,59,-32.63,26,31.07,272.5,1.92
9/3/26,Rolling 3 Months,6/1/26,8/31/26,26269,City,"Vernon Valley, NJ",Vernon Valley,NJ,9,2.57,429716,2.31,26,-8,7,254.64,10,44.36,5,26.03,422.48,82.94
9/3/26,Rolling 3 Months,6/1/26,8/31/26,19223,City,"Victory Gardens, NJ",Victory Gardens,NJ,4,105.14,329782,21.58,49,-12,2,102.65,5,68.42,4,34.43,299.84,9.38
9/3/26,Rolling 3 Months,6/1/26,8/31/26,26283,City,"Victory Lakes, NJ",Victory Lakes,NJ,14,43.6,371754,8.54,51,13,18,-8.81,27,4.94,13,-12.62,231.69,7.9
9/3/26,Rolling 3 Months,6/1/26,8/31/26,31323,City,"Vienna, NJ",Vienna,NJ,2,2.57,539643,-0.98,14,-36,2,-32.45,3,-24.21,4,303.28,280.76,4.74
9/3/26,Rolling 3 Months,6/1/26,8/31/26,26290,City,"Villas, NJ",Villas,NJ,45,-13.21,387244,-2.21,30,2,58,-27.81,98,-22.82,58,-10.04,465.08,11.62
9/3/26,Rolling 3 Months,6/1/26,8/31/26,37297,City,"Vincentown, NJ",Vincentown,NJ,3,-23.07,389742,11.35,32,-21,4,35.1,5,1.05,4,34.43,143.11,-50.54
9/3/26,Rolling 3 Months,6/1/26,8/31/26,19265,City,"Vineland, NJ",Vineland,NJ,128,-8.42,319788,4.06,41,-8,179,8.04,316,5.43,152,9.52,210.01,9.24
9/3/26,Rolling 3 Months,6/1/26,8/31/26,26301,City,"Vista Center, NJ",Vista Center,NJ,7,-55.13,639477,-2,23,-44,11,-25.7,16,-46.11,4,-71.19,302.41,25.32
9/3/26,Rolling 3 Months,6/1/26,8/31/26,35197,City,"Voorhees, NJ",Voorhees,NJ,2,-31.62,675553,26.27,55,25,4,102.65,7,41.47,5,68.03,399.45,23.04
9/3/26,Rolling 3 Months,6/1/26,8/31/26,19331,City,"Waldwick, NJ",Waldwick,NJ,22,-36.65,784481,12.07,58,-6,27,-39.21,45,-35.04,29,-33.55,425.99,10.82
9/3/26,Rolling 3 Months,6/1/26,8/31/26,19346,City,"Wallington, NJ",Wallington,NJ,12,-35.22,786979,7.81,73,17,20,44.75,29,-13.81,19,27.71,368.73,-2.79
9/3/26,Rolling 3 Months,6/1/26,8/31/26,26329,City,"Wanamassa, NJ",Wanamassa,NJ,11,12.83,826453,20.21,17,-1,21,93.44,29,39.54,15,26.03,489.16,13.96
9/3/26,Rolling 3 Months,6/1/26,8/31/26,19408,City,"Wanaque, NJ",Wanaque,NJ,56,20.03,474686,-5.06,40,-11,54,7.4,105,26.62,64,51.23,274.4,-1.39
9/3/26,Rolling 3 Months,6/1/26,8/31/26,26337,City,"Waretown, NJ",Waretown,NJ,14,79.5,539093,5.7,30,-12,8,-18.94,14,-38.49,8,-26.68,334.39,3.41
9/3/26,Rolling 3 Months,6/1/26,8/31/26,35942,City,"Warren, NJ",Warren,NJ,57,-8.83,1289147,15.1,25,2,60,1.32,97,-14.91,57,-5.79,415.99,3
9/3/26,Rolling 3 Months,6/1/26,8/31/26,37004,City,"Washington Crossing, NJ",Washington Crossing,NJ,1,NA,559630,NA,49,NA,1,-74.67,3,-24.21,2,-32.79,346.27,35.12
9/3/26,Rolling 3 Months,6/1/26,8/31/26,19516,City,"Washington, NJ",Washington,NJ,21,13.97,407231,2.45,21,6,30,1.32,42,-5.69,26,4.85,223.59,-4.2
9/3/26,Rolling 3 Months,6/1/26,8/31/26,19588,City,"Watchung, NJ",Watchung,NJ,30,41.64,974355,-2.07,29,9,28,57.62,54,91.27,31,95.34,420.15,19.7
9/3/26,Rolling 3 Months,6/1/26,8/31/26,37118,City,"Watsessing, NJ",Watsessing,NJ,15,-23.07,654567,4.73,21,-72,14,18.21,28,8.82,13,-22.9,316.03,-1.05
9/3/26,Rolling 3 Months,6/1/26,8/31/26,19698,City,"Wenonah, NJ",Wenonah,NJ,7,19.67,467361,-4.12,36,19,8,35.1,14,41.47,8,61.31,204.62,-11.81
9/3/26,Rolling 3 Months,6/1/26,8/31/26,26442,City,"West Belmar, NJ",West Belmar,NJ,4,2.57,1027570,49.46,20,4,14,372.85,17,472.61,11,269.68,500.77,-16.23
9/3/26,Rolling 3 Months,6/1/26,8/31/26,37089,City,"West Berlin, NJ",West Berlin,NJ,8,2.57,392240,7.46,25,0,14,41.85,18,6.99,10,-15.98,237.35,16.95
9/3/26,Rolling 3 Months,6/1/26,8/31/26,35823,City,"West Caldwell, NJ",West Caldwell,NJ,24,-18.65,784481,-7.92,18,-38,19,13.24,32,-12.61,19,-23.38,401.21,11.87
9/3/26,Rolling 3 Months,6/1/26,8/31/26,19788,City,"West Cape May, NJ",West Cape May,NJ,4,-58.97,1269160,-0.07,113,23,3,-69.6,9,-71.58,2,-85.6,937.74,28.32
9/3/26,Rolling 3 Months,6/1/26,8/31/26,26491,City,"West Freehold, NJ",West Freehold,NJ,52,6.76,714527,13.24,14,-4,50,-6.32,70,-10.61,49,-6.79,342.75,3.2
9/3/26,Rolling 3 Months,6/1/26,8/31/26,19947,City,"West Long Branch, NJ",West Long Branch,NJ,10,-31.62,1149239,72.82,40,13,30,26.66,45,-34.1,13,-51.46,567.56,9.19
9/3/26,Rolling 3 Months,6/1/26,8/31/26,20004,City,"West New York, NJ",West New York,NJ,63,-0.69,674554,-3.64,58,-17,117,10.97,234,14.36,59,-4.06,484.51,8.97
9/3/26,Rolling 3 Months,6/1/26,8/31/26,37128,City,"West Park, NJ",West Park,NJ,4,2.57,207363,-24.8,32,-12,6,1.32,12,21.26,7,135.25,169.64,-6.31
9/3/26,Rolling 3 Months,6/1/26,8/31/26,20137,City,"West Wildwood, NJ",West Wildwood,NJ,5,28.21,724521,20.75,73,56,13,119.54,22,217.58,8,61.31,585.1,66.97
9/3/26,Rolling 3 Months,6/1/26,8/31/26,19891,City,"Westfield, NJ",Westfield,NJ,110,-13.58,1459034,15.34,15,1,85,5.08,115,-12.06,77,-20.18,537.11,1.52
9/3/26,Rolling 3 Months,6/1/26,8/31/26,37270,City,"Westmont, NJ",Westmont,NJ,45,12.83,637078,13.36,24,-6,43,37.28,70,26.77,39,12.34,316.63,3.06
9/3/26,Rolling 3 Months,6/1/26,8/31/26,35341,City,"Weston, NJ",Weston,NJ,29,14.88,956867,23.47,29,0,24,51.99,42,32.63,24,0.82,356.73,12.68
9/3/26,Rolling 3 Months,6/1/26,8/31/26,20117,City,"Westville, NJ",Westville,NJ,19,49.91,274818,0.67,49,22,14,-32.45,22,-34.62,12,-39.51,191.68,0.93
9/3/26,Rolling 3 Months,6/1/26,8/31/26,20151,City,"Westwood, NJ",Westwood,NJ,24,12.34,798472,5.34,76,7,27,-2.29,51,20.3,22,-7.58,435.34,1.4
9/3/26,Rolling 3 Months,6/1/26,8/31/26,20179,City,"Wharton, NJ",Wharton,NJ,11,12.83,532648,6.96,31,5,22,122.91,30,116.53,16,46.65,299.83,-13.49
9/3/26,Rolling 3 Months,6/1/26,8/31/26,37754,City,"Whippany, NJ",Whippany,NJ,26,11.49,774487,0.58,15,-4,18,-32.45,25,-48.44,16,-37.96,475.06,17.04
9/3/26,Rolling 3 Months,6/1/26,8/31/26,26566,City,"White Horse, NJ",White Horse,NJ,32,-18.47,405731,-2.23,22,-18,41,6.66,68,-3.28,33,-18.85,303.52,7.47
9/3/26,Rolling 3 Months,6/1/26,8/31/26,26572,City,"White House Station, NJ",White House Station,NJ,14,19.67,619590,13.69,22,1,9,-39.21,19,1.05,13,9.22,348.93,9.89
9/3/26,Rolling 3 Months,6/1/26,8/31/26,26576,City,"White Meadow Lake, NJ",White Meadow Lake,NJ,32,17.77,639577,6.6,21,1,41,50.11,59,46.52,42,51.23,362.76,2.47
9/3/26,Rolling 3 Months,6/1/26,8/31/26,35660,City,"Whitesboro, NJ",Whitesboro,NJ,4,-17.94,325235,-13.85,154,96,6,1.32,9,-24.21,5,26.03,219.82,-2.98
9/3/26,Rolling 3 Months,6/1/26,8/31/26,26604,City,"Whittingham, NJ",Whittingham,NJ,31,2.57,567125,13.42,62,2,31,-4.82,62,12.07,31,25.02,249.41,-10.5
9/3/26,Rolling 3 Months,6/1/26,8/31/26,20320,City,"Wildwood Crest, NJ",Wildwood Crest,NJ,37,15.39,642075,-26.2,46,-16,55,9.43,118,11.54,55,23.23,639.38,-0.13
9/3/26,Rolling 3 Months,6/1/26,8/31/26,20315,City,"Wildwood, NJ",Wildwood,NJ,84,37.88,594107,0.7,35,-38,98,19.86,166,-4.76,74,0.82,475.25,5.26
9/3/26,Rolling 3 Months,6/1/26,8/31/26,26617,City,"Williamstown, NJ",Williamstown,NJ,48,12.11,384645,16.56,25,2,58,-0.42,94,-1.08,56,10.7,222.98,7.51
9/3/26,Rolling 3 Months,6/1/26,8/31/26,38322,City,"Windsor, NJ",Windsor,NJ,NA,NA,NA,NA,NA,NA,1,NA,1,NA,NA,NA,235.26,NA
9/3/26,Rolling 3 Months,6/1/26,8/31/26,20508,City,"Wood-Ridge, NJ",Wood-Ridge,NJ,33,13.18,697538,3.34,64,4,31,4.7,72,25.87,35,53.42,434.9,7.51
9/3/26,Rolling 3 Months,6/1/26,8/31/26,20407,City,"Woodbine, NJ",Woodbine,NJ,8,2.57,324785,66.56,111,52,8,15.8,14,8.82,7,0.82,164.94,-32.02
9/3/26,Rolling 3 Months,6/1/26,8/31/26,26641,City,"Woodbridge, NJ",Woodbridge,NJ,70,4.1,499669,-0.07,55,-6,82,18.95,151,7.55,60,-9.71,353.93,4.01
9/3/26,Rolling 3 Months,6/1/26,8/31/26,20446,City,"Woodbury Heights, NJ",Woodbury Heights,NJ,9,-38.46,429716,34.29,85,71,10,-15.56,21,-3.54,8,-49.59,207.12,1.91
9/3/26,Rolling 3 Months,6/1/26,8/31/26,20437,City,"Woodbury, NJ",Woodbury,NJ,35,-10.58,324785,8.26,25,-9,50,24.12,76,5.26,39,-1.7,202.57,9.64
9/3/26,Rolling 3 Months,6/1/26,8/31/26,20461,City,"Woodcliff Lake, NJ",Woodcliff Lake,NJ,25,36.76,1361574,4.54,74,-1,22,39.32,44,14,23,44.93,418.79,5.03
9/3/26,Rolling 3 Months,6/1/26,8/31/26,35458,City,"Woodland Park, NJ",Woodland Park,NJ,30,14.41,637828,-4.01,24,-22,34,-9.34,57,-0.72,34,10.58,404.01,8.55
9/3/26,Rolling 3 Months,6/1/26,8/31/26,20489,City,"Woodlynne, NJ",Woodlynne,NJ,6,-56.04,233096,4.76,37,-12,12,35.1,23,-3.16,9,-30.2,177.05,-0.61
9/3/26,Rolling 3 Months,6/1/26,8/31/26,20528,City,"Woodstown, NJ",Woodstown,NJ,15,53.86,374752,20.26,22,1,13,-22.52,25,5.26,11,-7.58,195.49,-3.67
9/3/26,Rolling 3 Months,6/1/26,8/31/26,20574,City,"Wrightstown, NJ",Wrightstown,NJ,4,310.28,244838,-61.44,20,-52,3,51.99,5,1.05,3,202.46,288.96,115.87
9/3/26,Rolling 3 Months,6/1/26,8/31/26,31342,City,"Yardville, NJ",Yardville,NJ,23,-5.98,459096,-2.22,35,9,16,-26.31,37,9.97,21,-3.76,311.66,-4.73
9/3/26,Rolling 3 Months,6/1/26,8/31/26,26686,City,"Yorketown, NJ",Yorketown,NJ,23,-1.89,769491,4.55,15,-1,26,64.65,34,10.83,21,32.33,371.64,-2.77
9/3/26,Rolling 3 Months,5/1/26,7/31/26,37334,City,"Absecon Highlands, NJ",Absecon Highlands,NJ,6,100,438450,-26.92,54,-65,9,125,13,0,5,66.67,209.01,14.67
9/3/26,Rolling 3 Months,5/1/26,7/31/26,14,City,"Absecon, NJ",Absecon,NJ,33,26.92,335000,-3.27,53,4,50,13.64,87,29.85,43,10.26,214.24,1.27
9/3/26,Rolling 3 Months,5/1/26,7/31/26,162,City,"Allendale, NJ",Allendale,NJ,20,11.11,906000,4.14,61,-5,21,-19.23,36,-18.18,23,27.78,474.67,1.46
9/3/26,Rolling 3 Months,5/1/26,7/31/26,168,City,"Allenhurst, NJ",Allenhurst,NJ,1,-50,4850000,7.93,207,150,2,-60,6,-14.29,NA,NA,2531.3,84.57
9/3/26,Rolling 3 Months,5/1/26,7/31/26,177,City,"Allentown, NJ",Allentown,NJ,7,-30,635000,23.42,12,-35,8,166.67,11,22.22,7,0,328.32,-18.92
9/3/26,Rolling 3 Months,5/1/26,7/31/26,21143,City,"Allenwood, NJ",Allenwood,NJ,1,-75,1110000,19.68,11,-49,3,-66.67,4,-63.64,NA,NA,386.14,-2.45
9/3/26,Rolling 3 Months,5/1/26,7/31/26,21146,City,"Alloway, NJ",Alloway,NJ,8,33.33,437500,-2.02,97,73,5,NA,13,85.71,9,125,314.86,NA
9/3/26,Rolling 3 Months,5/1/26,7/31/26,262,City,"Alpha, NJ",Alpha,NJ,6,-25,370000,8.66,18,-3,6,-14.29,9,-35.71,5,-44.44,199.08,-2.85
9/3/26,Rolling 3 Months,5/1/26,7/31/26,280,City,"Alpine, NJ",Alpine,NJ,3,0,4500000,35.54,258,190,7,-30,21,16.67,4,0,1176.86,-0.48
9/3/26,Rolling 3 Months,5/1/26,7/31/26,37068,City,"Ampere North, NJ",Ampere North,NJ,6,-25,528750,5.75,37,-34,8,-33.33,15,-21.05,8,-38.46,382.16,21.27
9/3/26,Rolling 3 Months,5/1/26,7/31/26,31403,City,"Anderson, NJ",Anderson,NJ,NA,NA,NA,NA,NA,NA,1,0,2,-33.33,1,0,295.79,-12.59
9/3/26,Rolling 3 Months,5/1/26,7/31/26,338,City,"Andover, NJ",Andover,NJ,2,0,231500,-51.26,10,-52,4,33.33,6,50,1,-50,243.52,17.18
9/3/26,Rolling 3 Months,5/1/26,7/31/26,21186,City,"Annandale, NJ",Annandale,NJ,6,0,664950,111.1,21,6,1,-80,9,28.57,6,20,347.91,20.53
9/3/26,Rolling 3 Months,5/1/26,7/31/26,501,City,"Asbury Park, NJ",Asbury Park,NJ,55,-3.51,926000,17.26,47,11,109,37.97,171,11.76,63,6.78,629.47,4.88
9/3/26,Rolling 3 Months,5/1/26,7/31/26,31435,City,"Asbury, NJ",Asbury,NJ,NA,NA,NA,NA,NA,NA,1,-50,1,-80,NA,NA,189.18,-37.29
9/3/26,Rolling 3 Months,5/1/26,7/31/26,21220,City,"Ashland, NJ",Ashland,NJ,41,-2.38,490000,11.17,25,6,39,-13.33,70,4.48,40,-4.76,267.66,10.81
9/3/26,Rolling 3 Months,5/1/26,7/31/26,37139,City,"Atco, NJ",Atco,NJ,21,10.53,343500,-11.92,21,-1,31,-27.91,44,-18.52,21,-30,215.85,9.72
9/3/26,Rolling 3 Months,5/1/26,7/31/26,538,City,"Atlantic City, NJ",Atlantic City,NJ,113,-5.83,235000,23.68,107,11,190,-4.04,482,-3.79,137,10.48,232.74,-3.11
9/3/26,Rolling 3 Months,5/1/26,7/31/26,546,City,"Atlantic Highlands, NJ",Atlantic Highlands,NJ,20,42.86,705000,-26.72,26,2,17,0,31,10.71,18,28.57,521.64,19.48
9/3/26,Rolling 3 Months,5/1/26,7/31/26,38227,City,"Auburn, NJ",Auburn,NJ,3,0,515000,-24.82,77,35,6,50,8,14.29,4,33.33,212.61,4.97
9/3/26,Rolling 3 Months,5/1/26,7/31/26,575,City,"Audubon, NJ",Audubon,NJ,27,3.85,485000,25.97,20,4,39,62.5,47,14.63,22,-12,275.36,0.72
9/3/26,Rolling 3 Months,5/1/26,7/31/26,610,City,"Avalon, NJ",Avalon,NJ,37,-21.28,2800000,5.66,72,-5,44,-22.81,87,-37.41,41,-33.87,1553.87,24.18
9/3/26,Rolling 3 Months,5/1/26,7/31/26,21240,City,"Avenel, NJ",Avenel,NJ,25,-7.41,480000,-4.48,73,24,35,20.69,66,22.22,36,44,410.51,5.92
9/3/26,Rolling 3 Months,5/1/26,7/31/26,641,City,"Avon-By-the-Sea, NJ",Avon-By-the-Sea,NJ,10,233.33,2538625,-17.44,42,27,7,75,26,100,9,80,1069.08,4.41
9/3/26,Rolling 3 Months,5/1/26,7/31/26,31122,City,"Barclay, NJ",Barclay,NJ,13,-7.14,675000,17.9,14,2,19,-32.14,22,-24.14,12,-40,295.61,13.77
9/3/26,Rolling 3 Months,5/1/26,7/31/26,36984,City,"Bargaintown, NJ",Bargaintown,NJ,18,28.57,497450,7.67,81,13,22,37.5,43,43.33,19,11.76,238.11,2.51
9/3/26,Rolling 3 Months,5/1/26,7/31/26,832,City,"Barnegat Light, NJ",Barnegat Light,NJ,6,-33.33,1721500,-18.02,49,4,3,-66.67,9,-55,2,-77.78,1519.98,30.47
9/3/26,Rolling 3 Months,5/1/26,7/31/26,21288,City,"Barnegat, NJ",Barnegat,NJ,14,-17.65,482000,-22.26,27,9,19,-34.48,30,-41.18,12,-61.29,288.64,0.37
9/3/26,Rolling 3 Months,5/1/26,7/31/26,872,City,"Barrington, NJ",Barrington,NJ,23,15,380000,-7.32,19,-8,27,22.73,38,15.15,24,41.18,250.29,3.14
9/3/26,Rolling 3 Months,5/1/26,7/31/26,37791,City,"Basking Ridge, NJ",Basking Ridge,NJ,23,-11.54,1350821,23.11,15,2,24,-20,31,-16.22,22,-18.52,468.7,19.34
9/3/26,Rolling 3 Months,5/1/26,7/31/26,952,City,"Bay Head, NJ",Bay Head,NJ,6,-40,3499500,49.23,47,17,7,-50,11,-50,8,-11.11,1237.5,38.34
9/3/26,Rolling 3 Months,5/1/26,7/31/26,970,City,"Bayonne, NJ",Bayonne,NJ,105,12.9,650000,4.25,32,4,150,4.17,250,2.04,118,-1.67,347.22,-1.67
9/3/26,Rolling 3 Months,5/1/26,7/31/26,21342,City,"Beach Haven West, NJ",Beach Haven West,NJ,45,50,905000,0.84,21,-4,48,-2.04,72,-13.25,35,-2.78,610.82,0.49
9/3/26,Rolling 3 Months,5/1/26,7/31/26,1052,City,"Beach Haven, NJ",Beach Haven,NJ,11,-38.89,1650000,70.1,41,-39,19,11.76,35,-14.63,14,-17.65,1187.5,10.84
9/3/26,Rolling 3 Months,5/1/26,7/31/26,1121,City,"Beachwood, NJ",Beachwood,NJ,36,16.13,490000,11.36,16,-7,43,0,62,8.77,39,0,314.92,6.16
9/3/26,Rolling 3 Months,5/1/26,7/31/26,31548,City,"Beattystown, NJ",Beattystown,NJ,9,50,557900,1.44,14,2,6,-33.33,8,-11.11,6,-25,287.56,24.69
9/3/26,Rolling 3 Months,5/1/26,7/31/26,21365,City,"Beckett, NJ",Beckett,NJ,12,-14.29,365250,-18.56,12,-1,19,26.67,24,33.33,17,41.67,226.7,6.44
9/3/26,Rolling 3 Months,5/1/26,7/31/26,37786,City,"Bedminster, NJ",Bedminster,NJ,4,-20,1102500,16.05,14,-16,3,-25,4,-33.33,4,0,473.63,39.27
9/3/26,Rolling 3 Months,5/1/26,7/31/26,37382,City,"Beesleys Point, NJ",Beesleys Point,NJ,2,0,600000,18.81,88,26,3,0,5,-28.57,4,100,210.33,-39.21
9/3/26,Rolling 3 Months,5/1/26,7/31/26,21377,City,"Belford, NJ",Belford,NJ,8,14.29,630000,-3.08,22,2,10,-9.09,12,-36.84,8,166.67,350.83,-12.87
9/3/26,Rolling 3 Months,5/1/26,7/31/26,31566,City,"Belle Mead, NJ",Belle Mead,NJ,7,40,1030000,9.57,19,-14,19,137.5,21,110,10,25,357.45,-0.57
9/3/26,Rolling 3 Months,5/1/26,7/31/26,31569,City,"Belleplain, NJ",Belleplain,NJ,1,NA,382000,NA,25,NA,1,0,1,-50,1,0,212.9,-36.48
9/3/26,Rolling 3 Months,5/1/26,7/31/26,1257,City,"Bellmawr, NJ",Bellmawr,NJ,39,8.33,336000,4.72,23,1,47,14.63,58,3.57,42,23.53,224.56,-2.99
9/3/26,Rolling 3 Months,5/1/26,7/31/26,1306,City,"Belmar, NJ",Belmar,NJ,15,-42.31,1235000,20.49,16,-9,16,-5.88,28,-24.32,16,-40.74,584.89,-5.63
9/3/26,Rolling 3 Months,5/1/26,7/31/26,1330,City,"Belvidere, NJ",Belvidere,NJ,10,11.11,305000,-19.74,72,55,17,13.33,26,0,17,88.89,212.69,4.88
9/3/26,Rolling 3 Months,5/1/26,7/31/26,1381,City,"Bergenfield, NJ",Bergenfield,NJ,42,10.53,694500,2.06,68,-9,63,21.15,106,0.95,58,1.75,443.15,3.86
9/3/26,Rolling 3 Months,5/1/26,7/31/26,1452,City,"Berlin, NJ",Berlin,NJ,30,25,410000,6.34,22,-10,28,0,41,-4.65,28,7.69,232.02,5.48
9/3/26,Rolling 3 Months,5/1/26,7/31/26,1489,City,"Bernardsville, NJ",Bernardsville,NJ,24,9.09,1050000,-5.62,14,-10,39,39.29,52,10.64,26,-7.14,450.81,2.37
9/3/26,Rolling 3 Months,5/1/26,7/31/26,1532,City,"Beverly, NJ",Beverly,NJ,7,-41.67,265000,-24.81,43,-31,9,-43.75,18,-30.77,7,-53.33,190.7,18.78
9/3/26,Rolling 3 Months,5/1/26,7/31/26,31652,City,"Blackwells Mills, NJ",Blackwells Mills,NJ,22,-21.43,944950,7.75,15,-6,25,-13.79,32,-20,26,-10.34,357.68,0.43
9/3/26,Rolling 3 Months,5/1/26,7/31/26,21462,City,"Blackwood, NJ",Blackwood,NJ,25,56.25,337000,2.12,28,10,25,4.17,41,32.26,22,-4.35,219.64,-4.13
9/3/26,Rolling 3 Months,5/1/26,7/31/26,31658,City,"Blairstown, NJ",Blairstown,NJ,1,-66.67,426000,0.24,339,322,3,50,6,50,4,100,209.79,-9.09
9/3/26,Rolling 3 Months,5/1/26,7/31/26,31660,City,"Blawenburg, NJ",Blawenburg,NJ,1,0,1076000,48.93,11,-10,1,-66.67,1,-66.67,1,-50,NA,NA
9/3/26,Rolling 3 Months,5/1/26,7/31/26,1676,City,"Bloomingdale, NJ",Bloomingdale,NJ,15,25,612500,-3.54,15,-32,24,-7.69,32,-20,25,-3.85,388.09,-1.12
9/3/26,Rolling 3 Months,5/1/26,7/31/26,1682,City,"Bloomsbury, NJ",Bloomsbury,NJ,5,150,370000,-13.95,16,-10,5,150,7,133.33,3,50,251.68,9.1
9/3/26,Rolling 3 Months,5/1/26,7/31/26,1706,City,"Bogota, NJ",Bogota,NJ,13,18.18,665000,18.33,66,-5,13,-38.1,29,-9.38,8,-38.46,401.55,0.63
9/3/26,Rolling 3 Months,5/1/26,7/31/26,1732,City,"Boonton, NJ",Boonton,NJ,29,3.57,655000,-5.42,22,5,29,-14.71,37,-17.78,22,0,352.86,-6.7
9/3/26,Rolling 3 Months,5/1/26,7/31/26,1749,City,"Bordentown, NJ",Bordentown,NJ,18,20,427500,33.59,21,3,16,-20,29,16,17,0,262.99,1.83
9/3/26,Rolling 3 Months,5/1/26,7/31/26,1769,City,"Bound Brook, NJ",Bound Brook,NJ,20,-16.67,572500,11.68,26,2,22,-21.43,38,-5,22,-12,312.16,-9.68
9/3/26,Rolling 3 Months,5/1/26,7/31/26,1817,City,"Bradley Beach, NJ",Bradley Beach,NJ,9,-25,950000,-21.49,22,-7,14,-6.67,22,15.79,12,9.09,795.98,9.16
9/3/26,Rolling 3 Months,5/1/26,7/31/26,31705,City,"Bradley Gardens, NJ",Bradley Gardens,NJ,53,23.26,681000,6.49,18,0,64,4.92,82,-2.38,51,-5.56,365.56,2.43
9/3/26,Rolling 3 Months,5/1/26,7/31/26,31707,City,"Brainards, NJ",Brainards,NJ,1,0,99000,-71.71,11,-3,2,0,2,0,2,100,202.57,-9.47
9/3/26,Rolling 3 Months,5/1/26,7/31/26,21552,City,"Brass Castle, NJ",Brass Castle,NJ,1,-80,540000,-7.69,8,-7,3,-50,3,-66.67,2,-60,264.46,0.96
9/3/26,Rolling 3 Months,5/1/26,7/31/26,38231,City,"Bridgeport, NJ",Bridgeport,NJ,1,0,380000,81.04,44,-38,2,100,4,300,3,NA,254.11,67.71
9/3/26,Rolling 3 Months,5/1/26,7/31/26,1973,City,"Bridgeton, NJ",Bridgeton,NJ,40,66.67,221500,6.49,36,-7,52,44.44,94,62.07,41,32.26,141.69,5.62
9/3/26,Rolling 3 Months,5/1/26,7/31/26,37543,City,"Bridgewater Center, NJ",Bridgewater Center,NJ,15,15.38,900000,21.29,14,0,13,-48,19,-40.63,13,-40.91,389.99,9.64
9/3/26,Rolling 3 Months,5/1/26,7/31/26,35941,City,"Bridgewater, NJ",Bridgewater,NJ,160,1.91,740000,2.42,17,-1,205,2.5,285,0.35,187,4.47,365.38,2.33
9/3/26,Rolling 3 Months,5/1/26,7/31/26,2004,City,"Brielle, NJ",Brielle,NJ,19,0,1424500,45.21,16,-8,28,33.33,36,24.14,17,-19.05,611.85,9.65
9/3/26,Rolling 3 Months,5/1/26,7/31/26,2014,City,"Brigantine, NJ",Brigantine,NJ,98,12.64,650000,4.84,62,-11,123,18.27,227,2.25,94,-6.93,527.04,3.64
9/3/26,Rolling 3 Months,5/1/26,7/31/26,31757,City,"Broadway, NJ",Broadway,NJ,2,NA,387500,NA,118,NA,1,-50,2,-33.33,1,0,135.87,-24.58
9/3/26,Rolling 3 Months,5/1/26,7/31/26,31765,City,"Brookdale, NJ",Brookdale,NJ,31,3.33,769000,9.7,18,-36,45,45.16,57,9.62,45,45.16,419.3,3.72
9/3/26,Rolling 3 Months,5/1/26,7/31/26,31767,City,"Brookfield, NJ",Brookfield,NJ,10,100,403000,38.97,43,-34,8,-20,13,-27.78,10,11.11,245.41,12.71
9/3/26,Rolling 3 Months,5/1/26,7/31/26,2124,City,"Brooklawn, NJ",Brooklawn,NJ,9,-10,235000,-2.49,32,18,7,-30,12,-20,8,0,233.85,8.26
9/3/26,Rolling 3 Months,5/1/26,7/31/26,37775,City,"Brookside, NJ",Brookside,NJ,3,-72.73,1525000,11.31,7,-8,5,-44.44,7,-58.82,4,-63.64,354.42,-4.35
9/3/26,Rolling 3 Months,5/1/26,7/31/26,21625,City,"Browns Mills, NJ",Browns Mills,NJ,45,4.65,330000,-1.49,53,21,58,16,102,30.77,50,13.64,244.71,1.75
9/3/26,Rolling 3 Months,5/1/26,7/31/26,21630,City,"Brownville, NJ",Brownville,NJ,12,0,426500,-5.22,68,7,14,-6.67,22,-18.52,13,-35,334.38,5.02
9/3/26,Rolling 3 Months,5/1/26,7/31/26,21637,City,"Budd Lake, NJ",Budd Lake,NJ,23,4.55,620000,2.9,18,2,41,-10.87,58,3.57,35,2.94,303.94,1.3
9/3/26,Rolling 3 Months,5/1/26,7/31/26,2259,City,"Buena, NJ",Buena,NJ,16,100,353500,12.67,35,9,10,-28.57,23,9.52,12,-14.29,213.56,-8.72
9/3/26,Rolling 3 Months,5/1/26,7/31/26,31140,City,"Burleigh, NJ",Burleigh,NJ,1,0,290000,-14.71,252,222,2,-50,5,0,1,NA,509.43,47.7
9/3/26,Rolling 3 Months,5/1/26,7/31/26,2313,City,"Burlington, NJ",Burlington,NJ,41,-19.61,322500,11.21,55,-3,68,6.25,123,7.89,43,-14,182.87,4.21
9/3/26,Rolling 3 Months,5/1/26,7/31/26,2341,City,"Butler, NJ",Butler,NJ,29,52.63,580000,11.54,19,-23,38,8.57,55,10,33,6.45,337.86,3.2
9/3/26,Rolling 3 Months,5/1/26,7/31/26,31822,City,"Buttzville, NJ",Buttzville,NJ,1,NA,480000,NA,88,NA,1,0,2,0,2,NA,204.83,3.56
9/3/26,Rolling 3 Months,5/1/26,7/31/26,31825,City,"Byram Center, NJ",Byram Center,NJ,7,-36.36,510000,-2.86,21,3,6,-40,11,-21.43,7,-36.36,312.37,14.16
9/3/26,Rolling 3 Months,5/1/26,7/31/26,2392,City,"Caldwell, NJ",Caldwell,NJ,23,9.52,725000,2.11,15,-18,23,-14.81,34,-24.44,21,-30,376.88,9.65
9/3/26,Rolling 3 Months,5/1/26,7/31/26,2400,City,"Califon, NJ",Califon,NJ,4,-33.33,575000,32.95,21,6,7,133.33,10,42.86,7,75,311.87,-2.26
9/3/26,Rolling 3 Months,5/1/26,7/31/26,2570,City,"Camden, NJ",Camden,NJ,118,-1.67,179000,10.15,35,-12,165,3.13,278,1.83,127,4.1,158.03,24.84
9/3/26,Rolling 3 Months,5/1/26,7/31/26,21745,City,"Cape May Court House, NJ",Cape May Court House,NJ,17,-26.09,495000,-10,30,1,18,-18.18,33,-26.67,17,6.25,337.4,15.22
9/3/26,Rolling 3 Months,5/1/26,7/31/26,2668,City,"Cape May Point, NJ",Cape May Point,NJ,4,0,2600000,15.43,20,-73,5,0,12,9.09,5,-28.57,1055.32,1.77
9/3/26,Rolling 3 Months,5/1/26,7/31/26,2652,City,"Cape May, NJ",Cape May,NJ,15,-42.31,1687500,70.46,35,18,11,-65.63,41,-22.64,26,0,983.99,10.07
9/3/26,Rolling 3 Months,5/1/26,7/31/26,36992,City,"Carlls Corner, NJ",Carlls Corner,NJ,NA,NA,NA,NA,NA,NA,2,0,2,-60,1,-50,304.39,128.92
9/3/26,Rolling 3 Months,5/1/26,7/31/26,2701,City,"Carlstadt, NJ",Carlstadt,NJ,8,-11.11,734000,16.14,96,14,13,0,22,-8.33,8,-20,440.67,9.91
9/3/26,Rolling 3 Months,5/1/26,7/31/26,21764,City,"Carneys Point, NJ",Carneys Point,NJ,19,-24,255000,21.43,54,34,29,-23.68,55,5.77,25,13.64,197.24,5.55
9/3/26,Rolling 3 Months,5/1/26,7/31/26,2768,City,"Carteret, NJ",Carteret,NJ,44,18.92,580000,2.65,72,4,65,51.16,118,38.82,54,31.71,375.77,5.92
9/3/26,Rolling 3 Months,5/1/26,7/31/26,21791,City,"Cedar Glen Lakes, NJ",Cedar Glen Lakes,NJ,12,20,117500,-16.07,59,-19,29,81.25,45,15.38,10,0,134.21,6.15
9/3/26,Rolling 3 Months,5/1/26,7/31/26,21792,City,"Cedar Glen West, NJ",Cedar Glen West,NJ,12,-20,119000,0,82,-60,18,-14.29,49,19.51,12,-20,102.6,-12.63
9/3/26,Rolling 3 Months,5/1/26,7/31/26,37692,City,"Cedar Knolls, NJ",Cedar Knolls,NJ,12,200,682500,-35,25,10,9,80,14,75,10,100,381.68,6.18
9/3/26,Rolling 3 Months,5/1/26,7/31/26,21810,City,"Cedarville, NJ",Cedarville,NJ,2,-33.33,141500,-64.62,280,226,1,-75,5,-44.44,1,-50,139.67,-24.79
9/3/26,Rolling 3 Months,5/1/26,7/31/26,37303,City,"Centre Grove, NJ",Centre Grove,NJ,7,0,420000,7.69,49,14,3,-62.5,12,-25,5,-44.44,134.6,-36.07
9/3/26,Rolling 3 Months,5/1/26,7/31/26,3129,City,"Chatham, NJ",Chatham,NJ,30,-18.92,1550000,13.55,12,-1,25,-21.88,34,-22.73,23,-20.69,661.1,9.36
9/3/26,Rolling 3 Months,5/1/26,7/31/26,21871,City,"Cherry Hill Mall, NJ",Cherry Hill Mall,NJ,54,14.89,447500,-0.78,24,3,76,20.63,110,32.53,55,3.77,230.37,-0.15
9/3/26,Rolling 3 Months,5/1/26,7/31/26,3267,City,"Chesilhurst, NJ",Chesilhurst,NJ,6,20,325000,2.52,27,-25,8,33.33,12,9.09,5,25,212.34,-16.01
9/3/26,Rolling 3 Months,5/1/26,7/31/26,3274,City,"Chester, NJ",Chester,NJ,7,75,870000,35.83,21,8,11,37.5,14,40,9,50,344.45,-6.96
9/3/26,Rolling 3 Months,5/1/26,7/31/26,3482,City,"Clayton, NJ",Clayton,NJ,37,94.74,380000,11.76,35,14,36,16.13,60,42.86,32,33.33,209.51,3.95
9/3/26,Rolling 3 Months,5/1/26,7/31/26,21940,City,"Clearbrook Park, NJ",Clearbrook Park,NJ,36,-35.71,348450,-13.43,79,15,47,-21.67,107,-9.32,36,-45.45,296.85,1.96
9/3/26,Rolling 3 Months,5/1/26,7/31/26,37747,City,"Clearbrook, NJ",Clearbrook,NJ,36,-35.71,348450,-13.43,79,15,46,-23.33,106,-10.17,36,-45.45,296.85,1.96
9/3/26,Rolling 3 Months,5/1/26,7/31/26,3500,City,"Clementon, NJ",Clementon,NJ,30,30.43,255000,-5.47,21,-15,44,91.3,70,59.09,33,50,211.34,14.24
9/3/26,Rolling 3 Months,5/1/26,7/31/26,3533,City,"Cliffside Park, NJ",Cliffside Park,NJ,73,5.8,665000,-2.21,77,0,106,2.91,205,3.54,82,22.39,443.19,4.7
9/3/26,Rolling 3 Months,5/1/26,7/31/26,21964,City,"Cliffwood Beach, NJ",Cliffwood Beach,NJ,13,-23.53,470000,6.58,26,12,22,175,28,100,21,90.91,393.92,7.67
9/3/26,Rolling 3 Months,5/1/26,7/31/26,3564,City,"Clifton, NJ",Clifton,NJ,157,-5.42,640000,6.67,32,-24,224,-5.08,341,-5.54,187,0.54,414.32,9.76
9/3/26,Rolling 3 Months,5/1/26,7/31/26,3570,City,"Clinton, NJ",Clinton,NJ,13,85.71,555000,-4.31,17,2,13,8.33,22,57.14,14,40,316.84,-2.94
9/3/26,Rolling 3 Months,5/1/26,7/31/26,3589,City,"Closter, NJ",Closter,NJ,40,110.53,1437500,-5.58,80,-8,30,-21.05,72,14.29,33,13.79,555.58,14.21
9/3/26,Rolling 3 Months,5/1/26,7/31/26,22003,City,"Collings Lakes, NJ",Collings Lakes,NJ,5,-50,312000,3.74,29,14,12,9.09,14,-22.22,3,-75,231.71,-7.28
9/3/26,Rolling 3 Months,5/1/26,7/31/26,3715,City,"Collingswood, NJ",Collingswood,NJ,55,7.84,457500,5.17,21,1,69,9.52,97,14.12,53,-3.64,293.03,5.68
9/3/26,Rolling 3 Months,5/1/26,7/31/26,36977,City,"Cologne, NJ",Cologne,NJ,2,NA,467500,NA,130,NA,4,33.33,6,20,1,-50,194.62,1.45
9/3/26,Rolling 3 Months,5/1/26,7/31/26,22015,City,"Colonia, NJ",Colonia,NJ,35,-30,630000,-3.08,53,1,47,-12.96,89,-8.25,42,-17.65,400.46,4.95
9/3/26,Rolling 3 Months,5/1/26,7/31/26,32112,City,"Columbia, NJ",Columbia,NJ,1,NA,460000,NA,29,NA,2,0,2,0,2,100,224.35,-11.79
9/3/26,Rolling 3 Months,5/1/26,7/31/26,22035,City,"Concordia, NJ",Concordia,NJ,29,-6.45,358000,-8.21,82,4,45,28.57,79,17.91,37,15.63,283.83,6.59
9/3/26,Rolling 3 Months,5/1/26,7/31/26,37834,City,"Connecticut Farms, NJ",Connecticut Farms,NJ,1,0,867000,5.09,593,556,2,-50,3,-40,2,0,351.9,12.79
9/3/26,Rolling 3 Months,5/1/26,7/31/26,37341,City,"Cookstown, NJ",Cookstown,NJ,2,-33.33,267500,-43.68,40,32,3,-25,5,-16.67,4,0,330.61,35.59
9/3/26,Rolling 3 Months,5/1/26,7/31/26,3920,City,"Corbin City, NJ",Corbin City,NJ,2,NA,286750,NA,213,NA,1,-66.67,4,0,3,NA,159.14,-7.07
9/3/26,Rolling 3 Months,5/1/26,7/31/26,22068,City,"Country Lake Estates, NJ",Country Lake Estates,NJ,15,0,364000,7.06,33,-5,19,-20.83,29,-14.71,16,-20,225.2,6.62
9/3/26,Rolling 3 Months,5/1/26,7/31/26,22091,City,"Cranbury, NJ",Cranbury,NJ,10,25,1040203,2.79,62,20,7,-46.15,13,-27.78,5,-37.5,406.16,14.42
9/3/26,Rolling 3 Months,5/1/26,7/31/26,22095,City,"Crandon Lakes, NJ",Crandon Lakes,NJ,5,150,440000,-13.73,9,-26,4,-20,9,0,4,-20,339.87,-15.24
9/3/26,Rolling 3 Months,5/1/26,7/31/26,37655,City,"Cranford, NJ",Cranford,NJ,2,NA,573500,NA,11,NA,3,0,4,0,2,100,360.21,-2.14
9/3/26,Rolling 3 Months,5/1/26,7/31/26,37831,City,"Cream Ridge, NJ",Cream Ridge,NJ,1,0,1020000,-12.82,18,-91,1,-80,1,-83.33,NA,NA,262.23,-5.34
9/3/26,Rolling 3 Months,5/1/26,7/31/26,4098,City,"Cresskill, NJ",Cresskill,NJ,30,7.14,1342500,28.47,77,-3,34,-26.09,75,-3.85,36,2.86,532.45,11.14
9/3/26,Rolling 3 Months,5/1/26,7/31/26,22109,City,"Crestwood Village, NJ",Crestwood Village,NJ,71,-22.83,135000,-9.24,34,-5,134,6.35,240,8.6,87,-20.91,163.67,-1.42
9/3/26,Rolling 3 Months,5/1/26,7/31/26,37161,City,"Crosswicks, NJ",Crosswicks,NJ,2,0,712500,-21.66,129,57,2,100,4,-20,2,-33.33,315.74,1.16
9/3/26,Rolling 3 Months,5/1/26,7/31/26,37234,City,"Cumberland-Hesstown, NJ",Cumberland-Hesstown,NJ,NA,NA,NA,NA,NA,NA,2,100,2,0,NA,NA,233.86,-9.23
9/3/26,Rolling 3 Months,5/1/26,7/31/26,22158,City,"Dayton, NJ",Dayton,NJ,20,-16.67,577500,-0.43,70,18,19,-24,37,-5.13,16,-30.43,365.09,4.12
9/3/26,Rolling 3 Months,5/1/26,7/31/26,4348,City,"Deal, NJ",Deal,NJ,1,-50,2400000,-17.1,116,-33,3,-57.14,8,0,NA,NA,1412.62,2.43
9/3/26,Rolling 3 Months,5/1/26,7/31/26,37819,City,"Deans, NJ",Deans,NJ,5,25,820000,5.13,58,-38,5,NA,9,28.57,4,-20,408.59,NA
9/3/26,Rolling 3 Months,5/1/26,7/31/26,32232,City,"Delaware Park, NJ",Delaware Park,NJ,5,150,450000,61.15,25,-41,5,66.67,7,133.33,4,33.33,229.36,-19.7
9/3/26,Rolling 3 Months,5/1/26,7/31/26,32226,City,"Delaware, NJ",Delaware,NJ,NA,NA,NA,NA,NA,NA,NA,NA,1,-50,NA,NA,NA,NA
9/3/26,Rolling 3 Months,5/1/26,7/31/26,37370,City,"Delmont, NJ",Delmont,NJ,NA,NA,NA,NA,NA,NA,NA,NA,1,-50,NA,NA,NA,NA
9/3/26,Rolling 3 Months,5/1/26,7/31/26,4548,City,"Demarest, NJ",Demarest,NJ,23,-20.69,2700000,47.95,76,-1,29,-21.62,53,-29.33,28,-6.67,618.31,0.06
9/3/26,Rolling 3 Months,5/1/26,7/31/26,37035,City,"Dennisville, NJ",Dennisville,NJ,2,-33.33,159500,-20.21,42,-21,3,-40,4,-42.86,2,-50,265.62,-17.36
9/3/26,Rolling 3 Months,5/1/26,7/31/26,22215,City,"Diamond Beach, NJ",Diamond Beach,NJ,10,-23.08,683500,-14.46,28,1,8,-42.86,12,-52,9,-40,735.19,0.77
9/3/26,Rolling 3 Months,5/1/26,7/31/26,36953,City,"Dividing Creek, NJ",Dividing Creek,NJ,5,NA,165000,NA,55,NA,6,100,9,80,7,NA,103.28,209.85
9/3/26,Rolling 3 Months,5/1/26,7/31/26,37045,City,"Dorchester, NJ",Dorchester,NJ,2,0,189950,-34.5,21,-48,4,300,5,150,1,-50,148.79,130.68
9/3/26,Rolling 3 Months,5/1/26,7/31/26,37258,City,"Dorothy, NJ",Dorothy,NJ,2,NA,327000,NA,37,NA,3,200,4,100,2,NA,251.41,-32.34
9/3/26,Rolling 3 Months,5/1/26,7/31/26,22238,City,"Dover Beaches North, NJ",Dover Beaches North,NJ,31,24,1335000,36.29,44,8,27,42.11,43,19.44,29,52.63,896.86,-17.3
9/3/26,Rolling 3 Months,5/1/26,7/31/26,22240,City,"Dover Beaches South, NJ",Dover Beaches South,NJ,21,10.53,825000,5.77,21,-5,20,-13.04,41,7.89,21,50,793.55,-0.74
9/3/26,Rolling 3 Months,5/1/26,7/31/26,4682,City,"Dover, NJ",Dover,NJ,22,10,518750,1.72,27,5,35,0,51,8.51,29,31.82,324.04,0.51
9/3/26,Rolling 3 Months,5/1/26,7/31/26,4760,City,"Dumont, NJ",Dumont,NJ,38,-26.92,712500,6.34,61,-11,44,-6.38,79,-9.2,42,-12.5,423.62,9.67
9/3/26,Rolling 3 Months,5/1/26,7/31/26,4785,City,"Dunellen, NJ",Dunellen,NJ,29,93.33,565000,3.67,53,2,32,18.52,51,34.21,22,10,333.33,6.67
9/3/26,Rolling 3 Months,5/1/26,7/31/26,36935,City,"Dutch Neck, NJ",Dutch Neck,NJ,1,0,150000,16.28,2,-12,NA,NA,1,0,1,NA,NA,NA
9/3/26,Rolling 3 Months,5/1/26,7/31/26,32320,City,"East Franklin, NJ",East Franklin,NJ,10,-28.57,520000,0,30,-5,17,6.25,23,-8,12,-14.29,315.69,4.64
9/3/26,Rolling 3 Months,5/1/26,7/31/26,22309,City,"East Freehold, NJ",East Freehold,NJ,14,-33.33,835000,-4.57,19,-3,17,-19.05,26,-27.78,21,-4.55,375.53,0.64
9/3/26,Rolling 3 Months,5/1/26,7/31/26,32334,City,"East Millstone, NJ",East Millstone,NJ,NA,NA,NA,NA,NA,NA,4,300,5,66.67,3,NA,345.44,-0.49
9/3/26,Rolling 3 Months,5/1/26,7/31/26,4996,City,"East Newark, NJ",East Newark,NJ,2,NA,615000,NA,80,NA,2,100,6,200,5,400,375.37,27.7
9/3/26,Rolling 3 Months,5/1/26,7/31/26,5001,City,"East Orange, NJ",East Orange,NJ,81,8,559000,-1.06,86,25,114,-19.15,253,5.42,97,-11.82,263.79,-0.92
9/3/26,Rolling 3 Months,5/1/26,7/31/26,32338,City,"East Rocky Hill, NJ",East Rocky Hill,NJ,2,0,326250,-45.55,7,-4,6,100,6,50,4,100,287.66,-34.82
9/3/26,Rolling 3 Months,5/1/26,7/31/26,5036,City,"East Rutherford, NJ",East Rutherford,NJ,12,0,610500,-3.1,55,-9,13,18.18,25,8.7,14,16.67,387.77,3.71
9/3/26,Rolling 3 Months,5/1/26,7/31/26,37238,City,"East Vineland, NJ",East Vineland,NJ,5,150,430000,44.3,85,39,1,-50,6,0,NA,NA,258.08,24.46
9/3/26,Rolling 3 Months,5/1/26,7/31/26,5113,City,"Eatontown, NJ",Eatontown,NJ,36,5.88,592500,2.95,21,2,37,-13.95,69,-1.43,29,-3.33,384.44,2.77
9/3/26,Rolling 3 Months,5/1/26,7/31/26,22363,City,"Echelon, NJ",Echelon,NJ,34,-2.86,310000,24,27,1,51,37.84,71,26.79,41,32.26,225.81,-5.29
9/3/26,Rolling 3 Months,5/1/26,7/31/26,5164,City,"Edgewater, NJ",Edgewater,NJ,45,-8.16,795000,29.27,96,16,85,-19.81,189,2.16,61,-6.15,553.82,1.94
9/3/26,Rolling 3 Months,5/1/26,7/31/26,35780,City,"Edison, NJ",Edison,NJ,208,8.9,625000,0.81,76,15,298,18.25,561,21.69,262,19.63,391.68,0.43
9/3/26,Rolling 3 Months,5/1/26,7/31/26,5265,City,"Egg Harbor City, NJ",Egg Harbor City,NJ,14,16.67,320250,16.45,48,-11,32,128.57,51,112.5,22,46.67,191.78,-1.62
9/3/26,Rolling 3 Months,5/1/26,7/31/26,5417,City,"Elizabeth, NJ",Elizabeth,NJ,131,15.93,675000,6.3,36,1,185,13.5,331,16.14,136,11.48,304.72,-1.3
9/3/26,Rolling 3 Months,5/1/26,7/31/26,31169,City,"Ellisburg, NJ",Ellisburg,NJ,10,0,408100,-6.72,30,5,20,17.65,24,20,11,-26.67,253.1,-1.94
9/3/26,Rolling 3 Months,5/1/26,7/31/26,5477,City,"Elmer, NJ",Elmer,NJ,2,-33.33,200000,-34.43,59,41,7,40,14,133.33,5,150,177.08,-23.23
9/3/26,Rolling 3 Months,5/1/26,7/31/26,5497,City,"Elmwood Park, NJ",Elmwood Park,NJ,31,3.33,620000,3.33,70,6,37,5.71,74,12.12,42,31.25,380.6,5.27
9/3/26,Rolling 3 Months,5/1/26,7/31/26,31170,City,"Elwood, NJ",Elwood,NJ,6,200,339950,18.04,54,31,2,0,7,40,4,100,273.24,167.24
9/3/26,Rolling 3 Months,5/1/26,7/31/26,5543,City,"Emerson, NJ",Emerson,NJ,17,21.43,881000,10.47,58,-21,24,9.09,35,2.94,27,28.57,391.67,3.69
9/3/26,Rolling 3 Months,5/1/26,7/31/26,37594,City,"Encore at Monroe, NJ",Encore at Monroe,NJ,7,133.33,690000,25.45,85,22,6,50,11,83.33,6,100,279.69,-2.3
9/3/26,Rolling 3 Months,5/1/26,7/31/26,5552,City,"Englewood Cliffs, NJ",Englewood Cliffs,NJ,18,-28,2550000,22.89,101,-5,30,36.36,50,-1.96,29,16,626.16,18.05
9/3/26,Rolling 3 Months,5/1/26,7/31/26,5544,City,"Englewood, NJ",Englewood,NJ,55,-19.12,668000,14.68,71,-8,90,15.38,186,16.25,86,11.69,404.6,-0.45
9/3/26,Rolling 3 Months,5/1/26,7/31/26,37252,City,"English Creek, NJ",English Creek,NJ,8,60,417500,28.11,67,-19,5,66.67,15,25,6,-14.29,247.56,22.62
9/3/26,Rolling 3 Months,5/1/26,7/31/26,5564,City,"Englishtown, NJ",Englishtown,NJ,5,-28.57,445000,-19.9,25,-29,8,-27.27,11,-47.62,5,-61.54,323.32,10.58
9/3/26,Rolling 3 Months,5/1/26,7/31/26,22474,City,"Erma, NJ",Erma,NJ,8,0,432450,-2.24,30,-29,4,-20,9,-18.18,5,-44.44,253.15,-29.21
9/3/26,Rolling 3 Months,5/1/26,7/31/26,5632,City,"Essex Fells, NJ",Essex Fells,NJ,5,-16.67,1700000,5.84,86,19,6,-25,11,-21.43,7,-41.67,522.89,17.03
9/3/26,Rolling 3 Months,5/1/26,7/31/26,5639,City,"Estell Manor, NJ",Estell Manor,NJ,5,0,537000,45.53,68,-2,1,-80,7,-22.22,6,20,315.75,32.03
9/3/26,Rolling 3 Months,5/1/26,7/31/26,22514,City,"Ewing, NJ",Ewing,NJ,97,-5.83,395000,2.86,40,-6,129,7.5,207,1.97,104,-8.77,245.36,0.91
9/3/26,Rolling 3 Months,5/1/26,7/31/26,5775,City,"Fair Haven, NJ",Fair Haven,NJ,19,-36.67,1600000,21.44,11,-5,30,25,34,-5.56,21,-32.26,740.98,24.51
9/3/26,Rolling 3 Months,5/1/26,7/31/26,5779,City,"Fair Lawn, NJ",Fair Lawn,NJ,85,39.34,760000,7.04,56,-4,100,2.04,174,13.73,98,11.36,444.26,6.84
9/3/26,Rolling 3 Months,5/1/26,7/31/26,22546,City,"Fairton, NJ",Fairton,NJ,4,100,175500,-29.79,108,-49,2,100,10,100,2,0,196.53,265.14
9/3/26,Rolling 3 Months,5/1/26,7/31/26,5804,City,"Fairview, NJ",Fairview,NJ,16,100,700000,9.8,61,-24,26,-3.7,51,41.67,14,7.69,427.63,9.76
9/3/26,Rolling 3 Months,5/1/26,7/31/26,22563,City,"Fairview, NJ",Fairview,NJ,11,-8.33,800000,-5.44,14,-1,12,-29.41,17,-19.05,16,33.33,415.01,2.77
9/3/26,Rolling 3 Months,5/1/26,7/31/26,5889,City,"Fanwood, NJ",Fanwood,NJ,28,33.33,787500,1.35,21,7,22,-26.67,31,-22.5,27,-15.63,460.57,8.41
9/3/26,Rolling 3 Months,5/1/26,7/31/26,5899,City,"Far Hills, NJ",Far Hills,NJ,NA,NA,NA,NA,NA,NA,11,120,12,33.33,3,-50,422.05,-7.77
9/3/26,Rolling 3 Months,5/1/26,7/31/26,5909,City,"Farmingdale, NJ",Farmingdale,NJ,6,500,615000,-37.88,16,0,8,700,10,900,6,500,320.83,-18.24
9/3/26,Rolling 3 Months,5/1/26,7/31/26,6000,City,"Fieldsboro, NJ",Fieldsboro,NJ,4,300,404500,16.09,59,53,2,0,4,33.33,3,200,270.31,76.24
9/3/26,Rolling 3 Months,5/1/26,7/31/26,32535,City,"Finderne, NJ",Finderne,NJ,12,20,548800,14.74,15,-10,17,13.33,25,-3.85,16,0,363.56,14.61
9/3/26,Rolling 3 Months,5/1/26,7/31/26,32536,City,"Finesville, NJ",Finesville,NJ,4,300,400000,-21.57,43,-46,1,NA,3,200,2,100,209.64,NA
9/3/26,Rolling 3 Months,5/1/26,7/31/26,37709,City,"Flagtown, NJ",Flagtown,NJ,1,-66.67,740000,23.13,16,-2,1,-85.71,3,-57.14,2,-66.67,344.1,1.1
9/3/26,Rolling 3 Months,5/1/26,7/31/26,37813,City,"Flanders, NJ",Flanders,NJ,24,-4,770000,18.46,14,-4,25,-26.47,32,-28.89,22,-38.89,320.71,11.42
9/3/26,Rolling 3 Months,5/1/26,7/31/26,6109,City,"Flemington, NJ",Flemington,NJ,16,-5.88,462500,0.22,23,4,26,73.33,34,47.83,22,37.5,322.62,12.52
9/3/26,Rolling 3 Months,5/1/26,7/31/26,31178,City,"Florence, NJ",Florence,NJ,15,-21.05,285000,-14.8,53,28,22,-18.52,49,6.52,20,-4.76,227.8,9.72
9/3/26,Rolling 3 Months,5/1/26,7/31/26,6151,City,"Florham Park, NJ",Florham Park,NJ,40,8.11,1119468,3.65,21,6,40,14.29,56,19.15,45,28.57,500.4,6.8
9/3/26,Rolling 3 Months,5/1/26,7/31/26,6154,City,"Folsom, NJ",Folsom,NJ,3,-25,400000,-15.79,32,20,9,80,15,66.67,6,20,274.81,34.74
9/3/26,Rolling 3 Months,5/1/26,7/31/26,22644,City,"Fords, NJ",Fords,NJ,34,36,533000,3.9,63,-15,54,50,79,49.06,43,38.71,418.16,4.3
9/3/26,Rolling 3 Months,5/1/26,7/31/26,22650,City,"Forked River, NJ",Forked River,NJ,36,0,527500,7.65,38,5,46,2.22,79,12.86,38,15.15,358.73,2.06
9/3/26,Rolling 3 Months,5/1/26,7/31/26,37618,City,"Forsgate, NJ",Forsgate,NJ,6,50,777500,7.98,36,-13,8,-46.67,13,-35,7,-12.5,331.61,-6.45
9/3/26,Rolling 3 Months,5/1/26,7/31/26,6283,City,"Fort Lee, NJ",Fort Lee,NJ,125,-22.84,445000,-2.73,84,-1,203,-7.31,440,1.15,165,-2.94,493.17,10.89
9/3/26,Rolling 3 Months,5/1/26,7/31/26,37063,City,"Fortescue, NJ",Fortescue,NJ,3,0,162000,-7.43,28,-115,5,NA,10,42.86,3,200,239.96,NA
9/3/26,Rolling 3 Months,5/1/26,7/31/26,32629,City,"Franklin Center, NJ",Franklin Center,NJ,25,-19.35,505000,-24.63,42,26,28,3.7,44,-16.98,24,-14.29,282.79,2.21
9/3/26,Rolling 3 Months,5/1/26,7/31/26,6433,City,"Franklin Lakes, NJ",Franklin Lakes,NJ,38,40.74,1887500,-5.62,71,1,37,-13.95,78,-8.24,34,0,485.12,25.37
9/3/26,Rolling 3 Months,5/1/26,7/31/26,32634,City,"Franklin Park, NJ",Franklin Park,NJ,31,-16.22,430500,7.62,22,2,50,6.38,74,15.63,41,10.81,315.58,2.71
9/3/26,Rolling 3 Months,5/1/26,7/31/26,6420,City,"Franklin, NJ",Franklin,NJ,12,-58.62,351000,-13.33,46,19,21,-4.55,32,-8.57,18,-18.18,246.4,-5.52
9/3/26,Rolling 3 Months,5/1/26,7/31/26,37287,City,"Franklinville, NJ",Franklinville,NJ,3,-25,385000,142.14,120,17,10,233.33,19,171.43,10,100,207.31,22.58
9/3/26,Rolling 3 Months,5/1/26,7/31/26,6496,City,"Freehold, NJ",Freehold,NJ,29,-34.09,500000,-4.17,18,-4,44,-18.52,64,-13.51,33,-36.54,341.53,7.07
9/3/26,Rolling 3 Months,5/1/26,7/31/26,6526,City,"Frenchtown, NJ",Frenchtown,NJ,1,-75,450000,-10.18,242,219,4,-33.33,8,0,3,0,254.52,4.12
9/3/26,Rolling 3 Months,5/1/26,7/31/26,37157,City,"Gandys Beach, NJ",Gandys Beach,NJ,NA,NA,NA,NA,NA,NA,4,300,6,100,NA,NA,356.25,-28.01
9/3/26,Rolling 3 Months,5/1/26,7/31/26,6627,City,"Garfield, NJ",Garfield,NJ,45,-11.76,640000,-1.54,57,-13,47,-27.69,100,-13.79,43,-14,363.11,3.77
9/3/26,Rolling 3 Months,5/1/26,7/31/26,6634,City,"Garwood, NJ",Garwood,NJ,19,137.5,683000,-22.78,17,-4,25,78.57,33,94.12,22,144.44,376.79,-1.41
9/3/26,Rolling 3 Months,5/1/26,7/31/26,37098,City,"Germania, NJ",Germania,NJ,1,0,559775,69.12,242,227,NA,NA,1,NA,NA,NA,NA,NA
9/3/26,Rolling 3 Months,5/1/26,7/31/26,6684,City,"Gibbsboro, NJ",Gibbsboro,NJ,22,120,425995,-2.07,86,68,27,170,45,275,29,262.5,247.87,10.23
9/3/26,Rolling 3 Months,5/1/26,7/31/26,22792,City,"Gibbstown, NJ",Gibbstown,NJ,13,-27.78,340000,3.98,22,-12,23,53.33,27,12.5,15,0,210.94,14.75
9/3/26,Rolling 3 Months,5/1/26,7/31/26,37659,City,"Gillette, NJ",Gillette,NJ,6,-60,713000,6.42,13,-5,14,-30,18,-25,10,-41.18,365.1,-4.29
9/3/26,Rolling 3 Months,5/1/26,7/31/26,6749,City,"Glassboro, NJ",Glassboro,NJ,43,-23.21,375000,1.35,23,3,57,3.64,88,-6.38,45,-18.18,215.11,3.8
9/3/26,Rolling 3 Months,5/1/26,7/31/26,6798,City,"Glen Gardner, NJ",Glen Gardner,NJ,8,-11.11,384950,60.4,17,-28,10,-33.33,17,-22.73,9,12.5,240.33,-6.5
9/3/26,Rolling 3 Months,5/1/26,7/31/26,6809,City,"Glen Ridge, NJ",Glen Ridge,NJ,27,-46,1365000,10.8,14,-43,24,-27.27,37,-47.14,32,-36,507.19,14.51
9/3/26,Rolling 3 Months,5/1/26,7/31/26,6818,City,"Glen Rock, NJ",Glen Rock,NJ,40,-2.44,1291500,12.21,48,-9,41,-6.82,71,-7.79,38,-9.52,538.63,10.53
9/3/26,Rolling 3 Months,5/1/26,7/31/26,22825,City,"Glendora, NJ",Glendora,NJ,24,33.33,375000,11.94,42,4,13,8.33,29,3.57,19,46.15,220.68,5.71
9/3/26,Rolling 3 Months,5/1/26,7/31/26,6854,City,"Gloucester City, NJ",Gloucester City,NJ,43,13.16,240000,-9.43,34,-5,42,-25,84,-2.33,49,4.26,177.69,-0.8
9/3/26,Rolling 3 Months,5/1/26,7/31/26,22855,City,"Golden Triangle, NJ",Golden Triangle,NJ,17,-22.73,445000,10.56,35,11,26,36.84,44,12.82,15,-28.57,252.46,-1.76
9/3/26,Rolling 3 Months,5/1/26,7/31/26,37050,City,"Goshen, NJ",Goshen,NJ,NA,NA,NA,NA,NA,NA,NA,NA,1,-50,NA,NA,NA,NA
9/3/26,Rolling 3 Months,5/1/26,7/31/26,37318,City,"Gouldtown, NJ",Gouldtown,NJ,3,200,173000,-53.87,108,-21,4,33.33,11,37.5,3,50,142.71,-40.06
9/3/26,Rolling 3 Months,5/1/26,7/31/26,31188,City,"Great Meadows, NJ",Great Meadows,NJ,2,100,350000,55.56,42,21,3,0,5,66.67,4,300,316.34,14.95
9/3/26,Rolling 3 Months,5/1/26,7/31/26,37568,City,"Great Notch, NJ",Great Notch,NJ,12,100,837500,50.9,29,-15,15,7.14,19,11.76,12,20,375.25,1.01
9/3/26,Rolling 3 Months,5/1/26,7/31/26,32764,City,"Green Knoll, NJ",Green Knoll,NJ,16,-20,859940,12.41,18,-11,34,70,38,40.74,24,33.33,359.79,-5.58
9/3/26,Rolling 3 Months,5/1/26,7/31/26,37809,City,"Green Village, NJ",Green Village,NJ,2,100,2590000,12.61,17,0,2,100,2,100,1,0,NA,NA
9/3/26,Rolling 3 Months,5/1/26,7/31/26,22933,City,"Greentree, NJ",Greentree,NJ,34,-5.56,591500,15.3,20,1,42,-8.7,58,-6.45,37,-9.76,261.17,11.03
9/3/26,Rolling 3 Months,5/1/26,7/31/26,37024,City,"Greenwich, NJ",Greenwich,NJ,1,NA,325000,NA,7,NA,1,NA,1,0,NA,NA,155.92,NA
9/3/26,Rolling 3 Months,5/1/26,7/31/26,32785,City,"Greenwich, NJ",Greenwich,NJ,17,30.77,562000,-13.54,21,2,15,66.67,22,37.5,19,72.73,244.71,8.98
9/3/26,Rolling 3 Months,5/1/26,7/31/26,37366,City,"Grenloch, NJ",Grenloch,NJ,1,0,350000,-17.65,65,15,1,-75,2,-60,1,-50,267.2,17.09
9/3/26,Rolling 3 Months,5/1/26,7/31/26,32794,City,"Griggstown, NJ",Griggstown,NJ,4,100,689600,-8.66,16,-81,7,600,8,166.67,5,66.67,394.5,-5.08
9/3/26,Rolling 3 Months,5/1/26,7/31/26,31193,City,"Groveville, NJ",Groveville,NJ,7,16.67,405000,-25.07,20,1,8,0,12,9.09,8,33.33,323.73,41.56
9/3/26,Rolling 3 Months,5/1/26,7/31/26,7302,City,"Guttenberg, NJ",Guttenberg,NJ,33,94.12,375000,-1.96,77,-14,58,5.45,105,-9.48,33,-5.71,371.43,3.47
9/3/26,Rolling 3 Months,5/1/26,7/31/26,7312,City,"Hackensack, NJ",Hackensack,NJ,72,-15.29,430000,22.86,75,9,125,9.65,241,23.59,104,5.05,381.36,6.32
9/3/26,Rolling 3 Months,5/1/26,7/31/26,7319,City,"Hackettstown, NJ",Hackettstown,NJ,22,-4.35,496750,9.78,17,-7,23,-17.86,32,-23.81,20,-25.93,275.5,-2.23
9/3/26,Rolling 3 Months,5/1/26,7/31/26,7341,City,"Haddon Heights, NJ",Haddon Heights,NJ,21,-16,530000,13.98,14,-1,26,-7.14,37,-7.5,26,4,295.97,3.32
9/3/26,Rolling 3 Months,5/1/26,7/31/26,7331,City,"Haddonfield, NJ",Haddonfield,NJ,50,-1.96,887500,-10.8,21,2,45,-28.57,80,3.9,46,-14.81,431.23,7.96
9/3/26,Rolling 3 Months,5/1/26,7/31/26,32814,City,"Hainesburg, NJ",Hainesburg,NJ,NA,NA,NA,NA,NA,NA,2,0,3,-25,1,-66.67,262.5,51.27
9/3/26,Rolling 3 Months,5/1/26,7/31/26,7405,City,"Haledon, NJ",Haledon,NJ,14,-22.22,635000,12.19,24,-36,23,43.75,29,-12.12,14,0,276.58,-10.14
9/3/26,Rolling 3 Months,5/1/26,7/31/26,7453,City,"Hamburg, NJ",Hamburg,NJ,19,-34.48,355000,1.43,26,1,33,0,45,-15.09,21,-25,240.57,4.58
9/3/26,Rolling 3 Months,5/1/26,7/31/26,31196,City,"Hamilton Square, NJ",Hamilton Square,NJ,34,-26.09,527500,0.48,29,-12,43,0,61,-7.58,37,-22.92,318.18,4.75
9/3/26,Rolling 3 Months,5/1/26,7/31/26,7499,City,"Hammonton, NJ",Hammonton,NJ,32,14.29,421065,12.89,49,12,46,39.39,82,49.09,40,21.21,228.96,9.6
9/3/26,Rolling 3 Months,5/1/26,7/31/26,7508,City,"Hampton, NJ",Hampton,NJ,6,50,537500,40.52,21,-8,11,120,13,85.71,8,60,224.33,15.14
9/3/26,Rolling 3 Months,5/1/26,7/31/26,32848,City,"Hancocks Bridge, NJ",Hancocks Bridge,NJ,1,0,292000,-18.89,167,89,NA,NA,2,0,NA,NA,NA,NA
9/3/26,Rolling 3 Months,5/1/26,7/31/26,32870,City,"Harlingen, NJ",Harlingen,NJ,2,0,1389000,29.33,17,-34,2,-33.33,4,33.33,2,-33.33,402.78,24.61
9/3/26,Rolling 3 Months,5/1/26,7/31/26,32876,City,"Harmony, NJ",Harmony,NJ,4,33.33,495000,19.28,12,-22,5,NA,5,66.67,3,50,249.39,NA
9/3/26,Rolling 3 Months,5/1/26,7/31/26,7687,City,"Harrington Park, NJ",Harrington Park,NJ,14,-6.67,1031500,5.79,67,-17,17,41.67,27,0,15,25,426.43,-1.24
9/3/26,Rolling 3 Months,5/1/26,7/31/26,7704,City,"Harrison, NJ",Harrison,NJ,13,-27.78,810000,6.58,106,22,12,-36.84,33,-28.26,17,-26.09,367.25,2.69
9/3/26,Rolling 3 Months,5/1/26,7/31/26,37107,City,"Harrisonville, NJ",Harrisonville,NJ,2,NA,477450,NA,87,NA,2,NA,4,300,1,-50,219.09,NA
9/3/26,Rolling 3 Months,5/1/26,7/31/26,7751,City,"Harvey Cedars, NJ",Harvey Cedars,NJ,6,-40,3090000,20.7,35,-109,5,-44.44,14,-30,5,-44.44,1285.36,-5.8
9/3/26,Rolling 3 Months,5/1/26,7/31/26,7763,City,"Hasbrouck Heights, NJ",Hasbrouck Heights,NJ,15,-25,785000,13.36,60,-9,34,21.43,48,-4,21,0,416.2,4.52
9/3/26,Rolling 3 Months,5/1/26,7/31/26,7800,City,"Haworth, NJ",Haworth,NJ,9,50,1440000,25.22,82,10,8,-27.27,18,-10,6,-33.33,629.15,21.62
9/3/26,Rolling 3 Months,5/1/26,7/31/26,7806,City,"Hawthorne, NJ",Hawthorne,NJ,50,31.58,642500,-3.02,31,-29,51,-7.27,83,7.79,52,10.64,358.86,1.25
9/3/26,Rolling 3 Months,5/1/26,7/31/26,23114,City,"Heathcote, NJ",Heathcote,NJ,28,16.67,654250,46.86,77,51,38,22.58,64,20.75,28,-6.67,325.05,-0.42
9/3/26,Rolling 3 Months,5/1/26,7/31/26,37177,City,"Heislerville, NJ",Heislerville,NJ,NA,NA,NA,NA,NA,NA,NA,NA,1,-50,NA,NA,NA,NA
9/3/26,Rolling 3 Months,5/1/26,7/31/26,7886,City,"Helmetta, NJ",Helmetta,NJ,13,-18.75,360000,-11.66,57,18,14,-30,26,-13.33,16,23.08,311.9,3.79
9/3/26,Rolling 3 Months,5/1/26,7/31/26,37779,City,"Hewitt, NJ",Hewitt,NJ,6,500,812500,162.1,25,16,13,-13.33,21,-4.55,8,-20,281.01,2.42
9/3/26,Rolling 3 Months,5/1/26,7/31/26,37679,City,"Hibernia, NJ",Hibernia,NJ,1,NA,353850,NA,335,NA,NA,NA,NA,NA,NA,NA,NA,NA
9/3/26,Rolling 3 Months,5/1/26,7/31/26,8009,City,"High Bridge, NJ",High Bridge,NJ,18,80,410000,0.61,19,-1,22,22.22,38,46.15,27,58.82,291.13,5.51
9/3/26,Rolling 3 Months,5/1/26,7/31/26,23160,City,"Highland Lake, NJ",Highland Lake,NJ,35,84.21,400000,25,18,-5,41,13.89,66,17.86,38,18.75,341.08,16.08
9/3/26,Rolling 3 Months,5/1/26,7/31/26,35875,City,"Highland Lakes, NJ",Highland Lakes,NJ,35,84.21,400000,25,18,-5,43,13.16,68,19.3,38,15.15,341.08,16.08
9/3/26,Rolling 3 Months,5/1/26,7/31/26,8051,City,"Highland Park, NJ",Highland Park,NJ,32,28,625000,4.17,58,-2,33,13.79,59,1.72,37,15.63,339.84,2.63
9/3/26,Rolling 3 Months,5/1/26,7/31/26,8059,City,"Highlands, NJ",Highlands,NJ,26,-3.7,566000,-7.97,23,-4,27,-12.9,45,-16.67,26,-13.33,438.67,3.07
9/3/26,Rolling 3 Months,5/1/26,7/31/26,8084,City,"Hightstown, NJ",Hightstown,NJ,12,-20,484500,2,37,15,24,-11.11,36,-12.2,8,-63.64,275.53,-6.56
9/3/26,Rolling 3 Months,5/1/26,7/31/26,8229,City,"Highway-Nella, NJ",Highway-Nella,NJ,3,NA,350000,NA,116,NA,2,NA,4,300,2,100,217.85,NA
9/3/26,Rolling 3 Months,5/1/26,7/31/26,37767,City,"Hillsborough, NJ",Hillsborough,NJ,78,-4.88,460000,-2.13,20,2,99,-10,152,15.15,82,-9.89,322.31,1.42
9/3/26,Rolling 3 Months,5/1/26,7/31/26,8153,City,"Hillsdale, NJ",Hillsdale,NJ,24,9.09,934500,4.71,55,-11,23,-25.81,45,-13.46,23,-17.86,434.1,12.7
9/3/26,Rolling 3 Months,5/1/26,7/31/26,8255,City,"Ho-Ho-Kus, NJ",Ho-Ho-Kus,NJ,24,9.09,1625661,30.31,80,6,17,-10.53,41,17.14,21,-19.23,547.77,0.46
9/3/26,Rolling 3 Months,5/1/26,7/31/26,8238,City,"Hoboken, NJ",Hoboken,NJ,205,17.14,999999,10.5,23,-3,251,24.26,385,18.83,191,11.05,925.93,4.49
9/3/26,Rolling 3 Months,5/1/26,7/31/26,23219,City,"Holiday City South, NJ",Holiday City South,NJ,38,22.58,347000,-3.61,30,14,59,22.92,92,41.54,41,17.14,271.92,5.15
9/3/26,Rolling 3 Months,5/1/26,7/31/26,23218,City,"Holiday City-Berkeley, NJ",Holiday City-Berkeley,NJ,128,-17.95,330000,1.54,36,2,173,0,317,22.39,160,-3.61,267.06,0
9/3/26,Rolling 3 Months,5/1/26,7/31/26,23220,City,"Holiday Heights, NJ",Holiday Heights,NJ,21,-25,385000,-2.53,39,18,24,-14.29,46,-2.13,26,-23.53,256.31,-1.12
9/3/26,Rolling 3 Months,5/1/26,7/31/26,8413,City,"Hopatcong, NJ",Hopatcong,NJ,84,44.83,472500,14.55,22,-5,107,20.22,155,17.42,92,29.58,340.54,0.46
9/3/26,Rolling 3 Months,5/1/26,7/31/26,33031,City,"Hope, NJ",Hope,NJ,1,0,716000,76.79,21,-8,NA,NA,1,-50,1,0,NA,NA
9/3/26,Rolling 3 Months,5/1/26,7/31/26,37800,City,"Hopelawn, NJ",Hopelawn,NJ,2,-75,612500,28.95,42,-19,4,-55.56,9,-40,5,-16.67,422.71,18.91
9/3/26,Rolling 3 Months,5/1/26,7/31/26,8474,City,"Hopewell, NJ",Hopewell,NJ,6,-25,613250,16.26,41,-11,10,0,16,-5.88,10,11.11,293.27,-32.26
9/3/26,Rolling 3 Months,5/1/26,7/31/26,33060,City,"Hutchinson, NJ",Hutchinson,NJ,1,0,560000,38.96,11,-46,1,0,1,0,1,0,198.86,-53.64
9/3/26,Rolling 3 Months,5/1/26,7/31/26,8737,City,"Interlaken, NJ",Interlaken,NJ,5,NA,2085000,NA,16,NA,5,400,6,200,3,200,837,-6.61
9/3/26,Rolling 3 Months,5/1/26,7/31/26,23338,City,"Iselin, NJ",Iselin,NJ,30,-11.76,527500,-5.8,63,-6,50,-3.85,95,13.1,35,-25.53,406.69,1.67
9/3/26,Rolling 3 Months,5/1/26,7/31/26,8813,City,"Island Heights, NJ",Island Heights,NJ,8,100,735000,9.7,16,-78,10,-9.09,15,-31.82,11,-8.33,403.25,17.43
9/3/26,Rolling 3 Months,5/1/26,7/31/26,8884,City,"Jamesburg, NJ",Jamesburg,NJ,15,50,425000,-24.17,51,-11,16,60,27,22.73,17,54.55,283.43,-8.27
9/3/26,Rolling 3 Months,5/1/26,7/31/26,9168,City,"Jersey City, NJ",Jersey City,NJ,523,-4.04,735500,-2,42,-1,933,5.54,1682,3.83,541,-3.05,575.71,2.28
9/3/26,Rolling 3 Months,5/1/26,7/31/26,37375,City,"Jobstown, NJ",Jobstown,NJ,1,NA,523000,NA,39,NA,2,100,2,-33.33,1,0,247.26,315.34
9/3/26,Rolling 3 Months,5/1/26,7/31/26,33174,City,"Johnsonburg, NJ",Johnsonburg,NJ,1,NA,930000,NA,7,NA,NA,NA,NA,NA,NA,NA,NA,NA
9/3/26,Rolling 3 Months,5/1/26,7/31/26,33183,City,"Juliustown, NJ",Juliustown,NJ,NA,NA,NA,NA,NA,NA,1,-50,3,50,2,100,241.67,15.44
9/3/26,Rolling 3 Months,5/1/26,7/31/26,9287,City,"Keansburg, NJ",Keansburg,NJ,38,2.7,433750,2.06,47,21,58,-4.92,98,7.69,43,4.88,291.4,-4.97
9/3/26,Rolling 3 Months,5/1/26,7/31/26,9295,City,"Kearny, NJ",Kearny,NJ,61,27.08,620000,-0.4,65,-16,77,-8.33,138,2.99,67,4.69,362.53,9.88
9/3/26,Rolling 3 Months,5/1/26,7/31/26,37788,City,"Keasbey, NJ",Keasbey,NJ,2,NA,715000,NA,55,NA,2,100,9,350,3,NA,270.12,-11.43
9/3/26,Rolling 3 Months,5/1/26,7/31/26,23483,City,"Kendall Park, NJ",Kendall Park,NJ,23,53.33,731000,6.44,65,-5,27,-6.9,52,44.44,28,12,352.92,3.61
9/3/26,Rolling 3 Months,5/1/26,7/31/26,9341,City,"Kenilworth, NJ",Kenilworth,NJ,24,50,602500,-9.74,26,-28,27,-3.57,47,27.03,25,8.7,372.57,-10.08
9/3/26,Rolling 3 Months,5/1/26,7/31/26,31213,City,"Kenvil, NJ",Kenvil,NJ,6,500,635500,19.91,38,1,6,0,9,12.5,7,16.67,385.46,8.59
9/3/26,Rolling 3 Months,5/1/26,7/31/26,9369,City,"Keyport, NJ",Keyport,NJ,23,15,650000,37.57,16,-20,36,9.09,55,19.57,25,-19.35,364.17,14.76
9/3/26,Rolling 3 Months,5/1/26,7/31/26,33218,City,"Kingston Estates, NJ",Kingston Estates,NJ,23,21.05,485000,0,24,4,22,0,29,-12.12,25,4.17,225.28,-3.23
9/3/26,Rolling 3 Months,5/1/26,7/31/26,33215,City,"Kingston, NJ",Kingston,NJ,3,-40,420000,10.53,22,-50,3,-57.14,9,-10,5,25,446.43,26.28
9/3/26,Rolling 3 Months,5/1/26,7/31/26,9434,City,"Kinnelon, NJ",Kinnelon,NJ,26,-18.75,967500,14.16,18,-23,27,-12.9,47,-12.96,23,-23.33,342.13,13.11
9/3/26,Rolling 3 Months,5/1/26,7/31/26,9530,City,"Lake Como, NJ",Lake Como,NJ,9,200,825000,11.71,26,-15,9,-18.18,13,-13.33,6,-25,523.57,-29.14
9/3/26,Rolling 3 Months,5/1/26,7/31/26,37682,City,"Lake Hiawatha, NJ",Lake Hiawatha,NJ,20,11.11,603250,8.69,16,-10,31,34.78,44,18.92,31,29.17,376.92,7.76
9/3/26,Rolling 3 Months,5/1/26,7/31/26,37827,City,"Lake Hopatcong, NJ",Lake Hopatcong,NJ,38,22.58,560500,-24.77,24,-11,61,32.61,88,29.41,47,23.68,322.8,-0.35
9/3/26,Rolling 3 Months,5/1/26,7/31/26,23576,City,"Lake Mohawk, NJ",Lake Mohawk,NJ,44,7.32,626345,-9.42,20,1,63,-1.56,93,4.49,53,1.92,336.86,4.06
9/3/26,Rolling 3 Months,5/1/26,7/31/26,23606,City,"Lake Telemark, NJ",Lake Telemark,NJ,5,66.67,570000,83.87,15,-8,8,166.67,9,125,5,25,351.89,17.98
9/3/26,Rolling 3 Months,5/1/26,7/31/26,9579,City,"Lakehurst, NJ",Lakehurst,NJ,4,0,280500,-15.77,9,-20,10,25,10,11.11,6,-14.29,348.08,34.75
9/3/26,Rolling 3 Months,5/1/26,7/31/26,37208,City,"Lakeside-Beebe Run, NJ",Lakeside-Beebe Run,NJ,1,-50,330000,17.86,230,188,1,-66.67,3,-40,2,-50,136.77,-55.7
9/3/26,Rolling 3 Months,5/1/26,7/31/26,23620,City,"Lakewood, NJ",Lakewood,NJ,29,-6.45,500000,-12.13,47,21,55,22.22,101,13.48,31,-3.13,427.47,8.43
9/3/26,Rolling 3 Months,5/1/26,7/31/26,9794,City,"Lambertville, NJ",Lambertville,NJ,23,35.29,607500,-6.83,40,-14,27,42.11,40,-2.44,22,15.79,396.11,-0.18
9/3/26,Rolling 3 Months,5/1/26,7/31/26,37821,City,"Landing, NJ",Landing,NJ,22,83.33,560000,6.57,22,-2,16,33.33,27,28.57,21,31.25,366.68,-11.25
9/3/26,Rolling 3 Months,5/1/26,7/31/26,36965,City,"Laurel Heights, NJ",Laurel Heights,NJ,NA,NA,NA,NA,NA,NA,NA,NA,NA,NA,NA,NA,NA,NA
9/3/26,Rolling 3 Months,5/1/26,7/31/26,23651,City,"Laurel Lake, NJ",Laurel Lake,NJ,14,27.27,197700,-9.31,52,-11,20,81.82,39,34.48,14,16.67,192.99,-10.5
9/3/26,Rolling 3 Months,5/1/26,7/31/26,9954,City,"Laurel Springs, NJ",Laurel Springs,NJ,11,22.22,349500,-1.55,40,12,15,66.67,21,50,13,62.5,194.63,15
9/3/26,Rolling 3 Months,5/1/26,7/31/26,23672,City,"Laurence Harbor, NJ",Laurence Harbor,NJ,34,47.83,542500,17.93,66,6,30,0,59,18,28,-9.68,401.9,5.9
9/3/26,Rolling 3 Months,5/1/26,7/31/26,10007,City,"Lavallette, NJ",Lavallette,NJ,10,0,1925000,-6.95,59,31,20,17.65,30,-11.76,16,14.29,1146.55,18.58
9/3/26,Rolling 3 Months,5/1/26,7/31/26,10015,City,"Lawnside, NJ",Lawnside,NJ,11,0,305000,-5.43,14,-6,16,14.29,24,9.09,17,30.77,216.83,2.3
9/3/26,Rolling 3 Months,5/1/26,7/31/26,23692,City,"Lawrenceville, NJ",Lawrenceville,NJ,14,-6.67,615000,25.51,31,18,19,-9.52,25,0,18,12.5,283.14,-2.7
9/3/26,Rolling 3 Months,5/1/26,7/31/26,37628,City,"Layton, NJ",Layton,NJ,2,0,520000,21.98,82,56,2,-33.33,5,0,3,50,214.98,-20.62
9/3/26,Rolling 3 Months,5/1/26,7/31/26,10082,City,"Lebanon, NJ",Lebanon,NJ,18,125,447250,-17.18,16,-5,20,66.67,24,60,19,216.67,261.83,0.47
9/3/26,Rolling 3 Months,5/1/26,7/31/26,37554,City,"Ledgewood, NJ",Ledgewood,NJ,15,-37.5,480000,-10.64,28,10,17,-19.05,26,-21.21,15,-37.5,308.14,9.7
9/3/26,Rolling 3 Months,5/1/26,7/31/26,37352,City,"Leeds Point, NJ",Leeds Point,NJ,1,0,599995,-2.44,176,104,3,200,4,100,1,0,123.92,-46.84
9/3/26,Rolling 3 Months,5/1/26,7/31/26,37388,City,"Leesburg, NJ",Leesburg,NJ,3,200,210000,10.53,292,282,2,-33.33,4,33.33,5,NA,135.3,2.33
9/3/26,Rolling 3 Months,5/1/26,7/31/26,23721,City,"Leisure Knoll, NJ",Leisure Knoll,NJ,26,30,317950,0.94,56,33,32,-20,49,-20.97,34,41.67,237.72,-0.45
9/3/26,Rolling 3 Months,5/1/26,7/31/26,23725,City,"Leisure Village East, NJ",Leisure Village East,NJ,57,21.28,335000,19.64,35,17,48,-4,87,6.1,55,14.58,234.22,1.71
9/3/26,Rolling 3 Months,5/1/26,7/31/26,35637,City,"Leisure Village West, NJ",Leisure Village West,NJ,42,20,240000,-5.88,38,9,72,30.91,113,18.95,52,0,208.37,-0.9
9/3/26,Rolling 3 Months,5/1/26,7/31/26,23724,City,"Leisure Village, NJ",Leisure Village,NJ,42,23.53,186000,0.54,45,20,65,10.17,125,30.21,57,58.33,200.61,-5.19
9/3/26,Rolling 3 Months,5/1/26,7/31/26,23723,City,"Leisuretowne, NJ",Leisuretowne,NJ,33,-2.94,317000,1.44,45,14,45,0,76,7.04,35,-14.63,253.24,4.92
9/3/26,Rolling 3 Months,5/1/26,7/31/26,23734,City,"Leonardo, NJ",Leonardo,NJ,5,-16.67,588250,-3.96,19,-22,11,-8.33,13,-23.53,9,12.5,349.38,-13.97
9/3/26,Rolling 3 Months,5/1/26,7/31/26,10204,City,"Leonia, NJ",Leonia,NJ,14,-48.15,797500,-0.68,86,10,25,-30.56,44,-26.67,18,-45.45,445.07,4.22
9/3/26,Rolling 3 Months,5/1/26,7/31/26,37816,City,"Liberty Corner, NJ",Liberty Corner,NJ,5,25,1400000,-17.04,29,19,6,-14.29,7,-30,5,-16.67,397.69,-4.39
9/3/26,Rolling 3 Months,5/1/26,7/31/26,10278,City,"Lincoln Park, NJ",Lincoln Park,NJ,40,53.85,508500,-4.95,21,-18,32,18.52,46,12.2,27,12.5,358.27,13.82
9/3/26,Rolling 3 Months,5/1/26,7/31/26,23754,City,"Lincroft, NJ",Lincroft,NJ,19,-24,1275000,28.14,21,7,32,10.34,39,2.63,27,0,448.5,18.28
9/3/26,Rolling 3 Months,5/1/26,7/31/26,10296,City,"Linden, NJ",Linden,NJ,68,-11.69,547500,-0.45,33,-2,117,14.71,182,7.69,85,1.19,457.18,3.63
9/3/26,Rolling 3 Months,5/1/26,7/31/26,10320,City,"Lindenwold, NJ",Lindenwold,NJ,34,-8.11,237500,5.6,37,-11,40,-25.93,64,-25.58,40,-20,178.13,4.76
9/3/26,Rolling 3 Months,5/1/26,7/31/26,10335,City,"Linwood, NJ",Linwood,NJ,28,-6.67,549000,-1.96,56,-8,49,19.51,82,5.13,30,-3.23,280.96,3.12
9/3/26,Rolling 3 Months,5/1/26,7/31/26,10381,City,"Little Ferry, NJ",Little Ferry,NJ,14,-26.32,542500,-6.47,64,6,22,-15.38,43,-2.27,20,17.65,401.36,14.41
9/3/26,Rolling 3 Months,5/1/26,7/31/26,10402,City,"Little Silver, NJ",Little Silver,NJ,23,15,1325000,32.51,13,0,27,42.11,35,45.83,23,35.29,524.58,6.43
9/3/26,Rolling 3 Months,5/1/26,7/31/26,37168,City,"Llewellyn Park, NJ",Llewellyn Park,NJ,2,100,2235639,41.05,137,132,NA,NA,3,-40,NA,NA,NA,NA
9/3/26,Rolling 3 Months,5/1/26,7/31/26,10458,City,"Loch Arbour, NJ",Loch Arbour,NJ,NA,NA,NA,NA,NA,NA,1,-80,4,-20,NA,NA,3772.11,206.92
9/3/26,Rolling 3 Months,5/1/26,7/31/26,10469,City,"Lodi, NJ",Lodi,NJ,29,-14.71,720000,6.67,62,-14,58,31.82,95,25,50,31.58,425.47,12.71
9/3/26,Rolling 3 Months,5/1/26,7/31/26,10520,City,"Long Branch, NJ",Long Branch,NJ,74,8.82,745000,-1.97,33,6,117,11.43,242,4.76,76,-15.56,576.59,19.54
9/3/26,Rolling 3 Months,5/1/26,7/31/26,23853,City,"Long Valley, NJ",Long Valley,NJ,5,0,850000,62.29,8,-11,3,-70,6,-50,3,-50,233.79,15.72
9/3/26,Rolling 3 Months,5/1/26,7/31/26,10540,City,"Longport, NJ",Longport,NJ,10,11.11,1775000,16.39,85,-28,21,75,42,40,10,-9.09,1290.07,38.87
9/3/26,Rolling 3 Months,5/1/26,7/31/26,33475,City,"Lopatcong Overlook, NJ",Lopatcong Overlook,NJ,3,-50,250000,-31.97,46,26,4,-55.56,6,-33.33,2,-60,233.18,-8.56
9/3/26,Rolling 3 Months,5/1/26,7/31/26,37552,City,"Lower Berkshire Valley, NJ",Lower Berkshire Valley,NJ,4,0,550000,5.77,36,18,4,33.33,5,25,4,0,301.52,12.38
9/3/26,Rolling 3 Months,5/1/26,7/31/26,37740,City,"Lyons, NJ",Lyons,NJ,16,-20,1220000,-17.16,15,-3,8,-55.56,17,-34.62,15,-37.5,449.93,12.4
9/3/26,Rolling 3 Months,5/1/26,7/31/26,37608,City,"Macopin, NJ",Macopin,NJ,4,300,590000,-32.18,88,42,12,50,19,137.5,13,225,410.79,29.31
9/3/26,Rolling 3 Months,5/1/26,7/31/26,23952,City,"Madison Park, NJ",Madison Park,NJ,9,28.57,530000,0,37,9,9,-10,12,-7.69,12,9.09,428.7,7.75
9/3/26,Rolling 3 Months,5/1/26,7/31/26,10822,City,"Madison, NJ",Madison,NJ,88,4.76,1050500,0.05,21,-5,84,0,124,-6.06,92,5.75,414.52,5.75
9/3/26,Rolling 3 Months,5/1/26,7/31/26,10850,City,"Magnolia, NJ",Magnolia,NJ,12,-29.41,385000,16.67,22,-8,19,18.75,31,14.81,18,28.57,254.63,-0.86
9/3/26,Rolling 3 Months,5/1/26,7/31/26,37282,City,"Malaga, NJ",Malaga,NJ,7,250,215000,-40.85,95,-3,3,-25,14,75,6,200,133.32,-43.8
9/3/26,Rolling 3 Months,5/1/26,7/31/26,23981,City,"Manahawkin, NJ",Manahawkin,NJ,12,-25,490000,-14.41,13,-16,26,52.94,33,22.22,16,6.67,245.38,-4.22
9/3/26,Rolling 3 Months,5/1/26,7/31/26,10954,City,"Manasquan, NJ",Manasquan,NJ,22,83.33,1704950,21.78,15,-6,26,23.81,36,24.14,24,33.33,739.21,-14.6
9/3/26,Rolling 3 Months,5/1/26,7/31/26,11049,City,"Mantoloking, NJ",Mantoloking,NJ,4,0,3285000,7.79,72,-145,2,-60,17,13.33,4,-42.86,2430.7,47.34
9/3/26,Rolling 3 Months,5/1/26,7/31/26,11106,City,"Manville, NJ",Manville,NJ,27,8,500000,6.38,30,11,34,-34.62,64,0,34,0,345.69,-0.66
9/3/26,Rolling 3 Months,5/1/26,7/31/26,11173,City,"Margate City, NJ",Margate City,NJ,66,8.2,1200000,4.35,94,-12,52,-37.35,157,-15.14,57,14,707.45,3.46
9/3/26,Rolling 3 Months,5/1/26,7/31/26,33611,City,"Marksboro, NJ",Marksboro,NJ,1,0,545000,25.29,19,-1,1,0,2,0,2,0,376.14,68.94
9/3/26,Rolling 3 Months,5/1/26,7/31/26,37001,City,"Marlboro, NJ",Marlboro,NJ,NA,NA,NA,NA,NA,NA,2,NA,2,NA,2,NA,199.52,NA
9/3/26,Rolling 3 Months,5/1/26,7/31/26,24052,City,"Marlton, NJ",Marlton,NJ,33,13.79,495000,10,29,9,49,32.43,61,15.09,38,8.57,261.51,5.8
9/3/26,Rolling 3 Months,5/1/26,7/31/26,37075,City,"Marmora, NJ",Marmora,NJ,6,-50,607500,84.37,167,81,6,-14.29,13,-35,8,-27.27,324.41,16.23
9/3/26,Rolling 3 Months,5/1/26,7/31/26,37086,City,"Marshallville, NJ",Marshallville,NJ,2,0,799500,117.55,149,80,1,0,1,-50,1,NA,337.42,12.53
9/3/26,Rolling 3 Months,5/1/26,7/31/26,33636,City,"Martinsville, NJ",Martinsville,NJ,41,-8.89,740000,-13.95,18,1,49,-3.92,77,4.05,50,8.7,364.99,1.38
9/3/26,Rolling 3 Months,5/1/26,7/31/26,11355,City,"Matawan, NJ",Matawan,NJ,14,-26.32,602500,-0.41,50,24,21,-19.23,36,5.88,20,53.85,355.62,13.11
9/3/26,Rolling 3 Months,5/1/26,7/31/26,36928,City,"Mauricetown, NJ",Mauricetown,NJ,3,0,370000,196,69,31,1,-85.71,4,-55.56,3,0,155.43,-1.85
9/3/26,Rolling 3 Months,5/1/26,7/31/26,24107,City,"Mays Landing, NJ",Mays Landing,NJ,22,-26.67,294500,-2.64,58,9,39,21.88,67,6.35,31,6.9,213.37,9.93
9/3/26,Rolling 3 Months,5/1/26,7/31/26,11429,City,"Maywood, NJ",Maywood,NJ,19,35.71,742250,0.99,58,18,30,76.47,46,48.39,27,92.86,410.54,-5.22
9/3/26,Rolling 3 Months,5/1/26,7/31/26,37055,City,"McKee City, NJ",McKee City,NJ,27,3.85,237500,1.39,52,5,62,37.78,108,61.19,38,22.58,215.73,1.77
9/3/26,Rolling 3 Months,5/1/26,7/31/26,11523,City,"Medford Lakes, NJ",Medford Lakes,NJ,9,-30.77,600000,-16.78,31,14,12,-7.69,17,-19.05,11,-15.38,341.99,27.06
9/3/26,Rolling 3 Months,5/1/26,7/31/26,11557,City,"Mendham, NJ",Mendham,NJ,24,50,1044500,34.34,13,-7,28,75,36,20,25,4.17,404.73,-1.67
9/3/26,Rolling 3 Months,5/1/26,7/31/26,37646,City,"Menlo Park Terrace, NJ",Menlo Park Terrace,NJ,1,-66.67,725000,16,34,-36,5,-16.67,7,-36.36,2,-66.67,448.44,15.63
9/3/26,Rolling 3 Months,5/1/26,7/31/26,31245,City,"Mercerville, NJ",Mercerville,NJ,38,0,455000,-6.19,28,-7,52,18.18,61,-11.59,33,-23.26,311.17,-0.21
9/3/26,Rolling 3 Months,5/1/26,7/31/26,11606,City,"Merchantville, NJ",Merchantville,NJ,14,-30,356000,3.19,21,-7,11,0,19,-26.92,16,-11.11,214.72,2.77
9/3/26,Rolling 3 Months,5/1/26,7/31/26,11649,City,"Metuchen, NJ",Metuchen,NJ,52,52.94,750000,2.53,55,5,52,8.33,94,34.29,47,23.68,463.75,4.05
9/3/26,Rolling 3 Months,5/1/26,7/31/26,37148,City,"Mickleton, NJ",Mickleton,NJ,5,-50,660000,32,12,-13,1,-88.89,3,-75,2,-81.82,350.38,49.92
9/3/26,Rolling 3 Months,5/1/26,7/31/26,33696,City,"Middlebush, NJ",Middlebush,NJ,8,60,835000,40.34,114,77,4,-55.56,6,-60,5,0,370.78,24.09
9/3/26,Rolling 3 Months,5/1/26,7/31/26,11707,City,"Middlesex, NJ",Middlesex,NJ,35,-14.63,575000,9.37,21,-34,48,2.13,65,-8.45,38,2.7,325.44,-4.45
9/3/26,Rolling 3 Months,5/1/26,7/31/26,11766,City,"Midland Park, NJ",Midland Park,NJ,19,137.5,810000,-7.32,39,-33,17,-5.56,28,7.69,19,26.67,398.38,-1.14
9/3/26,Rolling 3 Months,5/1/26,7/31/26,11802,City,"Milford, NJ",Milford,NJ,11,57.14,394000,25.08,55,28,6,-14.29,16,14.29,11,22.22,256.48,17.02
9/3/26,Rolling 3 Months,5/1/26,7/31/26,37721,City,"Millington, NJ",Millington,NJ,20,185.71,917500,7.31,12,-4,10,-16.67,13,0,10,-9.09,421.19,21.54
9/3/26,Rolling 3 Months,5/1/26,7/31/26,11892,City,"Millstone, NJ",Millstone,NJ,1,-50,730000,-44.91,22,-52,2,-33.33,3,-25,1,-50,309.6,-14.03
9/3/26,Rolling 3 Months,5/1/26,7/31/26,11901,City,"Milltown, NJ",Milltown,NJ,12,-57.14,630000,14.03,66,11,23,4.55,34,-27.66,19,-36.67,359.85,1.02
9/3/26,Rolling 3 Months,5/1/26,7/31/26,11914,City,"Millville, NJ",Millville,NJ,102,-8.11,272500,4.85,42,8,135,4.65,223,0,126,4.13,177.35,-2.36
9/3/26,Rolling 3 Months,5/1/26,7/31/26,37262,City,"Milmay, NJ",Milmay,NJ,4,33.33,397500,-13.59,65,12,2,-33.33,7,16.67,3,200,251.93,12.93
9/3/26,Rolling 3 Months,5/1/26,7/31/26,37192,City,"Mizpah, NJ",Mizpah,NJ,NA,NA,NA,NA,NA,NA,1,NA,2,100,1,NA,214.2,NA
9/3/26,Rolling 3 Months,5/1/26,7/31/26,37170,City,"Money Island, NJ",Money Island,NJ,1,NA,225000,NA,3,NA,1,NA,1,NA,1,NA,234.38,NA
9/3/26,Rolling 3 Months,5/1/26,7/31/26,12037,City,"Monmouth Beach, NJ",Monmouth Beach,NJ,25,19.05,1299000,-13.4,20,-6,24,-11.11,42,5,21,-8.7,677.01,24.35
9/3/26,Rolling 3 Months,5/1/26,7/31/26,24265,City,"Monmouth Junction, NJ",Monmouth Junction,NJ,20,-13.04,755000,23.57,62,8,25,-28.57,49,0,21,-4.55,364.14,8.19
9/3/26,Rolling 3 Months,5/1/26,7/31/26,37664,City,"Monroe Manor, NJ",Monroe Manor,NJ,3,-50,845000,38.52,89,-12,4,-42.86,9,-40,3,-62.5,375.48,-6.3
9/3/26,Rolling 3 Months,5/1/26,7/31/26,35939,City,"Montclair, NJ",Montclair,NJ,143,-7.14,1353000,6.12,15,-39,142,-0.7,228,-10.59,137,-12.18,478.7,9.85
9/3/26,Rolling 3 Months,5/1/26,7/31/26,12165,City,"Montvale, NJ",Montvale,NJ,21,0,950000,2.7,64,5,31,0,49,-3.92,31,19.23,415.82,8.04
9/3/26,Rolling 3 Months,5/1/26,7/31/26,35825,City,"Montville, NJ",Montville,NJ,77,6.94,915000,3.95,21,-6,85,1.19,146,16.8,95,28.38,364.47,3.05
9/3/26,Rolling 3 Months,5/1/26,7/31/26,12189,City,"Moonachie, NJ",Moonachie,NJ,2,-33.33,767500,539.58,60,-9,2,-66.67,6,-40,NA,NA,463.55,6.29
9/3/26,Rolling 3 Months,5/1/26,7/31/26,24316,City,"Moorestown-Lenola, NJ",Moorestown-Lenola,NJ,44,-4.35,657500,-1.5,29,8,59,18,92,15,48,11.63,285.71,-10.75
9/3/26,Rolling 3 Months,5/1/26,7/31/26,24325,City,"Morganville, NJ",Morganville,NJ,14,-22.22,688500,-14.23,21,-6,22,29.41,33,13.79,17,-5.56,390.19,4.57
9/3/26,Rolling 3 Months,5/1/26,7/31/26,12321,City,"Morris Plains, NJ",Morris Plains,NJ,30,3.45,750000,2.74,17,-2,38,8.57,47,-6,29,-19.44,418.81,-0.12
9/3/26,Rolling 3 Months,5/1/26,7/31/26,12345,City,"Morristown, NJ",Morristown,NJ,44,-4.35,788800,8.65,28,8,61,69.44,92,50.82,52,8.33,493.62,29.11
9/3/26,Rolling 3 Months,5/1/26,7/31/26,12461,City,"Mount Arlington, NJ",Mount Arlington,NJ,37,76.19,520000,13.04,24,3,39,-7.14,56,0,38,15.15,283.27,0.39
9/3/26,Rolling 3 Months,5/1/26,7/31/26,12481,City,"Mount Ephraim, NJ",Mount Ephraim,NJ,16,-5.88,352500,4.6,14,-4,25,47.06,30,30.43,17,41.67,223.13,-4.97
9/3/26,Rolling 3 Months,5/1/26,7/31/26,33829,City,"Mount Hermon, NJ",Mount Hermon,NJ,1,NA,418000,NA,29,NA,2,100,2,100,NA,NA,201.79,21.32
9/3/26,Rolling 3 Months,5/1/26,7/31/26,37672,City,"Mount Hope, NJ",Mount Hope,NJ,23,4.55,410000,-2.96,38,-16,27,-3.57,43,-2.27,28,16.67,317.75,0.86
9/3/26,Rolling 3 Months,5/1/26,7/31/26,37202,City,"Mount Royal, NJ",Mount Royal,NJ,4,-33.33,493500,31.42,13,1,5,25,6,-14.29,4,0,246.62,15.76
9/3/26,Rolling 3 Months,5/1/26,7/31/26,37562,City,"Mount Tabor, NJ",Mount Tabor,NJ,4,-20,595000,12.69,18,1,6,-14.29,6,-25,3,-62.5,389.56,-4
9/3/26,Rolling 3 Months,5/1/26,7/31/26,33808,City,"Mountain Lake, NJ",Mountain Lake,NJ,2,100,162000,-13.37,94,-1,5,66.67,7,75,4,100,229.46,-7.54
9/3/26,Rolling 3 Months,5/1/26,7/31/26,12394,City,"Mountain Lakes, NJ",Mountain Lakes,NJ,21,31.25,1200000,-4,20,4,25,-3.85,41,28.13,25,8.7,421.14,2.5
9/3/26,Rolling 3 Months,5/1/26,7/31/26,12406,City,"Mountainside, NJ",Mountainside,NJ,22,-8.33,1004500,-14.22,18,3,28,33.33,41,46.43,21,10.53,451.24,12.76
9/3/26,Rolling 3 Months,5/1/26,7/31/26,24443,City,"Mullica Hill, NJ",Mullica Hill,NJ,30,-6.25,575221,18.59,50,16,18,-37.93,27,-60.87,18,12.5,237.38,-3.54
9/3/26,Rolling 3 Months,5/1/26,7/31/26,24450,City,"Mystic Island, NJ",Mystic Island,NJ,68,6.25,447500,5.92,35,7,83,-8.79,135,-14.01,77,-4.94,335.18,18.6
9/3/26,Rolling 3 Months,5/1/26,7/31/26,12744,City,"National Park, NJ",National Park,NJ,14,27.27,301000,-1.31,29,7,13,30,21,50,17,142.86,245.53,11.85
9/3/26,Rolling 3 Months,5/1/26,7/31/26,24462,City,"Navesink, NJ",Navesink,NJ,13,160,1274990,18.55,23,-8,9,0,13,0,10,25,424.29,7.93
9/3/26,Rolling 3 Months,5/1/26,7/31/26,12812,City,"Neptune City, NJ",Neptune City,NJ,18,20,637500,14.86,18,5,27,-12.9,33,-15.38,26,0,438.05,-15.17
9/3/26,Rolling 3 Months,5/1/26,7/31/26,36960,City,"Nesco, NJ",Nesco,NJ,1,NA,599900,NA,80,NA,2,100,3,200,3,200,305.5,20.36
9/3/26,Rolling 3 Months,5/1/26,7/31/26,37622,City,"Neshanic Station, NJ",Neshanic Station,NJ,8,0,854950,-11.17,35,19,21,75,28,133.33,14,133.33,318.22,-3.26
9/3/26,Rolling 3 Months,5/1/26,7/31/26,37689,City,"Neshanic, NJ",Neshanic,NJ,1,-50,401480,-30.66,13,3,2,-60,2,-66.67,NA,NA,625.06,112.94
9/3/26,Rolling 3 Months,5/1/26,7/31/26,12874,City,"Netcong, NJ",Netcong,NJ,4,-60,510000,4.19,10,-16,15,25,18,-5.26,8,-27.27,299.24,-6.1
9/3/26,Rolling 3 Months,5/1/26,7/31/26,13201,City,"New Brunswick, NJ",New Brunswick,NJ,49,16.67,440000,-0.79,82,1,60,-25,139,-5.44,71,-2.74,320.93,-1.08
9/3/26,Rolling 3 Months,5/1/26,7/31/26,24568,City,"New Egypt, NJ",New Egypt,NJ,16,-20,522500,-2.34,41,-19,21,5,31,-27.91,18,-14.29,288.46,8.56
9/3/26,Rolling 3 Months,5/1/26,7/31/26,13318,City,"New Milford, NJ",New Milford,NJ,75,-8.54,595000,0.68,54,-8,97,16.87,153,4.08,97,11.49,328.74,-9.57
9/3/26,Rolling 3 Months,5/1/26,7/31/26,13364,City,"New Providence, NJ",New Providence,NJ,53,20.45,1263000,51.26,11,-5,42,-14.29,57,-9.52,37,-17.78,471.06,2.9
9/3/26,Rolling 3 Months,5/1/26,7/31/26,37574,City,"New Vernon, NJ",New Vernon,NJ,4,33.33,1602500,39.47,16,-72,1,-66.67,4,33.33,2,0,638.34,58.41
9/3/26,Rolling 3 Months,5/1/26,7/31/26,34006,City,"New Village, NJ",New Village,NJ,1,NA,740000,NA,17,NA,3,NA,4,100,1,0,275.39,NA
9/3/26,Rolling 3 Months,5/1/26,7/31/26,13136,City,"Newark, NJ",Newark,NJ,307,6.97,593000,-1.17,69,-1,465,2.2,990,17.02,397,16.42,212.78,-3.54
9/3/26,Rolling 3 Months,5/1/26,7/31/26,13247,City,"Newfield, NJ",Newfield,NJ,6,50,302500,-23.61,97,24,10,-9.09,25,56.25,12,71.43,232.82,23.27
9/3/26,Rolling 3 Months,5/1/26,7/31/26,37578,City,"Newfoundland, NJ",Newfoundland,NJ,4,33.33,519713,20.86,13,-49,7,250,8,14.29,8,166.67,303.21,2.11
9/3/26,Rolling 3 Months,5/1/26,7/31/26,38282,City,"Newport, NJ",Newport,NJ,1,-66.67,289500,-0.17,10,-125,3,0,5,-44.44,1,-80,162.99,-23.98
9/3/26,Rolling 3 Months,5/1/26,7/31/26,13396,City,"Newton, NJ",Newton,NJ,30,3.45,444950,11.24,17,-6,36,0,55,-1.79,32,-3.03,269.82,5.94
9/3/26,Rolling 3 Months,5/1/26,7/31/26,37358,City,"Newtonville, NJ",Newtonville,NJ,NA,NA,NA,NA,NA,NA,3,-40,5,-28.57,1,0,174.35,-3.23
9/3/26,Rolling 3 Months,5/1/26,7/31/26,13485,City,"North Arlington, NJ",North Arlington,NJ,24,-4,677500,-3.9,63,1,48,29.73,80,26.98,43,26.47,425.89,14.26
9/3/26,Rolling 3 Months,5/1/26,7/31/26,24650,City,"North Beach Haven, NJ",North Beach Haven,NJ,32,-31.91,1975000,-1,48,11,46,2.22,96,15.66,38,0,1180.48,18.32
9/3/26,Rolling 3 Months,5/1/26,7/31/26,35940,City,"North Bergen, NJ",North Bergen,NJ,112,-21.13,591250,-1.38,71,13,227,-7.35,434,-9.39,135,-18.67,413.76,-2.04
9/3/26,Rolling 3 Months,5/1/26,7/31/26,13559,City,"North Caldwell, NJ",North Caldwell,NJ,26,0,1230000,3.14,16,-50,23,4.55,39,-7.14,26,13.04,429.32,7.42
9/3/26,Rolling 3 Months,5/1/26,7/31/26,24662,City,"North Cape May, NJ",North Cape May,NJ,29,107.14,540000,2.86,19,-35,28,27.27,37,-17.78,24,26.32,540.19,26.49
9/3/26,Rolling 3 Months,5/1/26,7/31/26,13665,City,"North Haledon, NJ",North Haledon,NJ,20,11.11,740000,-0.34,48,7,21,-43.24,38,-29.63,23,-17.86,379.6,7.94
9/3/26,Rolling 3 Months,5/1/26,7/31/26,24695,City,"North Middletown, NJ",North Middletown,NJ,14,75,525000,29.63,19,5,20,53.85,30,66.67,19,111.11,372.5,7.81
9/3/26,Rolling 3 Months,5/1/26,7/31/26,13740,City,"North Plainfield, NJ",North Plainfield,NJ,44,18.92,472250,-7.4,50,24,57,0,88,15.79,54,5.88,338.86,6.27
9/3/26,Rolling 3 Months,5/1/26,7/31/26,13815,City,"North Wildwood, NJ",North Wildwood,NJ,52,-31.58,810000,76.57,77,58,59,-36.56,149,-19.02,60,-32.58,690.31,6.87
9/3/26,Rolling 3 Months,5/1/26,7/31/26,13632,City,"Northfield, NJ",Northfield,NJ,34,78.95,425000,-1.16,64,18,37,-5.13,70,32.08,28,40,291.05,21.5
9/3/26,Rolling 3 Months,5/1/26,7/31/26,13790,City,"Northvale, NJ",Northvale,NJ,11,-26.67,760000,-10.48,76,-3,14,55.56,23,-14.81,9,0,430.03,11.19
9/3/26,Rolling 3 Months,5/1/26,7/31/26,13856,City,"Norwood, NJ",Norwood,NJ,18,5.88,990000,7.61,72,-2,22,4.76,42,0,20,17.65,436.1,-1.97
9/3/26,Rolling 3 Months,5/1/26,7/31/26,35824,City,"Nutley, NJ",Nutley,NJ,81,12.5,680000,3.58,22,-34,99,-14.66,155,-9.88,80,-17.53,407.52,9.38
9/3/26,Rolling 3 Months,5/1/26,7/31/26,37804,City,"Oak Ridge, NJ",Oak Ridge,NJ,42,16.67,620000,20.98,18,-20,58,52.63,82,36.67,47,38.24,282.5,-5.89
9/3/26,Rolling 3 Months,5/1/26,7/31/26,24779,City,"Oak Valley, NJ",Oak Valley,NJ,20,11.11,350000,2.84,33,17,9,-55,20,-25.93,11,-42.11,200.3,1.94
9/3/26,Rolling 3 Months,5/1/26,7/31/26,24752,City,"Oakhurst, NJ",Oakhurst,NJ,23,35.29,1175000,36.63,35,8,21,-12.5,35,-41.67,10,-44.44,612.05,12.62
9/3/26,Rolling 3 Months,5/1/26,7/31/26,13917,City,"Oakland, NJ",Oakland,NJ,29,-3.33,740500,-9.14,44,-19,48,23.08,78,20,40,-9.09,372.21,5.02
9/3/26,Rolling 3 Months,5/1/26,7/31/26,13929,City,"Oaklyn, NJ",Oaklyn,NJ,17,21.43,395000,-10.13,22,0,23,15,28,7.69,19,58.33,253.71,3.28
9/3/26,Rolling 3 Months,5/1/26,7/31/26,24799,City,"Ocean Acres, NJ",Ocean Acres,NJ,75,-38.02,597500,21.94,21,-2,118,-15.11,161,-17.44,100,-13.04,289.58,2.5
9/3/26,Rolling 3 Months,5/1/26,7/31/26,14076,City,"Ocean City, NJ",Ocean City,NJ,178,-1.11,1172500,0,82,9,192,-11.52,501,-1.57,189,-1.56,878.23,8.64
9/3/26,Rolling 3 Months,5/1/26,7/31/26,14095,City,"Ocean Gate, NJ",Ocean Gate,NJ,14,0,417500,3.09,23,-9,12,20,21,0,12,-14.29,382.17,27.95
9/3/26,Rolling 3 Months,5/1/26,7/31/26,24813,City,"Ocean Grove, NJ",Ocean Grove,NJ,35,84.21,795000,-9.14,20,5,34,47.83,48,11.63,37,27.59,671.49,6.29
9/3/26,Rolling 3 Months,5/1/26,7/31/26,38285,City,"Ocean View, NJ",Ocean View,NJ,8,0,254500,291.54,77,-14,7,-22.22,18,-5.26,7,-12.5,291.21,76.49
9/3/26,Rolling 3 Months,5/1/26,7/31/26,14120,City,"Oceanport, NJ",Oceanport,NJ,15,-42.31,1050000,5.74,19,5,16,6.67,24,-4,17,30.77,498.62,9.87
9/3/26,Rolling 3 Months,5/1/26,7/31/26,37277,City,"Oceanville, NJ",Oceanville,NJ,1,NA,360000,NA,69,NA,5,-28.57,7,-12.5,3,-40,230.53,-1.51
9/3/26,Rolling 3 Months,5/1/26,7/31/26,14146,City,"Ogdensburg, NJ",Ogdensburg,NJ,9,-10,490000,11.74,34,12,12,0,15,-25,11,-15.38,281.31,18.07
9/3/26,Rolling 3 Months,5/1/26,7/31/26,24831,City,"Old Bridge, NJ",Old Bridge,NJ,65,3.17,651000,3.33,56,4,86,14.67,129,3.2,72,5.88,373.3,2.68
9/3/26,Rolling 3 Months,5/1/26,7/31/26,14195,City,"Old Tappan, NJ",Old Tappan,NJ,13,-18.75,1535000,25.31,71,-16,27,42.11,43,2.38,19,11.76,471.06,10.23
9/3/26,Rolling 3 Months,5/1/26,7/31/26,37731,City,"Oldwick, NJ",Oldwick,NJ,1,NA,907800,NA,22,NA,4,33.33,5,25,3,0,308.82,2.94
9/3/26,Rolling 3 Months,5/1/26,7/31/26,24844,City,"Olivet, NJ",Olivet,NJ,3,-40,319900,-20.03,15,5,6,100,7,0,4,-20,190.31,13.6
9/3/26,Rolling 3 Months,5/1/26,7/31/26,14231,City,"Oradell, NJ",Oradell,NJ,24,-7.69,995000,0.56,59,-3,33,-2.94,55,12.24,28,-6.67,490,4.9
9/3/26,Rolling 3 Months,5/1/26,7/31/26,36939,City,"Othello, NJ",Othello,NJ,NA,NA,NA,NA,NA,NA,NA,NA,1,0,NA,NA,NA,NA
9/3/26,Rolling 3 Months,5/1/26,7/31/26,24875,City,"Oxford, NJ",Oxford,NJ,6,100,135000,-28.95,92,85,6,-57.14,12,-29.41,6,-25,287.5,28.69
9/3/26,Rolling 3 Months,5/1/26,7/31/26,37727,City,"Packanack Lake, NJ",Packanack Lake,NJ,17,41.67,862000,9.53,16,-69,13,-35,20,-28.57,14,-22.22,353.41,-6.32
9/3/26,Rolling 3 Months,5/1/26,7/31/26,37227,City,"Palermo, NJ",Palermo,NJ,11,10,485000,-7.62,96,39,5,-50,27,42.11,11,22.22,318.28,11.4
9/3/26,Rolling 3 Months,5/1/26,7/31/26,14436,City,"Palisades Park, NJ",Palisades Park,NJ,32,10.34,1217500,73.93,71,-13,45,-16.67,101,16.09,37,-5.13,553.85,13.72
9/3/26,Rolling 3 Months,5/1/26,7/31/26,14448,City,"Palmyra, NJ",Palmyra,NJ,40,42.86,289500,-9.5,30,11,47,23.68,67,39.58,35,12.9,220.17,-0.72
9/3/26,Rolling 3 Months,5/1/26,7/31/26,31279,City,"Panther Valley, NJ",Panther Valley,NJ,35,9.38,555000,29.82,28,0,29,3.57,48,-5.88,35,6.06,310.38,8.89
9/3/26,Rolling 3 Months,5/1/26,7/31/26,14484,City,"Paramus, NJ",Paramus,NJ,60,3.45,1277500,18.84,72,10,85,7.59,155,12.32,70,2.94,494.36,2.24
9/3/26,Rolling 3 Months,5/1/26,7/31/26,14533,City,"Park Ridge, NJ",Park Ridge,NJ,26,52.94,974875,8.32,69,4,18,-37.93,40,-18.37,16,-44.83,382.27,7.48
9/3/26,Rolling 3 Months,5/1/26,7/31/26,37598,City,"Parsippany, NJ",Parsippany,NJ,27,-6.9,780000,8.33,17,-5,38,0,53,-7.02,28,-12.5,351.39,2.76
9/3/26,Rolling 3 Months,5/1/26,7/31/26,14646,City,"Passaic, NJ",Passaic,NJ,37,-2.63,610000,17.08,69,-8,58,-3.33,121,14.15,49,16.67,319.06,2.77
9/3/26,Rolling 3 Months,5/1/26,7/31/26,14759,City,"Paterson, NJ",Paterson,NJ,137,-23.46,630000,18.87,63,7,240,-14.89,475,-0.63,201,7.49,302.78,4.23
9/3/26,Rolling 3 Months,5/1/26,7/31/26,14807,City,"Paulsboro, NJ",Paulsboro,NJ,36,89.47,273750,13.12,45,15,37,48,59,37.21,32,52.38,188.31,3.64
9/3/26,Rolling 3 Months,5/1/26,7/31/26,14857,City,"Peapack & Gladstone, NJ",Peapack & Gladstone,NJ,2,-75,719998,-48.75,16,-1,11,-38.89,14,-41.67,6,-33.33,438.04,12.43
9/3/26,Rolling 3 Months,5/1/26,7/31/26,34260,City,"Pedricktown, NJ",Pedricktown,NJ,2,-50,305000,6.09,85,16,2,100,7,250,4,100,151.77,-48.34
9/3/26,Rolling 3 Months,5/1/26,7/31/26,25023,City,"Pemberton Heights, NJ",Pemberton Heights,NJ,10,0,387500,13.97,36,10,7,-50,11,-45,8,-42.86,223.05,1.14
9/3/26,Rolling 3 Months,5/1/26,7/31/26,14896,City,"Pemberton, NJ",Pemberton,NJ,7,-30,330000,26.92,70,38,10,-16.67,16,-5.88,8,-20,270.01,21.28
9/3/26,Rolling 3 Months,5/1/26,7/31/26,14930,City,"Pennington, NJ",Pennington,NJ,14,-12.5,753500,-10.99,54,1,21,40,28,3.7,18,50,366.18,5.69
9/3/26,Rolling 3 Months,5/1/26,7/31/26,14978,City,"Penns Grove, NJ",Penns Grove,NJ,10,-52.38,249998,33.69,61,12,23,-4.17,43,-2.27,13,-31.58,160.14,0.75
9/3/26,Rolling 3 Months,5/1/26,7/31/26,25032,City,"Pennsauken, NJ",Pennsauken,NJ,89,7.23,335000,1.67,33,12,129,7.5,187,17.61,93,8.14,222.6,4.36
9/3/26,Rolling 3 Months,5/1/26,7/31/26,25038,City,"Pennsville, NJ",Pennsville,NJ,58,18.37,285000,7.55,41,8,57,-17.39,113,9.71,62,8.77,208.91,5.91
9/3/26,Rolling 3 Months,5/1/26,7/31/26,15081,City,"Perth Amboy, NJ",Perth Amboy,NJ,52,18.18,440000,-5.88,89,9,78,32.2,147,28.95,60,13.21,314.51,5.54
9/3/26,Rolling 3 Months,5/1/26,7/31/26,15108,City,"Phillipsburg, NJ",Phillipsburg,NJ,41,-8.89,290000,-4.92,25,4,72,33.33,122,41.86,45,9.76,203.03,-0.35
9/3/26,Rolling 3 Months,5/1/26,7/31/26,15170,City,"Pine Beach, NJ",Pine Beach,NJ,7,-22.22,600000,16.5,17,-4,12,140,16,23.08,8,0,367.57,17.79
9/3/26,Rolling 3 Months,5/1/26,7/31/26,37588,City,"Pine Brook, NJ",Pine Brook,NJ,18,125,935500,16.21,17,-6,12,9.09,20,53.85,14,55.56,387.64,-1.92
9/3/26,Rolling 3 Months,5/1/26,7/31/26,15215,City,"Pine Hill, NJ",Pine Hill,NJ,39,30,300000,0,25,6,50,25,68,19.3,34,6.25,234.28,21.05
9/3/26,Rolling 3 Months,5/1/26,7/31/26,31285,City,"Pine Lake Park, NJ",Pine Lake Park,NJ,39,18.18,545000,-12.52,20,-5,68,23.64,99,15.12,50,4.17,344.76,-4.13
9/3/26,Rolling 3 Months,5/1/26,7/31/26,25103,City,"Pine Ridge at Crestwood, NJ",Pine Ridge at Crestwood,NJ,31,29.17,205000,-6.82,40,-11,24,-33.33,55,-17.91,23,-20.69,191.71,-2.39
9/3/26,Rolling 3 Months,5/1/26,7/31/26,37632,City,"Pines Lake, NJ",Pines Lake,NJ,7,0,815000,-30.04,12,-46,15,25,16,0,10,42.86,345.07,-6.27
9/3/26,Rolling 3 Months,5/1/26,7/31/26,15295,City,"Pitman, NJ",Pitman,NJ,28,-34.88,348500,2.5,27,8,30,-11.76,52,-1.89,30,-23.08,264.75,15.83
9/3/26,Rolling 3 Months,5/1/26,7/31/26,15325,City,"Plainfield, NJ",Plainfield,NJ,56,-37.78,550000,7.11,30,-4,101,-3.81,177,3.51,76,-24,346.15,3.32
9/3/26,Rolling 3 Months,5/1/26,7/31/26,25136,City,"Plainsboro Center, NJ",Plainsboro Center,NJ,6,20,953500,46.69,73,24,4,-60,11,0,6,0,276.7,-9.53
9/3/26,Rolling 3 Months,5/1/26,7/31/26,34384,City,"Pleasant Plains, NJ",Pleasant Plains,NJ,2,100,945000,-21.9,35,-118,2,0,3,50,2,100,339.98,18.11
9/3/26,Rolling 3 Months,5/1/26,7/31/26,37183,City,"Pleasantdale, NJ",Pleasantdale,NJ,10,150,657500,0.69,21,-45,6,-14.29,16,33.33,8,33.33,366.04,18.38
9/3/26,Rolling 3 Months,5/1/26,7/31/26,15433,City,"Pleasantville, NJ",Pleasantville,NJ,45,7.14,255000,13.36,61,-25,50,28.21,101,5.21,43,0,223.55,42.18
9/3/26,Rolling 3 Months,5/1/26,7/31/26,37751,City,"Pluckemin, NJ",Pluckemin,NJ,2,NA,700000,NA,18,NA,3,200,3,50,3,NA,366.93,-1.03
9/3/26,Rolling 3 Months,5/1/26,7/31/26,15482,City,"Point Pleasant Beach, NJ",Point Pleasant Beach,NJ,27,22.73,960000,-9.52,34,-8,24,-14.29,49,0,28,3.7,745.47,11.1
9/3/26,Rolling 3 Months,5/1/26,7/31/26,15477,City,"Point Pleasant, NJ",Point Pleasant,NJ,67,17.54,850000,11.84,15,1,92,16.46,118,15.69,66,10,520.15,10.31
9/3/26,Rolling 3 Months,5/1/26,7/31/26,25180,City,"Pomona, NJ",Pomona,NJ,12,71.43,362500,-7.05,58,-8,21,31.25,31,24,12,0,251.57,16.61
9/3/26,Rolling 3 Months,5/1/26,7/31/26,15521,City,"Pompton Lakes, NJ",Pompton Lakes,NJ,38,18.75,517500,-1.43,27,-27,52,18.18,80,15.94,44,22.22,367.3,8.2
9/3/26,Rolling 3 Months,5/1/26,7/31/26,37758,City,"Pompton Plains, NJ",Pompton Plains,NJ,25,38.89,650000,24.88,17,-37,25,19.05,33,-13.16,17,-26.09,371.15,-5.31
9/3/26,Rolling 3 Months,5/1/26,7/31/26,36945,City,"Port Elizabeth, NJ",Port Elizabeth,NJ,2,NA,80000,NA,67,NA,2,100,4,100,3,200,152.15,78.41
9/3/26,Rolling 3 Months,5/1/26,7/31/26,25205,City,"Port Monmouth, NJ",Port Monmouth,NJ,8,-46.67,606000,5.39,31,10,17,-5.56,21,0,10,-33.33,365.61,10.51
9/3/26,Rolling 3 Months,5/1/26,7/31/26,37699,City,"Port Morris, NJ",Port Morris,NJ,NA,NA,NA,NA,NA,NA,1,-66.67,1,-75,NA,NA,314.86,-12.56
9/3/26,Rolling 3 Months,5/1/26,7/31/26,34436,City,"Port Murray, NJ",Port Murray,NJ,NA,NA,NA,NA,NA,NA,NA,NA,2,-33.33,NA,NA,NA,NA
9/3/26,Rolling 3 Months,5/1/26,7/31/26,25219,City,"Port Norris, NJ",Port Norris,NJ,6,-45.45,175000,18.64,53,-49,6,-60,15,-40,9,0,106.93,-32.26
9/3/26,Rolling 3 Months,5/1/26,7/31/26,25225,City,"Port Reading, NJ",Port Reading,NJ,10,0,542500,-3.13,55,1,9,-40,16,-38.46,6,-53.85,355.5,-11
9/3/26,Rolling 3 Months,5/1/26,7/31/26,15626,City,"Port Republic, NJ",Port Republic,NJ,1,-66.67,560000,49.33,155,125,7,133.33,12,200,1,-66.67,246.9,12.32
9/3/26,Rolling 3 Months,5/1/26,7/31/26,37739,City,"Pottersville, NJ",Pottersville,NJ,1,NA,1327000,NA,24,NA,2,100,3,200,1,NA,296.86,10.24
9/3/26,Rolling 3 Months,5/1/26,7/31/26,37763,City,"Preakness, NJ",Preakness,NJ,48,23.08,849500,23.12,23,-30,57,7.55,83,3.75,46,4.55,360.91,-1.46
9/3/26,Rolling 3 Months,5/1/26,7/31/26,25238,City,"Presidential Lakes Estates, NJ",Presidential Lakes Estates,NJ,11,-15.38,390000,6.85,11,-28,17,30.77,20,11.11,11,0,203.92,-5.29
9/3/26,Rolling 3 Months,5/1/26,7/31/26,25249,City,"Princeton Junction, NJ",Princeton Junction,NJ,5,-54.55,999888,21.05,11,-48,9,-52.63,14,-61.11,3,-83.33,436.07,-8.88
9/3/26,Rolling 3 Months,5/1/26,7/31/26,25251,City,"Princeton Meadows, NJ",Princeton Meadows,NJ,26,-45.83,488500,-27.63,60,-11,47,-9.62,70,-11.39,28,-39.13,398.56,4.64
9/3/26,Rolling 3 Months,5/1/26,7/31/26,15686,City,"Princeton, NJ",Princeton,NJ,84,-16,1570000,6.69,42,4,95,-6.86,165,-4.07,83,-17,541.48,-3.93
9/3/26,Rolling 3 Months,5/1/26,7/31/26,15750,City,"Prospect Park, NJ",Prospect Park,NJ,13,-35,595000,14.42,51,-2,22,-8.33,36,-16.28,26,0,284.49,-3.65
9/3/26,Rolling 3 Months,5/1/26,7/31/26,34480,City,"Quinton, NJ",Quinton,NJ,2,100,267500,311.54,120,103,1,-66.67,3,-25,2,0,109.38,-32.1
9/3/26,Rolling 3 Months,5/1/26,7/31/26,15819,City,"Rahway, NJ",Rahway,NJ,65,-5.8,560000,6.67,34,12,93,-11.43,147,-4.55,84,2.44,383.36,2.67
9/3/26,Rolling 3 Months,5/1/26,7/31/26,37797,City,"Rainbow Lakes, NJ",Rainbow Lakes,NJ,3,-40,832000,8.76,8,-4,4,-42.86,5,-28.57,4,-33.33,439.09,-3.68
9/3/26,Rolling 3 Months,5/1/26,7/31/26,25299,City,"Ramblewood, NJ",Ramblewood,NJ,14,-22.22,392750,-27.2,21,-3,25,66.67,34,54.55,20,17.65,246.94,-0.37
9/3/26,Rolling 3 Months,5/1/26,7/31/26,15862,City,"Ramsey, NJ",Ramsey,NJ,31,-32.61,945000,7.39,60,-10,43,13.16,68,-2.86,41,24.24,435.76,5.9
9/3/26,Rolling 3 Months,5/1/26,7/31/26,25310,City,"Ramtown, NJ",Ramtown,NJ,30,15.38,690000,17.05,22,5,42,20,55,10,29,-9.38,353.49,7.21
9/3/26,Rolling 3 Months,5/1/26,7/31/26,15927,City,"Raritan, NJ",Raritan,NJ,13,18.18,620000,4.2,23,5,20,66.67,24,20,14,27.27,319.84,-6.7
9/3/26,Rolling 3 Months,5/1/26,7/31/26,16034,City,"Red Bank, NJ",Red Bank,NJ,55,-34.52,875000,24.11,25,0,87,6.1,121,-6.92,67,-15.19,448.8,23.38
9/3/26,Rolling 3 Months,5/1/26,7/31/26,37825,City,"Regency at Monroe, NJ",Regency at Monroe,NJ,6,-53.85,812500,4.84,15,-39,12,-7.69,17,-22.73,8,-27.27,349.88,1.71
9/3/26,Rolling 3 Months,5/1/26,7/31/26,37613,City,"Renaissance at Monroe, NJ",Renaissance at Monroe,NJ,4,0,662500,12.29,128,72,1,-75,5,-28.57,3,0,345.51,2.16
9/3/26,Rolling 3 Months,5/1/26,7/31/26,38295,City,"Richland, NJ",Richland,NJ,2,100,425000,66.67,66,65,2,NA,3,50,NA,NA,197.26,NA
9/3/26,Rolling 3 Months,5/1/26,7/31/26,34545,City,"Richwood, NJ",Richwood,NJ,10,-37.5,838500,24.27,27,-2,12,-25,20,-4.76,13,-23.53,208.89,-10.91
9/3/26,Rolling 3 Months,5/1/26,7/31/26,16148,City,"Ridgefield Park, NJ",Ridgefield Park,NJ,29,38.1,612500,-7.2,73,3,40,0,75,29.31,37,2.78,399.67,6.8
9/3/26,Rolling 3 Months,5/1/26,7/31/26,16142,City,"Ridgefield, NJ",Ridgefield,NJ,43,13.16,1025000,6.77,37,-13,48,-20,83,-19.42,41,-30.51,409.58,15.16
9/3/26,Rolling 3 Months,5/1/26,7/31/26,16161,City,"Ridgewood, NJ",Ridgewood,NJ,82,0,1634000,31.51,57,-4,83,16.9,138,-0.72,93,16.25,554.88,5.98
9/3/26,Rolling 3 Months,5/1/26,7/31/26,37132,City,"Ringoes, NJ",Ringoes,NJ,3,NA,710000,NA,20,NA,4,0,8,100,5,66.67,296.69,1.26
9/3/26,Rolling 3 Months,5/1/26,7/31/26,16205,City,"Ringwood, NJ",Ringwood,NJ,20,-13.04,610000,-11.08,17,-66,43,53.57,58,-10.77,37,2.78,268.63,2.89
9/3/26,Rolling 3 Months,5/1/26,7/31/26,25412,City,"Rio Grande, NJ",Rio Grande,NJ,17,70,476990,24.72,52,-14,28,47.37,50,72.41,20,53.85,215.93,-0.11
9/3/26,Rolling 3 Months,5/1/26,7/31/26,16248,City,"River Edge, NJ",River Edge,NJ,25,-7.41,960000,-16.52,77,14,32,3.23,52,0,34,9.68,492.81,6.63
9/3/26,Rolling 3 Months,5/1/26,7/31/26,16238,City,"Riverdale, NJ",Riverdale,NJ,20,-35.48,438000,-4.99,36,6,24,-25,36,-25,22,-24.14,381.84,-1.15
9/3/26,Rolling 3 Months,5/1/26,7/31/26,16313,City,"Riverton, NJ",Riverton,NJ,11,10,540000,22.73,20,5,15,50,22,46.67,12,71.43,289.67,30.28
9/3/26,Rolling 3 Months,5/1/26,7/31/26,37115,City,"Roadstown, NJ",Roadstown,NJ,NA,NA,NA,NA,NA,NA,1,-50,2,0,1,-50,125.95,-1.63
9/3/26,Rolling 3 Months,5/1/26,7/31/26,37713,City,"Robbinsville Center, NJ",Robbinsville Center,NJ,17,13.33,371000,-48.11,42,-7,21,5,40,17.65,19,5.56,320.35,6.03
9/3/26,Rolling 3 Months,5/1/26,7/31/26,34589,City,"Robbinsville, NJ",Robbinsville,NJ,17,13.33,371000,-48.11,42,-7,21,5,40,17.65,19,5.56,320.35,6.03
9/3/26,Rolling 3 Months,5/1/26,7/31/26,34591,City,"Robertsville, NJ",Robertsville,NJ,23,-30.3,845000,6.29,11,-12,38,8.57,46,-8,31,-11.43,355.03,12.79
9/3/26,Rolling 3 Months,5/1/26,7/31/26,16420,City,"Rockaway, NJ",Rockaway,NJ,15,15.38,525000,1.94,24,5,21,23.53,29,38.1,19,46.15,326.42,-11.05
9/3/26,Rolling 3 Months,5/1/26,7/31/26,16458,City,"Rockleigh, NJ",Rockleigh,NJ,1,NA,2830000,NA,66,NA,2,100,10,900,4,300,463.33,-1.98
9/3/26,Rolling 3 Months,5/1/26,7/31/26,16498,City,"Rocky Hill, NJ",Rocky Hill,NJ,5,150,775000,38.26,13,-22,4,33.33,6,100,4,100,358.13,16.94
9/3/26,Rolling 3 Months,5/1/26,7/31/26,31296,City,"Roebling, NJ",Roebling,NJ,13,0,321600,3.74,20,-32,15,15.38,25,31.58,14,40,225.49,-2.39
9/3/26,Rolling 3 Months,5/1/26,7/31/26,16515,City,"Roosevelt, NJ",Roosevelt,NJ,NA,NA,NA,NA,NA,NA,5,400,5,400,3,NA,287.31,40.6
9/3/26,Rolling 3 Months,5/1/26,7/31/26,16563,City,"Roseland, NJ",Roseland,NJ,24,60,805000,6.62,20,-38,27,80,38,26.67,25,108.33,389.1,9.04
9/3/26,Rolling 3 Months,5/1/26,7/31/26,16576,City,"Roselle Park, NJ",Roselle Park,NJ,24,-27.27,580000,0,28,11,28,-33.33,44,-26.67,29,-23.68,336.33,-1.03
9/3/26,Rolling 3 Months,5/1/26,7/31/26,16572,City,"Roselle, NJ",Roselle,NJ,36,-23.4,532500,5.45,38,2,56,-1.75,96,-4,49,0,340.35,-7.08
9/3/26,Rolling 3 Months,5/1/26,7/31/26,25529,City,"Rosenhayn, NJ",Rosenhayn,NJ,4,300,305000,24.49,50,-56,2,-50,4,-60,2,-33.33,155.56,-35.4
9/3/26,Rolling 3 Months,5/1/26,7/31/26,25536,City,"Rossmoor, NJ",Rossmoor,NJ,33,-8.33,305000,17.03,91,18,44,0,91,-1.09,41,-8.89,241.71,3.31
9/3/26,Rolling 3 Months,5/1/26,7/31/26,16703,City,"Rumson, NJ",Rumson,NJ,32,10.34,2687500,19.44,11,-5,42,27.27,57,11.76,34,30.77,810.61,7.48
9/3/26,Rolling 3 Months,5/1/26,7/31/26,16710,City,"Runnemede, NJ",Runnemede,NJ,52,48.57,346000,1.47,40,3,35,-12.5,64,-8.57,42,-2.33,241.13,3.51
9/3/26,Rolling 3 Months,5/1/26,7/31/26,16741,City,"Rutherford, NJ",Rutherford,NJ,53,60.61,815000,35.5,65,8,64,18.52,113,34.52,64,36.17,475.13,11.72
9/3/26,Rolling 3 Months,5/1/26,7/31/26,35950,City,"Saddle Brook Township, NJ",Saddle Brook Township,NJ,38,35.71,700000,8.11,51,-15,44,41.94,74,37.04,35,29.63,411.79,6.02
9/3/26,Rolling 3 Months,5/1/26,7/31/26,16766,City,"Saddle River, NJ",Saddle River,NJ,14,40,2612500,-1.88,81,-9,22,-4.35,50,6.38,19,5.56,528.72,-0.11
9/3/26,Rolling 3 Months,5/1/26,7/31/26,16784,City,"Salem, NJ",Salem,NJ,27,8,156000,-12.11,91,52,33,-5.71,79,14.49,31,0,94.73,-5.57
9/3/26,Rolling 3 Months,5/1/26,7/31/26,16859,City,"Sayreville, NJ",Sayreville,NJ,112,0.9,541000,3.44,52,-5,154,28.33,253,27.78,118,-1.67,353.31,1.36
9/3/26,Rolling 3 Months,5/1/26,7/31/26,16966,City,"Sea Bright, NJ",Sea Bright,NJ,9,-10,860000,-33.93,35,-25,20,400,33,37.5,17,54.55,773.17,22.41
9/3/26,Rolling 3 Months,5/1/26,7/31/26,16987,City,"Sea Girt, NJ",Sea Girt,NJ,8,166.67,4550000,26.39,16,-1,5,-28.57,11,-15.38,5,-37.5,1181.13,-14.9
9/3/26,Rolling 3 Months,5/1/26,7/31/26,17006,City,"Sea Isle City, NJ",Sea Isle City,NJ,40,33.33,1750000,38.61,57,-35,31,-20.51,65,-20.73,29,-9.38,1111.06,25.93
9/3/26,Rolling 3 Months,5/1/26,7/31/26,25638,City,"Seabrook Farms, NJ",Seabrook Farms,NJ,3,-40,272000,-21.16,52,2,5,-28.57,9,0,3,-25,225.69,14.58
9/3/26,Rolling 3 Months,5/1/26,7/31/26,17029,City,"Seaside Heights, NJ",Seaside Heights,NJ,33,3.13,749500,29.22,73,2,62,16.98,140,40,40,100,499,0.26
9/3/26,Rolling 3 Months,5/1/26,7/31/26,17036,City,"Seaside Park, NJ",Seaside Park,NJ,11,10,925000,-2.58,20,-37,19,26.67,26,-27.78,13,-13.33,717.58,16.69
9/3/26,Rolling 3 Months,5/1/26,7/31/26,37346,City,"Seaville, NJ",Seaville,NJ,8,-33.33,441500,-23.11,83,42,12,-29.41,29,7.41,12,50,287,24.77
9/3/26,Rolling 3 Months,5/1/26,7/31/26,17057,City,"Secaucus, NJ",Secaucus,NJ,47,11.9,660000,8.69,59,-22,56,-8.2,116,6.42,50,-3.85,395.57,9.71
9/3/26,Rolling 3 Months,5/1/26,7/31/26,25660,City,"Sewaren, NJ",Sewaren,NJ,1,-83.33,340000,-32.81,46,-7,10,-16.67,15,7.14,7,0,344.83,-8.87
9/3/26,Rolling 3 Months,5/1/26,7/31/26,36277,City,"Sewell, NJ",Sewell,NJ,126,-14.29,420000,0,20,1,170,0,240,5.73,152,4.83,225.9,6.05
9/3/26,Rolling 3 Months,5/1/26,7/31/26,25665,City,"Shark River Hills, NJ",Shark River Hills,NJ,20,100,745200,2.08,14,-1,24,100,31,93.75,21,90.91,455.44,0.69
9/3/26,Rolling 3 Months,5/1/26,7/31/26,37029,City,"Sheppards Mill, NJ",Sheppards Mill,NJ,1,NA,145000,NA,91,NA,NA,NA,NA,NA,NA,NA,NA,NA
9/3/26,Rolling 3 Months,5/1/26,7/31/26,17159,City,"Shiloh, NJ",Shiloh,NJ,NA,NA,NA,NA,NA,NA,2,100,2,-50,1,-66.67,196.73,23
9/3/26,Rolling 3 Months,5/1/26,7/31/26,17175,City,"Ship Bottom, NJ",Ship Bottom,NJ,9,80,1612500,46.59,75,27,12,50,22,10,6,-33.33,1008.45,32.5
9/3/26,Rolling 3 Months,5/1/26,7/31/26,34746,City,"Short Hills, NJ",Short Hills,NJ,62,24,2524750,12.21,13,-6,62,40.91,94,17.5,63,18.87,682.72,-3.06
9/3/26,Rolling 3 Months,5/1/26,7/31/26,17245,City,"Shrewsbury, NJ",Shrewsbury,NJ,14,40,1262000,67.15,13,-7,15,66.67,19,58.33,16,45.45,500.09,10.07
9/3/26,Rolling 3 Months,5/1/26,7/31/26,37313,City,"Sicklerville, NJ",Sicklerville,NJ,182,2.82,365000,-1.03,34,5,265,35.2,384,25.08,227,22.7,203.52,2.81
9/3/26,Rolling 3 Months,5/1/26,7/31/26,37214,City,"Silver Lake, NJ",Silver Lake,NJ,4,0,386000,13.86,51,36,8,33.33,12,33.33,4,-33.33,190.17,-25.56
9/3/26,Rolling 3 Months,5/1/26,7/31/26,34761,City,"Silver Lake, NJ",Silver Lake,NJ,5,25,705000,25.89,49,-31,10,25,19,35.71,6,-25,378.99,22.54
9/3/26,Rolling 3 Months,5/1/26,7/31/26,34767,City,"Silver Lake, NJ",Silver Lake,NJ,1,-50,325000,-19.4,49,-51,1,-50,2,-33.33,1,-50,420.03,32.75
9/3/26,Rolling 3 Months,5/1/26,7/31/26,25722,City,"Silver Ridge, NJ",Silver Ridge,NJ,9,-25,327000,2.51,16,-14,16,33.33,27,42.11,10,-23.08,276.6,5.14
9/3/26,Rolling 3 Months,5/1/26,7/31/26,34772,City,"Singac, NJ",Singac,NJ,20,25,480000,-7.25,18,-37,33,13.79,38,-11.63,24,-4,394.66,-5.37
9/3/26,Rolling 3 Months,5/1/26,7/31/26,34777,City,"Six Mile Run, NJ",Six Mile Run,NJ,4,-50,730000,-14.99,20,1,8,33.33,16,128.57,7,40,296.34,-2.57
9/3/26,Rolling 3 Months,5/1/26,7/31/26,34778,City,"Skillman, NJ",Skillman,NJ,2,NA,800000,NA,34,NA,2,100,7,250,2,NA,406.98,43.5
9/3/26,Rolling 3 Months,5/1/26,7/31/26,34788,City,"Smithville, NJ",Smithville,NJ,68,54.55,284000,21.63,62,6,105,94.44,187,107.78,85,60.38,217.79,-0.49
9/3/26,Rolling 3 Months,5/1/26,7/31/26,25764,City,"Society Hill, NJ",Society Hill,NJ,9,12.5,455000,5.2,53,-5,19,26.67,28,12,17,54.55,361.22,15.79
9/3/26,Rolling 3 Months,5/1/26,7/31/26,17512,City,"Somerdale, NJ",Somerdale,NJ,26,-3.7,330400,1.19,21,-10,36,63.64,45,25,30,36.36,237.39,1.15
9/3/26,Rolling 3 Months,5/1/26,7/31/26,17534,City,"Somers Point, NJ",Somers Point,NJ,49,28.95,459000,-7.55,72,10,60,42.86,126,44.83,51,30.77,364.13,1.15
9/3/26,Rolling 3 Months,5/1/26,7/31/26,25771,City,"Somerset, NJ",Somerset,NJ,78,18.18,505500,-3.71,19,-1,86,30.3,120,17.65,77,22.22,327.66,0.66
9/3/26,Rolling 3 Months,5/1/26,7/31/26,17539,City,"Somerville, NJ",Somerville,NJ,21,-40,640000,8.66,16,-7,40,17.65,59,28.26,38,26.67,383.08,8.04
9/3/26,Rolling 3 Months,5/1/26,7/31/26,17563,City,"South Amboy, NJ",South Amboy,NJ,33,37.5,500000,-7.41,73,35,33,-2.94,76,15.15,26,-21.21,351.28,9.81
9/3/26,Rolling 3 Months,5/1/26,7/31/26,17606,City,"South Bound Brook, NJ",South Bound Brook,NJ,12,100,516000,9.17,17,-22,20,53.85,26,44.44,17,30.77,394.09,-5.42
9/3/26,Rolling 3 Months,5/1/26,7/31/26,36969,City,"South Dennis, NJ",South Dennis,NJ,2,0,612450,152.56,35,-86,6,200,7,16.67,3,-25,267.38,-5.07
9/3/26,Rolling 3 Months,5/1/26,7/31/26,17747,City,"South Plainfield, NJ",South Plainfield,NJ,42,-6.67,616353,8.75,64,12,77,22.22,121,22.22,60,22.45,346.2,1.43
9/3/26,Rolling 3 Months,5/1/26,7/31/26,17755,City,"South River, NJ",South River,NJ,41,64,525000,0.77,80,17,49,28.95,96,47.69,50,31.58,342.22,3.08
9/3/26,Rolling 3 Months,5/1/26,7/31/26,37221,City,"South Seaville, NJ",South Seaville,NJ,4,100,335000,12.61,26,-2,1,-50,3,-40,3,50,258.26,5.78
9/3/26,Rolling 3 Months,5/1/26,7/31/26,17773,City,"South Toms River, NJ",South Toms River,NJ,8,33.33,413750,1.04,27,9,8,14.29,9,-18.18,4,-42.86,352.42,4.14
9/3/26,Rolling 3 Months,5/1/26,7/31/26,17842,City,"Spotswood, NJ",Spotswood,NJ,24,-4,455000,-2.67,47,-28,40,48.15,61,27.08,30,57.89,342.33,1.38
9/3/26,Rolling 3 Months,5/1/26,7/31/26,17920,City,"Spring Lake Heights, NJ",Spring Lake Heights,NJ,14,-17.65,999500,20.42,10,-5,18,12.5,22,0,13,-23.53,724.67,15.49
9/3/26,Rolling 3 Months,5/1/26,7/31/26,17915,City,"Spring Lake, NJ",Spring Lake,NJ,10,-28.57,3475000,69.1,28,4,14,-22.22,22,-29.03,5,-66.67,1630.04,17.1
9/3/26,Rolling 3 Months,5/1/26,7/31/26,25863,City,"Springdale, NJ",Springdale,NJ,64,30.61,640000,5.79,20,-4,77,18.46,105,17.98,69,15,250.3,4.83
9/3/26,Rolling 3 Months,5/1/26,7/31/26,35938,City,"Springfield, NJ",Springfield,NJ,9,-25,625000,25.63,39,-18,15,36.36,23,0,14,0,243.12,-4.89
9/3/26,Rolling 3 Months,5/1/26,7/31/26,35943,City,"Springfield, NJ",Springfield,NJ,46,-14.81,696000,2.5,16,3,61,8.93,85,2.41,57,1.79,390.21,7.44
9/3/26,Rolling 3 Months,5/1/26,7/31/26,17985,City,"Stanhope, NJ",Stanhope,NJ,18,-28,535250,39.03,18,1,21,-27.59,31,-11.43,16,-33.33,328.69,5.96
9/3/26,Rolling 3 Months,5/1/26,7/31/26,34910,City,"Stewartsville, NJ",Stewartsville,NJ,5,0,450000,-25,32,3,4,-20,4,-42.86,2,-66.67,255.47,1.25
9/3/26,Rolling 3 Months,5/1/26,7/31/26,37637,City,"Stirling, NJ",Stirling,NJ,7,-30,680000,-0.37,17,1,10,100,12,71.43,10,150,418.49,13.59
9/3/26,Rolling 3 Months,5/1/26,7/31/26,18135,City,"Stockton, NJ",Stockton,NJ,5,66.67,545000,-9.17,39,-27,4,0,9,28.57,3,0,401.65,19.45
9/3/26,Rolling 3 Months,5/1/26,7/31/26,18146,City,"Stone Harbor, NJ",Stone Harbor,NJ,14,16.67,4664500,-18.84,101,23,24,0,50,-5.66,21,5,1792.74,-0.14
9/3/26,Rolling 3 Months,5/1/26,7/31/26,37604,City,"Stonebridge, NJ",Stonebridge,NJ,10,25,755000,2.73,64,-8,7,40,15,25,8,33.33,299.27,13.63
9/3/26,Rolling 3 Months,5/1/26,7/31/26,18191,City,"Stratford, NJ",Stratford,NJ,20,-28.57,364000,5.51,45,25,25,4.17,39,11.43,19,-13.64,233.33,16.33
9/3/26,Rolling 3 Months,5/1/26,7/31/26,25956,City,"Strathmere, NJ",Strathmere,NJ,1,0,1999999,5.26,385,-28,4,300,5,66.67,1,NA,982.72,10.55
9/3/26,Rolling 3 Months,5/1/26,7/31/26,25959,City,"Strathmore, NJ",Strathmore,NJ,19,-32.14,716000,3.02,22,10,26,-16.13,35,-7.89,24,0,394.92,15.12
9/3/26,Rolling 3 Months,5/1/26,7/31/26,31313,City,"Succasunna, NJ",Succasunna,NJ,46,130,710000,12.7,16,0,39,18.18,57,35.71,44,83.33,317.03,-6.2
9/3/26,Rolling 3 Months,5/1/26,7/31/26,18243,City,"Summit, NJ",Summit,NJ,66,-17.5,1672500,23.66,13,1,57,-27.85,78,-29.73,60,-30.23,612,-3.85
9/3/26,Rolling 3 Months,5/1/26,7/31/26,37325,City,"Sunset Lake, NJ",Sunset Lake,NJ,1,0,250000,42.86,12,-41,4,33.33,6,100,2,100,213.17,-3.46
9/3/26,Rolling 3 Months,5/1/26,7/31/26,18294,City,"Surf City, NJ",Surf City,NJ,13,225,2295000,27.5,56,-4,18,50,29,45,15,150,1100.81,14.73
9/3/26,Rolling 3 Months,5/1/26,7/31/26,18305,City,"Sussex, NJ",Sussex,NJ,6,0,307500,-20.54,74,41,6,-45.45,9,-50,5,-37.5,206.38,2.55
9/3/26,Rolling 3 Months,5/1/26,7/31/26,18343,City,"Swedesboro, NJ",Swedesboro,NJ,9,-35.71,360000,5.12,21,-12,15,66.67,15,-6.25,9,-10,197.18,9.89
9/3/26,Rolling 3 Months,5/1/26,7/31/26,37295,City,"Sweetwater, NJ",Sweetwater,NJ,2,-71.43,235000,-41.25,15,-13,4,-20,8,-27.27,2,-60,276.05,15.68
9/3/26,Rolling 3 Months,5/1/26,7/31/26,35000,City,"Ten Mile Run, NJ",Ten Mile Run,NJ,4,100,991000,-15.3,67,51,5,25,8,100,4,100,366.08,10.69
9/3/26,Rolling 3 Months,5/1/26,7/31/26,18484,City,"Tenafly, NJ",Tenafly,NJ,51,4.08,1620000,-4.71,82,15,47,-6,104,4,46,9.52,608.94,10.66
9/3/26,Rolling 3 Months,5/1/26,7/31/26,37732,City,"The Hills, NJ",The Hills,NJ,69,6.15,550000,-13.93,16,-1,67,0,92,-2.13,57,-12.31,427.19,4.12
9/3/26,Rolling 3 Months,5/1/26,7/31/26,37771,City,"The Ponds, NJ",The Ponds,NJ,15,-16.67,510000,17.25,65,5,16,100,25,31.58,15,50,242.87,-2.61
9/3/26,Rolling 3 Months,5/1/26,7/31/26,37081,City,"Thorofare, NJ",Thorofare,NJ,6,-62.5,356000,5.17,47,31,8,-61.9,17,-41.38,7,-53.33,207.24,-2.17
9/3/26,Rolling 3 Months,5/1/26,7/31/26,18609,City,"Tinton Falls, NJ",Tinton Falls,NJ,73,10.61,523000,-21.35,19,1,82,6.49,105,-8.7,74,-5.13,372.27,8.64
9/3/26,Rolling 3 Months,5/1/26,7/31/26,36920,City,"Titusville, NJ",Titusville,NJ,2,-50,587500,47.98,99,45,1,-50,3,-50,2,-33.33,401.97,113.76
9/3/26,Rolling 3 Months,5/1/26,7/31/26,26079,City,"Toms River, NJ",Toms River,NJ,349,7.72,530000,6,24,-2,510,10.15,810,13.45,403,12.57,318.35,5.22
9/3/26,Rolling 3 Months,5/1/26,7/31/26,18639,City,"Totowa, NJ",Totowa,NJ,20,-4.76,662500,10.42,24,-33,38,26.67,54,12.5,23,-11.54,381.71,0.38
9/3/26,Rolling 3 Months,5/1/26,7/31/26,37702,City,"Towaco, NJ",Towaco,NJ,20,42.86,717500,-40.85,25,12,29,26.09,53,51.43,29,61.11,384.08,10.12
9/3/26,Rolling 3 Months,5/1/26,7/31/26,18807,City,"Trenton, NJ",Trenton,NJ,136,-6.21,250500,2.24,49,-10,217,7.43,371,-2.11,151,-3.21,170.17,3.78
9/3/26,Rolling 3 Months,5/1/26,7/31/26,37794,City,"Troy Hills, NJ",Troy Hills,NJ,14,40,887500,11.99,22,3,14,55.56,20,81.82,14,100,371.4,23.36
9/3/26,Rolling 3 Months,5/1/26,7/31/26,37243,City,"Tuckahoe, NJ",Tuckahoe,NJ,NA,NA,NA,NA,NA,NA,1,NA,4,0,NA,NA,225,NA
9/3/26,Rolling 3 Months,5/1/26,7/31/26,18853,City,"Tuckerton, NJ",Tuckerton,NJ,21,110,590000,68.57,31,-15,27,28.57,49,36.11,23,76.92,326.42,6
9/3/26,Rolling 3 Months,5/1/26,7/31/26,26159,City,"Turnersville, NJ",Turnersville,NJ,6,-25,468250,-14.08,23,-8,13,-13.33,18,12.5,8,-42.86,199.97,-2.91
9/3/26,Rolling 3 Months,5/1/26,7/31/26,26163,City,"Twin Rivers, NJ",Twin Rivers,NJ,34,21.43,341500,-1.73,50,7,31,-8.82,61,5.17,36,16.13,265.6,0.96
9/3/26,Rolling 3 Months,5/1/26,7/31/26,18909,City,"Union Beach, NJ",Union Beach,NJ,30,-11.76,558000,8.88,30,1,39,-7.14,61,-4.69,30,-9.09,367.58,6.94
9/3/26,Rolling 3 Months,5/1/26,7/31/26,18931,City,"Union City, NJ",Union City,NJ,69,-14.81,550000,-6.78,58,5,126,-5.97,260,-4.41,88,-12.87,454.55,2.58
9/3/26,Rolling 3 Months,5/1/26,7/31/26,37783,City,"Union, NJ",Union,NJ,3,50,639000,11.52,41,28,6,200,8,300,6,500,337.84,-13.73
9/3/26,Rolling 3 Months,5/1/26,7/31/26,37806,City,"Upper Greenwood Lake, NJ",Upper Greenwood Lake,NJ,12,-42.86,532500,18.33,42,-3,18,-25,32,-27.27,16,-27.27,346.4,21.39
9/3/26,Rolling 3 Months,5/1/26,7/31/26,35134,City,"Upper Montclair, NJ",Upper Montclair,NJ,54,-5.26,1512500,-5.49,14,-41,43,-10.42,66,-21.43,41,-32.79,517.2,11.94
9/3/26,Rolling 3 Months,5/1/26,7/31/26,35136,City,"Upper Pohatcong, NJ",Upper Pohatcong,NJ,8,166.67,383500,-23.3,15,-20,4,-66.67,10,-33.33,6,0,272.46,5.31
9/3/26,Rolling 3 Months,5/1/26,7/31/26,19045,City,"Upper Saddle River, NJ",Upper Saddle River,NJ,33,26.92,1700000,7.53,76,-14,33,-15.38,65,-8.45,30,-14.29,490.7,15.57
9/3/26,Rolling 3 Months,5/1/26,7/31/26,35137,City,"Upper Stewartsville, NJ",Upper Stewartsville,NJ,1,NA,350000,NA,16,NA,1,NA,2,NA,1,NA,110.32,NA
9/3/26,Rolling 3 Months,5/1/26,7/31/26,37835,City,"Vauxhall, NJ",Vauxhall,NJ,6,-45.45,582500,12.02,18,-10,12,-14.29,18,-28,7,-50,322.75,-23.72
9/3/26,Rolling 3 Months,5/1/26,7/31/26,19150,City,"Ventnor City, NJ",Ventnor City,NJ,55,10,665000,19.28,77,15,80,0,193,9.04,59,7.27,475.6,-7.16
9/3/26,Rolling 3 Months,5/1/26,7/31/26,35177,City,"Vernon Center, NJ",Vernon Center,NJ,22,-18.52,218611,3.61,65,26,28,-41.67,64,-25.58,26,4,267.79,-5.18
9/3/26,Rolling 3 Months,5/1/26,7/31/26,26269,City,"Vernon Valley, NJ",Vernon Valley,NJ,8,0,425000,2.04,25,-10,11,175,16,45.45,11,22.22,288.4,11.26
9/3/26,Rolling 3 Months,5/1/26,7/31/26,19223,City,"Victory Gardens, NJ",Victory Gardens,NJ,2,100,382500,15.04,117,101,2,100,4,33.33,3,50,344.01,NA
9/3/26,Rolling 3 Months,5/1/26,7/31/26,26283,City,"Victory Lakes, NJ",Victory Lakes,NJ,13,30,438000,-1.89,59,14,17,0,27,8,15,50,233.74,9.55
9/3/26,Rolling 3 Months,5/1/26,7/31/26,31323,City,"Vienna, NJ",Vienna,NJ,3,50,400000,-26.61,22,-28,2,100,5,66.67,3,200,283.95,7.53
9/3/26,Rolling 3 Months,5/1/26,7/31/26,26290,City,"Villas, NJ",Villas,NJ,46,-16.36,450000,12.5,29,-1,60,-36.84,98,-24.62,52,-14.75,464.68,19.27
9/3/26,Rolling 3 Months,5/1/26,7/31/26,37297,City,"Vincentown, NJ",Vincentown,NJ,2,-50,558000,71.69,51,-29,4,33.33,6,20,3,-25,144.74,-49.98
9/3/26,Rolling 3 Months,5/1/26,7/31/26,19265,City,"Vineland, NJ",Vineland,NJ,128,-9.86,319500,1.67,34,-6,174,4.19,295,1.37,145,-0.68,205.79,5.47
9/3/26,Rolling 3 Months,5/1/26,7/31/26,26301,City,"Vista Center, NJ",Vista Center,NJ,12,0,620000,-1.43,67,40,12,-14.29,16,-48.39,8,-50,257.62,3.96
9/3/26,Rolling 3 Months,5/1/26,7/31/26,35197,City,"Voorhees, NJ",Voorhees,NJ,2,100,676000,-27.78,55,34,5,0,6,20,3,0,403.77,41.07
9/3/26,Rolling 3 Months,5/1/26,7/31/26,19331,City,"Waldwick, NJ",Waldwick,NJ,21,-16,767000,9.73,51,-15,30,-30.23,46,-28.13,23,-37.84,430.82,10.53
9/3/26,Rolling 3 Months,5/1/26,7/31/26,19346,City,"Wallington, NJ",Wallington,NJ,11,-26.67,800000,4.58,77,22,22,22.22,33,3.13,14,-26.32,373.72,-7.17
9/3/26,Rolling 3 Months,5/1/26,7/31/26,26329,City,"Wanamassa, NJ",Wanamassa,NJ,9,-43.75,750000,12.02,12,-14,20,25,26,18.18,13,8.33,477.34,8.4
9/3/26,Rolling 3 Months,5/1/26,7/31/26,19408,City,"Wanaque, NJ",Wanaque,NJ,45,-10,485000,-3,40,-11,65,35.42,107,28.92,62,44.19,308.18,4.9
9/3/26,Rolling 3 Months,5/1/26,7/31/26,26337,City,"Waretown, NJ",Waretown,NJ,15,150,450000,20.02,39,-1,12,9.09,18,-14.29,12,20,350.15,5.75
9/3/26,Rolling 3 Months,5/1/26,7/31/26,35942,City,"Warren, NJ",Warren,NJ,52,-17.46,1300000,18.18,22,4,68,-18.07,103,-23.13,56,-16.42,409.6,2.17
9/3/26,Rolling 3 Months,5/1/26,7/31/26,37004,City,"Washington Crossing, NJ",Washington Crossing,NJ,2,NA,455000,NA,27,NA,2,-33.33,3,0,1,0,323.59,21.32
9/3/26,Rolling 3 Months,5/1/26,7/31/26,19516,City,"Washington, NJ",Washington,NJ,19,0,405000,-5.79,25,3,29,-6.45,44,-4.35,23,-11.54,216.4,-7.71
9/3/26,Rolling 3 Months,5/1/26,7/31/26,19588,City,"Watchung, NJ",Watchung,NJ,26,36.84,1110000,-3.48,18,4,34,47.83,54,63.64,31,55,423.1,10.54
9/3/26,Rolling 3 Months,5/1/26,7/31/26,37118,City,"Watsessing, NJ",Watsessing,NJ,15,25,800000,8.7,17,-49,18,20,27,-3.57,16,6.67,347.85,9.87
9/3/26,Rolling 3 Months,5/1/26,7/31/26,19698,City,"Wenonah, NJ",Wenonah,NJ,9,28.57,396500,0.38,22,0,8,-11.11,14,40,8,100,221.02,-3.34
9/3/26,Rolling 3 Months,5/1/26,7/31/26,26442,City,"West Belmar, NJ",West Belmar,NJ,6,20,671250,20.95,14,-3,12,500,13,225,7,75,481.98,-33.64
9/3/26,Rolling 3 Months,5/1/26,7/31/26,37089,City,"West Berlin, NJ",West Berlin,NJ,7,0,363000,45.2,36,-33,11,10,17,13.33,9,-10,241.11,-10.39
9/3/26,Rolling 3 Months,5/1/26,7/31/26,35823,City,"West Caldwell, NJ",West Caldwell,NJ,25,-3.85,750000,-8.03,17,-35,26,0,38,-15.56,23,-17.86,387.38,7.22
9/3/26,Rolling 3 Months,5/1/26,7/31/26,19788,City,"West Cape May, NJ",West Cape May,NJ,8,-11.11,1225000,2.08,135,73,6,-45.45,11,-64.52,4,-55.56,680.12,-5.19
9/3/26,Rolling 3 Months,5/1/26,7/31/26,26491,City,"West Freehold, NJ",West Freehold,NJ,53,12.77,750000,36.36,20,5,53,-8.62,63,-14.86,46,-9.8,346.63,5.49
9/3/26,Rolling 3 Months,5/1/26,7/31/26,19947,City,"West Long Branch, NJ",West Long Branch,NJ,11,-42.11,925000,25,26,-1,21,-27.59,41,-36.92,11,-52.17,570.13,10.28
9/3/26,Rolling 3 Months,5/1/26,7/31/26,20004,City,"West New York, NJ",West New York,NJ,56,-6.67,490000,-33.33,57,-19,118,9.26,234,17,71,-4.05,506.14,10.77
9/3/26,Rolling 3 Months,5/1/26,7/31/26,37128,City,"West Park, NJ",West Park,NJ,5,25,299000,8.43,74,30,7,40,12,71.43,7,250,185.58,1.16
9/3/26,Rolling 3 Months,5/1/26,7/31/26,20137,City,"West Wildwood, NJ",West Wildwood,NJ,6,0,779500,33.25,81,63,9,80,19,111.11,6,-14.29,591.73,68.86
9/3/26,Rolling 3 Months,5/1/26,7/31/26,19891,City,"Westfield, NJ",Westfield,NJ,109,-14.84,1450000,13.55,14,2,98,-19.01,137,-20.35,94,-24.8,530.71,7.59
9/3/26,Rolling 3 Months,5/1/26,7/31/26,37270,City,"Westmont, NJ",Westmont,NJ,51,15.91,600000,7.53,19,2,52,23.81,71,14.52,44,-4.35,330.82,8.44
9/3/26,Rolling 3 Months,5/1/26,7/31/26,35341,City,"Weston, NJ",Weston,NJ,24,-11.11,832500,7.42,29,-3,30,30.43,43,10.26,26,0,347.78,7.54
9/3/26,Rolling 3 Months,5/1/26,7/31/26,20117,City,"Westville, NJ",Westville,NJ,22,100,319000,11.93,34,11,17,-29.17,29,-19.44,18,12.5,200.89,3.29
9/3/26,Rolling 3 Months,5/1/26,7/31/26,20151,City,"Westwood, NJ",Westwood,NJ,16,-15.79,801750,3.17,71,6,30,20,49,22.5,23,15,430.94,0.38
9/3/26,Rolling 3 Months,5/1/26,7/31/26,20179,City,"Wharton, NJ",Wharton,NJ,9,-10,474000,-12.63,26,-1,24,166.67,27,92.86,17,54.55,300.63,-11.04
9/3/26,Rolling 3 Months,5/1/26,7/31/26,37754,City,"Whippany, NJ",Whippany,NJ,21,16.67,688000,3.85,17,2,25,-16.67,32,-28.89,22,15.79,442.74,21.28
9/3/26,Rolling 3 Months,5/1/26,7/31/26,26566,City,"White Horse, NJ",White Horse,NJ,32,3.23,432500,4.22,43,2,41,-8.89,64,-3.03,37,-2.63,286.36,1.37
9/3/26,Rolling 3 Months,5/1/26,7/31/26,26572,City,"White House Station, NJ",White House Station,NJ,15,36.36,608000,10.55,16,-4,15,-16.67,24,14.29,13,-7.14,338.75,11.11
9/3/26,Rolling 3 Months,5/1/26,7/31/26,26576,City,"White Meadow Lake, NJ",White Meadow Lake,NJ,34,41.67,650500,11.67,21,4,33,26.92,52,33.33,33,13.79,324.03,-3.62
9/3/26,Rolling 3 Months,5/1/26,7/31/26,35660,City,"Whitesboro, NJ",Whitesboro,NJ,5,66.67,170000,-58.02,87,-172,4,0,9,-10,7,133.33,260.75,15.47
9/3/26,Rolling 3 Months,5/1/26,7/31/26,26604,City,"Whittingham, NJ",Whittingham,NJ,30,20,545000,9,53,-3,34,25.93,63,36.96,33,17.86,258.52,-7.23
9/3/26,Rolling 3 Months,5/1/26,7/31/26,20320,City,"Wildwood Crest, NJ",Wildwood Crest,NJ,38,-11.63,642500,-11.37,40,-4,55,12.24,124,24,44,12.82,693.41,11.21
9/3/26,Rolling 3 Months,5/1/26,7/31/26,20315,City,"Wildwood, NJ",Wildwood,NJ,90,34.33,645000,22.86,42,-2,97,31.08,160,-5.88,73,17.74,504.89,21.85
9/3/26,Rolling 3 Months,5/1/26,7/31/26,26617,City,"Williamstown, NJ",Williamstown,NJ,50,0,384950,6.93,26,4,60,0,96,3.23,53,-1.85,226.6,8.32
9/3/26,Rolling 3 Months,5/1/26,7/31/26,38322,City,"Windsor, NJ",Windsor,NJ,1,NA,480000,NA,244,NA,NA,NA,1,NA,1,NA,NA,NA
9/3/26,Rolling 3 Months,5/1/26,7/31/26,20508,City,"Wood-Ridge, NJ",Wood-Ridge,NJ,34,0,697000,2.12,63,3,44,33.33,76,31.03,41,57.69,463.53,16.52
9/3/26,Rolling 3 Months,5/1/26,7/31/26,20407,City,"Woodbine, NJ",Woodbine,NJ,7,0,325000,38.3,94,40,8,14.29,12,-7.69,6,-25,157.94,-29.41
9/3/26,Rolling 3 Months,5/1/26,7/31/26,26641,City,"Woodbridge, NJ",Woodbridge,NJ,76,15.15,505000,8.02,57,0,89,30.88,161,21.05,67,-6.94,346.55,6.98
9/3/26,Rolling 3 Months,5/1/26,7/31/26,20446,City,"Woodbury Heights, NJ",Woodbury Heights,NJ,8,-46.67,347500,-13.12,28,10,12,-7.69,20,-13.04,9,-30.77,203.71,-3.34
9/3/26,Rolling 3 Months,5/1/26,7/31/26,20437,City,"Woodbury, NJ",Woodbury,NJ,28,-26.32,324000,5.37,14,-16,57,14,74,-2.63,40,-13.04,200.83,8.96
9/3/26,Rolling 3 Months,5/1/26,7/31/26,20461,City,"Woodcliff Lake, NJ",Woodcliff Lake,NJ,18,0,1327500,4.08,72,-8,26,44.44,48,26.32,21,61.54,400.46,1.3
9/3/26,Rolling 3 Months,5/1/26,7/31/26,35458,City,"Woodland Park, NJ",Woodland Park,NJ,35,20.69,649000,-0.15,30,-15,34,-17.07,53,-14.52,34,9.68,409.67,18.15
9/3/26,Rolling 3 Months,5/1/26,7/31/26,20489,City,"Woodlynne, NJ",Woodlynne,NJ,7,-30,195000,-4.29,28,-23,14,-6.67,27,0,11,-21.43,171.77,-9.15
9/3/26,Rolling 3 Months,5/1/26,7/31/26,20528,City,"Woodstown, NJ",Woodstown,NJ,16,100,357500,15.32,31,-7,18,28.57,32,60,16,100,206.35,5.11
9/3/26,Rolling 3 Months,5/1/26,7/31/26,20574,City,"Wrightstown, NJ",Wrightstown,NJ,4,NA,245000,NA,20,NA,3,200,7,75,6,500,322.92,53.91
9/3/26,Rolling 3 Months,5/1/26,7/31/26,31342,City,"Yardville, NJ",Yardville,NJ,20,-4.76,456900,-2.79,38,16,29,16,43,22.86,25,8.7,332.31,3.89
9/3/26,Rolling 3 Months,5/1/26,7/31/26,26686,City,"Yorketown, NJ",Yorketown,NJ,17,-26.09,739000,2.35,17,1,30,76.47,36,24.14,25,31.58,376.71,5.25
9/3/26,Rolling 3 Months,4/1/26,6/30/26,37334,City,"Absecon Highlands, NJ",Absecon Highlands,NJ,2,0,431450,-37.24,39,-45,7,40,10,-16.67,3,0,205.11,19.69
9/3/26,Rolling 3 Months,4/1/26,6/30/26,14,City,"Absecon, NJ",Absecon,NJ,35,20.69,328000,0.31,52,4,45,25,84,29.23,46,91.67,226.2,4.57
9/3/26,Rolling 3 Months,4/1/26,6/30/26,162,City,"Allendale, NJ",Allendale,NJ,19,11.76,900000,4.35,64,0,21,-27.59,32,-15.79,23,0,450.65,8.64
9/3/26,Rolling 3 Months,4/1/26,6/30/26,168,City,"Allenhurst, NJ",Allenhurst,NJ,1,-50,4850000,7.93,207,150,1,-75,6,-14.29,NA,NA,2010.72,84.83
9/3/26,Rolling 3 Months,4/1/26,6/30/26,177,City,"Allentown, NJ",Allentown,NJ,6,-45.45,492500,1.65,11,-27,9,125,11,37.5,8,33.33,249.56,-16.1
9/3/26,Rolling 3 Months,4/1/26,6/30/26,21143,City,"Allenwood, NJ",Allenwood,NJ,1,-66.67,1110000,28.32,11,-97,2,-66.67,3,-66.67,NA,NA,433.05,13.56
9/3/26,Rolling 3 Months,4/1/26,6/30/26,21146,City,"Alloway, NJ",Alloway,NJ,7,40,485000,9.48,33,24,7,75,14,27.27,8,100,240.67,-13.5
9/3/26,Rolling 3 Months,4/1/26,6/30/26,262,City,"Alpha, NJ",Alpha,NJ,8,0,357500,-4.03,27,10,9,12.5,14,0,7,0,160,-21.93
9/3/26,Rolling 3 Months,4/1/26,6/30/26,280,City,"Alpine, NJ",Alpine,NJ,3,0,4500000,30.43,258,164,8,14.29,20,33.33,4,-20,1157.27,12.09
9/3/26,Rolling 3 Months,4/1/26,6/30/26,37068,City,"Ampere North, NJ",Ampere North,NJ,6,20,528750,-14.72,60,-35,10,0,15,0,9,0,361.34,10.62
9/3/26,Rolling 3 Months,4/1/26,6/30/26,31403,City,"Anderson, NJ",Anderson,NJ,1,NA,395000,NA,132,NA,2,100,3,0,3,200,327.58,-0.94
9/3/26,Rolling 3 Months,4/1/26,6/30/26,338,City,"Andover, NJ",Andover,NJ,1,NA,310000,NA,10,NA,4,300,5,25,2,-33.33,283.14,111.88
9/3/26,Rolling 3 Months,4/1/26,6/30/26,21186,City,"Annandale, NJ",Annandale,NJ,3,0,465000,40.91,17,2,8,33.33,11,37.5,7,16.67,281.54,4.32
9/3/26,Rolling 3 Months,4/1/26,6/30/26,501,City,"Asbury Park, NJ",Asbury Park,NJ,59,15.69,865000,15.33,49,16,98,11.36,165,6.45,65,3.17,601.69,2.67
9/3/26,Rolling 3 Months,4/1/26,6/30/26,31435,City,"Asbury, NJ",Asbury,NJ,NA,NA,NA,NA,NA,NA,1,-66.67,1,-80,NA,NA,189.18,-37.29
9/3/26,Rolling 3 Months,4/1/26,6/30/26,21220,City,"Ashland, NJ",Ashland,NJ,31,-24.39,490000,13.16,28,13,55,0,70,2.94,46,9.52,260.8,4.54
9/3/26,Rolling 3 Months,4/1/26,6/30/26,37139,City,"Atco, NJ",Atco,NJ,19,11.76,369500,-5.26,24,-3,30,-18.92,41,-6.82,18,-30.77,211.63,6.02
9/3/26,Rolling 3 Months,4/1/26,6/30/26,538,City,"Atlantic City, NJ",Atlantic City,NJ,121,8.04,235000,4.44,106,13,182,-14.95,476,-3.64,139,13.93,236.98,-5.46
9/3/26,Rolling 3 Months,4/1/26,6/30/26,546,City,"Atlantic Highlands, NJ",Atlantic Highlands,NJ,14,-26.32,697500,-30.18,27,6,19,58.33,32,39.13,17,21.43,471.3,8.29
9/3/26,Rolling 3 Months,4/1/26,6/30/26,38227,City,"Auburn, NJ",Auburn,NJ,4,0,565000,-21.8,12,-34,5,-16.67,6,-25,4,0,213.25,8.67
9/3/26,Rolling 3 Months,4/1/26,6/30/26,575,City,"Audubon, NJ",Audubon,NJ,23,-25.81,410000,1.23,29,11,31,24,40,5.26,23,-14.81,283.33,8.01
9/3/26,Rolling 3 Months,4/1/26,6/30/26,610,City,"Avalon, NJ",Avalon,NJ,38,-15.56,2600000,-7.96,72,-40,38,-28.3,78,-40.46,36,-16.28,1502.73,17.06
9/3/26,Rolling 3 Months,4/1/26,6/30/26,21240,City,"Avenel, NJ",Avenel,NJ,26,30,462500,-6.09,75,19,34,17.24,61,27.08,34,36,396.59,2.99
9/3/26,Rolling 3 Months,4/1/26,6/30/26,641,City,"Avon-By-the-Sea, NJ",Avon-By-the-Sea,NJ,5,150,2781500,-26.66,22,12,7,-12.5,24,84.62,9,125,864,-17.11
9/3/26,Rolling 3 Months,4/1/26,6/30/26,31122,City,"Barclay, NJ",Barclay,NJ,14,-30,653750,18.01,13,-1,14,-30,18,-21.74,10,-33.33,292.12,13.09
9/3/26,Rolling 3 Months,4/1/26,6/30/26,36984,City,"Bargaintown, NJ",Bargaintown,NJ,15,36.36,535000,15.05,55,-12,21,5,43,53.57,15,7.14,229.71,1.07
9/3/26,Rolling 3 Months,4/1/26,6/30/26,832,City,"Barnegat Light, NJ",Barnegat Light,NJ,7,-36.36,1768000,-15.81,49,4,3,-78.57,10,-56.52,6,-40,723.65,-36.54
9/3/26,Rolling 3 Months,4/1/26,6/30/26,21288,City,"Barnegat, NJ",Barnegat,NJ,14,7.69,474500,-0.94,22,4,19,-40.63,31,-34.04,11,-57.69,288.13,4.89
9/3/26,Rolling 3 Months,4/1/26,6/30/26,872,City,"Barrington, NJ",Barrington,NJ,25,25,385000,3.63,23,-1,31,40.91,40,14.29,24,26.32,243.41,3.85
9/3/26,Rolling 3 Months,4/1/26,6/30/26,37791,City,"Basking Ridge, NJ",Basking Ridge,NJ,19,-20.83,1350000,71.65,15,1,26,-23.53,32,-20,22,-21.43,460.74,17.26
9/3/26,Rolling 3 Months,4/1/26,6/30/26,952,City,"Bay Head, NJ",Bay Head,NJ,7,-12.5,3098500,27.77,24,10,6,-60,11,-52.17,6,-45.45,1239.57,28.51
9/3/26,Rolling 3 Months,4/1/26,6/30/26,970,City,"Bayonne, NJ",Bayonne,NJ,81,-12.9,650000,4,34,8,154,1.99,241,-0.41,125,8.7,346.8,0.91
9/3/26,Rolling 3 Months,4/1/26,6/30/26,21342,City,"Beach Haven West, NJ",Beach Haven West,NJ,43,26.47,925000,6.63,17,-3,53,12.77,73,-10.98,41,10.81,709.49,22.44
9/3/26,Rolling 3 Months,4/1/26,6/30/26,1052,City,"Beach Haven, NJ",Beach Haven,NJ,16,-11.11,1770000,45.38,47,-34,13,8.33,33,-23.26,14,-12.5,1187.5,19.26
9/3/26,Rolling 3 Months,4/1/26,6/30/26,1121,City,"Beachwood, NJ",Beachwood,NJ,35,12.9,500000,13.64,18,-6,45,25,58,16,36,5.88,310.81,0.51
9/3/26,Rolling 3 Months,4/1/26,6/30/26,31548,City,"Beattystown, NJ",Beattystown,NJ,11,57.14,510000,-22.73,14,2,9,0,14,16.67,11,37.5,297.94,24.31
9/3/26,Rolling 3 Months,4/1/26,6/30/26,21365,City,"Beckett, NJ",Beckett,NJ,13,18.18,362500,-9.38,14,1,18,0,21,5,12,-25,212.52,-7.14
9/3/26,Rolling 3 Months,4/1/26,6/30/26,37786,City,"Bedminster, NJ",Bedminster,NJ,1,-75,725000,-45.08,9,-61,4,0,4,-33.33,4,0,486.82,21.43
9/3/26,Rolling 3 Months,4/1/26,6/30/26,37382,City,"Beesleys Point, NJ",Beesleys Point,NJ,1,-66.67,750000,59.57,98,35,3,0,5,-37.5,4,100,210.33,-29.89
9/3/26,Rolling 3 Months,4/1/26,6/30/26,21377,City,"Belford, NJ",Belford,NJ,7,0,635000,-0.78,14,-22,12,20,15,-16.67,9,28.57,404.43,-5.68
9/3/26,Rolling 3 Months,4/1/26,6/30/26,31566,City,"Belle Mead, NJ",Belle Mead,NJ,6,50,1052500,4.99,31,9,9,50,11,37.5,6,-14.29,364.93,-2.46
9/3/26,Rolling 3 Months,4/1/26,6/30/26,31569,City,"Belleplain, NJ",Belleplain,NJ,1,NA,382000,NA,25,NA,NA,NA,NA,NA,NA,NA,NA,NA
9/3/26,Rolling 3 Months,4/1/26,6/30/26,1257,City,"Bellmawr, NJ",Bellmawr,NJ,35,2.94,350000,7.77,25,3,48,33.33,59,20.41,41,13.89,228.07,-1.47
9/3/26,Rolling 3 Months,4/1/26,6/30/26,1306,City,"Belmar, NJ",Belmar,NJ,14,-36.36,1030500,-2.51,15,-7,22,-8.33,27,-22.86,17,-22.73,723.01,41.46
9/3/26,Rolling 3 Months,4/1/26,6/30/26,1330,City,"Belvidere, NJ",Belvidere,NJ,9,0,295000,-18.46,62,42,16,23.08,23,-4.17,13,18.18,196.09,-2.5
9/3/26,Rolling 3 Months,4/1/26,6/30/26,1381,City,"Bergenfield, NJ",Bergenfield,NJ,35,-2.78,720000,9.09,73,6,63,12.5,102,0.99,50,4.17,446.05,6.74
9/3/26,Rolling 3 Months,4/1/26,6/30/26,1452,City,"Berlin, NJ",Berlin,NJ,25,13.64,406250,4.69,21,-13,32,14.29,45,7.14,31,10.71,229.81,0.35
9/3/26,Rolling 3 Months,4/1/26,6/30/26,1489,City,"Bernardsville, NJ",Bernardsville,NJ,19,-26.92,950000,-14.61,12,-11,39,21.88,53,12.77,27,12.5,441.6,1.03
9/3/26,Rolling 3 Months,4/1/26,6/30/26,1532,City,"Beverly, NJ",Beverly,NJ,5,-50,285000,-15.56,48,-1,6,-62.5,17,-32,6,-57.14,181.65,14.01
9/3/26,Rolling 3 Months,4/1/26,6/30/26,31652,City,"Blackwells Mills, NJ",Blackwells Mills,NJ,21,-12.5,915000,4.18,17,-1,27,-10,31,-20.51,23,-14.81,357.41,2.46
9/3/26,Rolling 3 Months,4/1/26,6/30/26,21462,City,"Blackwood, NJ",Blackwood,NJ,19,46.15,337000,3.69,66,39,23,15,35,29.63,26,85.71,218.74,-11.86
9/3/26,Rolling 3 Months,4/1/26,6/30/26,31658,City,"Blairstown, NJ",Blairstown,NJ,1,0,480000,17.94,59,42,4,0,7,75,5,66.67,250,28.99
9/3/26,Rolling 3 Months,4/1/26,6/30/26,31660,City,"Blawenburg, NJ",Blawenburg,NJ,NA,NA,NA,NA,NA,NA,1,-66.67,1,-66.67,1,0,NA,NA
9/3/26,Rolling 3 Months,4/1/26,6/30/26,1676,City,"Bloomingdale, NJ",Bloomingdale,NJ,12,9.09,610000,3.21,16,-29,27,17.39,34,3.03,23,27.78,383.46,-3.6
9/3/26,Rolling 3 Months,4/1/26,6/30/26,1682,City,"Bloomsbury, NJ",Bloomsbury,NJ,3,0,370000,42.31,9,-29,5,150,6,200,2,100,281.21,-6.08
9/3/26,Rolling 3 Months,4/1/26,6/30/26,1706,City,"Bogota, NJ",Bogota,NJ,15,25,665000,13.68,66,1,12,-25,29,11.54,10,-28.57,422.32,9.53
9/3/26,Rolling 3 Months,4/1/26,6/30/26,1732,City,"Boonton, NJ",Boonton,NJ,22,-4.35,698750,9.18,20,-3,29,-17.14,42,-2.33,28,16.67,350.82,-4.14
9/3/26,Rolling 3 Months,4/1/26,6/30/26,1749,City,"Bordentown, NJ",Bordentown,NJ,19,35.71,425000,22.3,30,10,21,10.53,27,-6.9,19,-9.52,278.58,9.41
9/3/26,Rolling 3 Months,4/1/26,6/30/26,1769,City,"Bound Brook, NJ",Bound Brook,NJ,15,-42.31,575000,15,28,4,24,-4,37,-13.95,24,-17.24,304.54,-11.65
9/3/26,Rolling 3 Months,4/1/26,6/30/26,1817,City,"Bradley Beach, NJ",Bradley Beach,NJ,11,-21.43,1100000,-12.35,22,-2,14,40,18,5.88,11,10,763.05,12.77
9/3/26,Rolling 3 Months,4/1/26,6/30/26,31705,City,"Bradley Gardens, NJ",Bradley Gardens,NJ,43,4.88,680000,11.48,18,0,59,-3.28,78,4,54,17.39,359.34,1.02
9/3/26,Rolling 3 Months,4/1/26,6/30/26,31707,City,"Brainards, NJ",Brainards,NJ,NA,NA,NA,NA,NA,NA,2,100,2,100,1,0,202.57,97.01
9/3/26,Rolling 3 Months,4/1/26,6/30/26,1907,City,"Branchville, NJ",Branchville,NJ,2,0,532500,-5.21,7,-75,NA,NA,NA,NA,NA,NA,NA,NA
9/3/26,Rolling 3 Months,4/1/26,6/30/26,21552,City,"Brass Castle, NJ",Brass Castle,NJ,2,-50,407000,-29.83,25,6,3,-57.14,3,-62.5,1,-80,264.46,1.46
9/3/26,Rolling 3 Months,4/1/26,6/30/26,38231,City,"Bridgeport, NJ",Bridgeport,NJ,1,0,380000,81.04,44,-38,3,NA,4,NA,2,NA,254.95,NA
9/3/26,Rolling 3 Months,4/1/26,6/30/26,1973,City,"Bridgeton, NJ",Bridgeton,NJ,28,16.67,174000,-14.71,28,-36,55,83.33,93,69.09,41,70.83,132.07,-9.09
9/3/26,Rolling 3 Months,4/1/26,6/30/26,37543,City,"Bridgewater Center, NJ",Bridgewater Center,NJ,6,-45.45,900000,21.29,16,1,13,-45.83,14,-46.15,12,-20,365.8,4.42
9/3/26,Rolling 3 Months,4/1/26,6/30/26,35941,City,"Bridgewater, NJ",Bridgewater,NJ,117,-18.18,711000,1.57,16,-1,205,-1.44,264,-0.75,175,1.74,359.68,1.77
9/3/26,Rolling 3 Months,4/1/26,6/30/26,2004,City,"Brielle, NJ",Brielle,NJ,13,-27.78,1485000,50.3,16,-15,24,41.18,35,45.83,23,43.75,650.12,18.49
9/3/26,Rolling 3 Months,4/1/26,6/30/26,2014,City,"Brigantine, NJ",Brigantine,NJ,92,17.95,615000,-1.2,56,-20,130,25,216,-1.82,91,12.35,514.81,1.88
9/3/26,Rolling 3 Months,4/1/26,6/30/26,31757,City,"Broadway, NJ",Broadway,NJ,3,NA,355000,NA,23,NA,1,-50,3,0,2,100,135.87,-24.58
9/3/26,Rolling 3 Months,4/1/26,6/30/26,31765,City,"Brookdale, NJ",Brookdale,NJ,22,-15.38,788280,14.16,21,-41,48,37.14,51,4.08,39,30,429.06,6.47
9/3/26,Rolling 3 Months,4/1/26,6/30/26,31767,City,"Brookfield, NJ",Brookfield,NJ,11,450,438000,1.86,39,-62,11,22.22,17,30.77,14,100,235.49,7.79
9/3/26,Rolling 3 Months,4/1/26,6/30/26,2124,City,"Brooklawn, NJ",Brooklawn,NJ,7,-22.22,216000,-13.6,52,37,9,-10,12,0,9,-10,239.97,5.31
9/3/26,Rolling 3 Months,4/1/26,6/30/26,37775,City,"Brookside, NJ",Brookside,NJ,4,-66.67,1512500,5.78,8,-8,5,-58.33,7,-61.11,4,-66.67,332.3,-24.43
9/3/26,Rolling 3 Months,4/1/26,6/30/26,21625,City,"Browns Mills, NJ",Browns Mills,NJ,41,-14.58,296500,-14.06,37,19,63,26,101,42.25,61,27.08,238.37,0.71
9/3/26,Rolling 3 Months,4/1/26,6/30/26,21630,City,"Brownville, NJ",Brownville,NJ,13,-7.14,395000,-12.22,54,1,13,-27.78,25,0,15,15.38,338.43,3.45
9/3/26,Rolling 3 Months,4/1/26,6/30/26,21637,City,"Budd Lake, NJ",Budd Lake,NJ,17,-10.53,542000,-16.62,16,-1,39,14.71,49,11.36,26,13.04,308.75,3.79
9/3/26,Rolling 3 Months,4/1/26,6/30/26,2259,City,"Buena, NJ",Buena,NJ,24,100,335000,9.21,44,2,19,46.15,36,89.47,23,76.92,235.77,2.15
9/3/26,Rolling 3 Months,4/1/26,6/30/26,31140,City,"Burleigh, NJ",Burleigh,NJ,NA,NA,NA,NA,NA,NA,4,33.33,6,50,2,NA,451.17,13.47
9/3/26,Rolling 3 Months,4/1/26,6/30/26,2313,City,"Burlington, NJ",Burlington,NJ,39,-17.02,308510,7.49,54,0,67,15.52,118,14.56,56,12,190.09,9.77
9/3/26,Rolling 3 Months,4/1/26,6/30/26,2341,City,"Butler, NJ",Butler,NJ,26,36.84,618570,23.47,19,-27,37,8.82,50,4.17,34,25.93,346.52,5.7
9/3/26,Rolling 3 Months,4/1/26,6/30/26,31822,City,"Buttzville, NJ",Buttzville,NJ,NA,NA,NA,NA,NA,NA,2,NA,2,100,1,NA,244.17,NA
9/3/26,Rolling 3 Months,4/1/26,6/30/26,31825,City,"Byram Center, NJ",Byram Center,NJ,6,-33.33,567500,2.25,19,2,10,-23.08,12,-14.29,6,-40,275.65,2.38
9/3/26,Rolling 3 Months,4/1/26,6/30/26,2392,City,"Caldwell, NJ",Caldwell,NJ,23,64.29,725000,2.11,13,-36,29,0,38,-5,27,12.5,375.53,8.5
9/3/26,Rolling 3 Months,4/1/26,6/30/26,2400,City,"Califon, NJ",Califon,NJ,2,-66.67,575000,32.95,27,-2,7,16.67,9,0,5,-16.67,314.92,8.08
9/3/26,Rolling 3 Months,4/1/26,6/30/26,2570,City,"Camden, NJ",Camden,NJ,112,-0.88,166000,3.75,37,5,151,-10.65,282,5.62,156,28.93,155.84,17.59
9/3/26,Rolling 3 Months,4/1/26,6/30/26,21745,City,"Cape May Court House, NJ",Cape May Court House,NJ,18,-10,527000,-0.09,39,12,17,-37.04,34,-27.66,18,-5.26,343.22,25.7
9/3/26,Rolling 3 Months,4/1/26,6/30/26,2668,City,"Cape May Point, NJ",Cape May Point,NJ,2,-50,2425000,15.34,20,-63,3,0,10,11.11,3,-40,1009.37,-8.72
9/3/26,Rolling 3 Months,4/1/26,6/30/26,2652,City,"Cape May, NJ",Cape May,NJ,17,-34.62,910000,-6.91,25,9,18,-52.63,43,-20.37,21,-25,880,-2.62
9/3/26,Rolling 3 Months,4/1/26,6/30/26,36992,City,"Carlls Corner, NJ",Carlls Corner,NJ,1,0,300999,36.88,32,14,1,-75,1,-80,NA,NA,267.86,35.98
9/3/26,Rolling 3 Months,4/1/26,6/30/26,2701,City,"Carlstadt, NJ",Carlstadt,NJ,10,-9.09,739000,-7.63,96,30,12,-14.29,23,-17.86,6,-14.29,464.29,18
9/3/26,Rolling 3 Months,4/1/26,6/30/26,21764,City,"Carneys Point, NJ",Carneys Point,NJ,21,-8.7,280800,36.98,53,33,30,-6.25,53,17.78,20,-16.67,198.48,5.44
9/3/26,Rolling 3 Months,4/1/26,6/30/26,2768,City,"Carteret, NJ",Carteret,NJ,36,0,595000,1.36,72,0,64,25.49,103,18.39,53,26.19,364.26,3.07
9/3/26,Rolling 3 Months,4/1/26,6/30/26,21791,City,"Cedar Glen Lakes, NJ",Cedar Glen Lakes,NJ,13,44.44,110000,-14.4,37,-33,27,42.11,40,11.11,13,62.5,129.91,2.75
9/3/26,Rolling 3 Months,4/1/26,6/30/26,21792,City,"Cedar Glen West, NJ",Cedar Glen West,NJ,10,-33.33,96827,-13.55,73,-69,28,3.7,47,6.82,12,-14.29,91.75,-13
9/3/26,Rolling 3 Months,4/1/26,6/30/26,37692,City,"Cedar Knolls, NJ",Cedar Knolls,NJ,13,333.33,635000,-44.79,24,11,14,180,17,142.86,13,160,381.89,-2.45
9/3/26,Rolling 3 Months,4/1/26,6/30/26,21810,City,"Cedarville, NJ",Cedarville,NJ,2,0,194000,-34.79,106,23,1,-75,4,-50,1,-50,98.43,-7.81
9/3/26,Rolling 3 Months,4/1/26,6/30/26,37303,City,"Centre Grove, NJ",Centre Grove,NJ,6,-25,347500,-5.44,23,-7,9,-18.18,15,0,8,60,219.98,-3.84
9/3/26,Rolling 3 Months,4/1/26,6/30/26,3129,City,"Chatham, NJ",Chatham,NJ,30,-14.29,1492500,9.34,12,-2,30,-33.33,38,-25.49,32,-3.03,661.25,11.15
9/3/26,Rolling 3 Months,4/1/26,6/30/26,21871,City,"Cherry Hill Mall, NJ",Cherry Hill Mall,NJ,53,1.92,445000,-0.39,26,7,77,24.19,107,37.18,55,7.84,235.08,5.31
9/3/26,Rolling 3 Months,4/1/26,6/30/26,3267,City,"Chesilhurst, NJ",Chesilhurst,NJ,5,66.67,335000,5.68,49,13,6,20,10,0,3,-50,256.49,13.26
9/3/26,Rolling 3 Months,4/1/26,6/30/26,3274,City,"Chester, NJ",Chester,NJ,4,33.33,514200,-20.89,22,7,10,11.11,11,0,9,12.5,344.31,-8.34
9/3/26,Rolling 3 Months,4/1/26,6/30/26,3482,City,"Clayton, NJ",Clayton,NJ,30,15.38,352000,8.31,33,8,39,39.29,57,21.28,36,9.09,200.33,7.64
9/3/26,Rolling 3 Months,4/1/26,6/30/26,21940,City,"Clearbrook Park, NJ",Clearbrook Park,NJ,41,0,340000,-19.05,60,2,51,-25,98,-17.65,44,-24.14,293.18,1.41
9/3/26,Rolling 3 Months,4/1/26,6/30/26,37747,City,"Clearbrook, NJ",Clearbrook,NJ,41,0,340000,-19.05,60,2,51,-25,98,-17.65,44,-24.14,293.18,1.41
9/3/26,Rolling 3 Months,4/1/26,6/30/26,3500,City,"Clementon, NJ",Clementon,NJ,29,45,280000,8.74,20,-2,37,19.35,66,43.48,38,58.33,213.13,8.27
9/3/26,Rolling 3 Months,4/1/26,6/30/26,3533,City,"Cliffside Park, NJ",Cliffside Park,NJ,62,-17.33,685000,0.37,78,6,111,9.9,194,-0.51,82,20.59,450.83,6.51
9/3/26,Rolling 3 Months,4/1/26,6/30/26,21964,City,"Cliffwood Beach, NJ",Cliffwood Beach,NJ,11,-35.29,425000,-8.6,23,9,21,50,30,36.36,18,-5.26,408.95,-2.36
9/3/26,Rolling 3 Months,4/1/26,6/30/26,3564,City,"Clifton, NJ",Clifton,NJ,134,-12.42,608500,2.27,29,-31,215,-0.46,307,-6.69,171,-6.56,414.32,7.04
9/3/26,Rolling 3 Months,4/1/26,6/30/26,3570,City,"Clinton, NJ",Clinton,NJ,10,150,552500,-17.23,17,-1,19,111.11,24,100,14,75,318.24,0.64
9/3/26,Rolling 3 Months,4/1/26,6/30/26,3589,City,"Closter, NJ",Closter,NJ,31,138.46,1625000,1.72,79,-27,41,7.89,71,29.09,34,36,555.28,12.5
9/3/26,Rolling 3 Months,4/1/26,6/30/26,22003,City,"Collings Lakes, NJ",Collings Lakes,NJ,9,80,303375,7.24,32,25,7,-36.36,12,-25,3,-70,238.46,1.51
9/3/26,Rolling 3 Months,4/1/26,6/30/26,3715,City,"Collingswood, NJ",Collingswood,NJ,51,6.25,459000,7.68,21,-2,79,38.6,100,28.21,61,19.61,284.14,0.7
9/3/26,Rolling 3 Months,4/1/26,6/30/26,36977,City,"Cologne, NJ",Cologne,NJ,3,200,465000,8.14,87,30,3,50,6,100,2,0,195.79,-7.08
9/3/26,Rolling 3 Months,4/1/26,6/30/26,22015,City,"Colonia, NJ",Colonia,NJ,42,-4.55,661000,5.76,56,12,53,-7.02,93,4.49,49,-5.77,387.23,2.27
9/3/26,Rolling 3 Months,4/1/26,6/30/26,32112,City,"Columbia, NJ",Columbia,NJ,NA,NA,NA,NA,NA,NA,2,100,3,200,1,NA,224.35,-11.65
9/3/26,Rolling 3 Months,4/1/26,6/30/26,22035,City,"Concordia, NJ",Concordia,NJ,25,-39.02,358000,2.29,66,-4,37,27.59,73,-1.35,33,-19.51,285.39,6.88
9/3/26,Rolling 3 Months,4/1/26,6/30/26,37834,City,"Connecticut Farms, NJ",Connecticut Farms,NJ,3,200,660000,-20,83,46,1,-50,2,-50,2,100,351.9,NA
9/3/26,Rolling 3 Months,4/1/26,6/30/26,37341,City,"Cookstown, NJ",Cookstown,NJ,2,100,295000,-37.89,15,9,3,-25,5,-16.67,3,-25,303.6,19.29
9/3/26,Rolling 3 Months,4/1/26,6/30/26,3920,City,"Corbin City, NJ",Corbin City,NJ,NA,NA,NA,NA,NA,NA,1,-50,4,33.33,3,NA,159.14,-38.24
9/3/26,Rolling 3 Months,4/1/26,6/30/26,22068,City,"Country Lake Estates, NJ",Country Lake Estates,NJ,15,-11.76,364000,7.06,28,-12,18,-5.26,31,6.9,18,-10,257.52,3.15
9/3/26,Rolling 3 Months,4/1/26,6/30/26,22091,City,"Cranbury, NJ",Cranbury,NJ,6,-14.29,1300000,15.56,75,42,7,-41.67,14,-26.32,7,-36.36,414.54,-4.64
9/3/26,Rolling 3 Months,4/1/26,6/30/26,22095,City,"Crandon Lakes, NJ",Crandon Lakes,NJ,5,150,450000,-11.76,13,-22,7,0,10,11.11,4,0,344.16,-16.8
9/3/26,Rolling 3 Months,4/1/26,6/30/26,37655,City,"Cranford, NJ",Cranford,NJ,1,0,367000,-52.03,17,6,4,NA,5,400,2,NA,360.21,NA
9/3/26,Rolling 3 Months,4/1/26,6/30/26,37831,City,"Cream Ridge, NJ",Cream Ridge,NJ,1,0,1020000,-12.82,18,-91,1,-75,1,-75,NA,NA,262.23,-4.69
9/3/26,Rolling 3 Months,4/1/26,6/30/26,4098,City,"Cresskill, NJ",Cresskill,NJ,20,-31.03,1405000,-0.71,69,-17,46,4.55,75,4.17,39,34.48,553.24,7.42
9/3/26,Rolling 3 Months,4/1/26,6/30/26,22109,City,"Crestwood Village, NJ",Crestwood Village,NJ,64,-21.95,148500,-0.17,31,2,132,0,223,3.72,83,-16.16,165.16,-5.47
9/3/26,Rolling 3 Months,4/1/26,6/30/26,37161,City,"Crosswicks, NJ",Crosswicks,NJ,3,200,745000,-25.43,99,39,2,-33.33,5,0,1,-66.67,315.74,1.16
9/3/26,Rolling 3 Months,4/1/26,6/30/26,22158,City,"Dayton, NJ",Dayton,NJ,21,-12.5,555000,-3.48,62,11,21,-16,38,-9.52,22,4.76,368.13,5.12
9/3/26,Rolling 3 Months,4/1/26,6/30/26,4348,City,"Deal, NJ",Deal,NJ,1,-66.67,2400000,-52,116,13,2,-66.67,7,-36.36,1,-50,1489.97,3.59
9/3/26,Rolling 3 Months,4/1/26,6/30/26,37819,City,"Deans, NJ",Deans,NJ,5,25,820000,2.56,75,-24,4,0,8,14.29,5,-28.57,413.44,1.23
9/3/26,Rolling 3 Months,4/1/26,6/30/26,32232,City,"Delaware Park, NJ",Delaware Park,NJ,3,-25,440000,38.36,22,-42,6,200,9,125,6,100,249.6,-4.44
9/3/26,Rolling 3 Months,4/1/26,6/30/26,32226,City,"Delaware, NJ",Delaware,NJ,1,0,348900,74.45,294,260,1,-50,1,-50,NA,NA,199.96,-13.4
9/3/26,Rolling 3 Months,4/1/26,6/30/26,37370,City,"Delmont, NJ",Delmont,NJ,NA,NA,NA,NA,NA,NA,NA,NA,1,-50,NA,NA,NA,NA
9/3/26,Rolling 3 Months,4/1/26,6/30/26,4548,City,"Demarest, NJ",Demarest,NJ,19,-9.52,1685000,-6.39,68,-2,26,-29.73,47,-32.86,28,0,646.09,11.27
9/3/26,Rolling 3 Months,4/1/26,6/30/26,37035,City,"Dennisville, NJ",Dennisville,NJ,1,-66.67,85000,-55.24,31,-32,4,100,5,0,1,-66.67,273.57,14.95
9/3/26,Rolling 3 Months,4/1/26,6/30/26,22215,City,"Diamond Beach, NJ",Diamond Beach,NJ,8,-27.27,714500,-10.58,22,-3,11,-31.25,15,-44.44,11,-21.43,719.56,1.33
9/3/26,Rolling 3 Months,4/1/26,6/30/26,36953,City,"Dividing Creek, NJ",Dividing Creek,NJ,4,NA,182450,NA,45,NA,4,300,8,166.67,6,NA,99.62,-9.45
9/3/26,Rolling 3 Months,4/1/26,6/30/26,37045,City,"Dorchester, NJ",Dorchester,NJ,1,-50,149900,-48.31,15,-54,4,300,5,25,2,-33.33,173.25,168.61
9/3/26,Rolling 3 Months,4/1/26,6/30/26,37258,City,"Dorothy, NJ",Dorothy,NJ,2,-50,165500,-57.29,46,-50,3,NA,5,150,2,NA,318.24,NA
9/3/26,Rolling 3 Months,4/1/26,6/30/26,22238,City,"Dover Beaches North, NJ",Dover Beaches North,NJ,30,0,994500,23.54,37,4,24,33.33,41,7.89,28,21.74,853.74,-23.59
9/3/26,Rolling 3 Months,4/1/26,6/30/26,22240,City,"Dover Beaches South, NJ",Dover Beaches South,NJ,16,-15.79,807500,-2.71,17,-27,24,60,42,31.25,21,50,759.96,8.65
9/3/26,Rolling 3 Months,4/1/26,6/30/26,4682,City,"Dover, NJ",Dover,NJ,18,0,498000,-6.39,36,13,34,25.93,46,21.05,26,18.18,301.47,-7.47
9/3/26,Rolling 3 Months,4/1/26,6/30/26,4760,City,"Dumont, NJ",Dumont,NJ,29,-12.12,680000,4.62,64,-6,51,-7.27,77,-9.41,42,-8.7,423.56,1.52
9/3/26,Rolling 3 Months,4/1/26,6/30/26,4785,City,"Dunellen, NJ",Dunellen,NJ,21,40,612500,15.57,39,-3,36,63.64,48,37.14,25,38.89,337.08,0.07
9/3/26,Rolling 3 Months,4/1/26,6/30/26,36935,City,"Dutch Neck, NJ",Dutch Neck,NJ,NA,NA,NA,NA,NA,NA,NA,NA,1,0,1,0,NA,NA
9/3/26,Rolling 3 Months,4/1/26,6/30/26,32320,City,"East Franklin, NJ",East Franklin,NJ,13,116.67,510000,4.08,36,4,18,5.88,25,19.05,13,44.44,292.15,-25.94
9/3/26,Rolling 3 Months,4/1/26,6/30/26,22309,City,"East Freehold, NJ",East Freehold,NJ,13,-13.33,880000,7.32,24,2,23,-4.17,26,-27.78,21,-16,373.93,6.53
9/3/26,Rolling 3 Months,4/1/26,6/30/26,32334,City,"East Millstone, NJ",East Millstone,NJ,NA,NA,NA,NA,NA,NA,4,300,4,100,2,NA,330.05,116.97
9/3/26,Rolling 3 Months,4/1/26,6/30/26,4996,City,"East Newark, NJ",East Newark,NJ,1,0,740000,96.03,67,-39,4,300,6,200,4,300,359.93,22.44
9/3/26,Rolling 3 Months,4/1/26,6/30/26,5001,City,"East Orange, NJ",East Orange,NJ,73,-10.98,545000,-3.54,84,0,129,1.57,255,8.97,117,10.38,241.38,-6
9/3/26,Rolling 3 Months,4/1/26,6/30/26,32338,City,"East Rocky Hill, NJ",East Rocky Hill,NJ,2,NA,357750,NA,12,NA,4,0,4,-20,2,-33.33,287.66,-36.78
9/3/26,Rolling 3 Months,4/1/26,6/30/26,5036,City,"East Rutherford, NJ",East Rutherford,NJ,11,0,658000,-1.79,55,-1,17,30.77,26,8.33,15,0,409.89,15.63
9/3/26,Rolling 3 Months,4/1/26,6/30/26,37238,City,"East Vineland, NJ",East Vineland,NJ,6,500,445000,58.93,110,58,1,-66.67,6,0,3,0,227.73,2.02
9/3/26,Rolling 3 Months,4/1/26,6/30/26,5113,City,"Eatontown, NJ",Eatontown,NJ,30,-3.23,582500,-6.8,21,3,36,-7.69,73,12.31,37,23.33,370.42,3.77
9/3/26,Rolling 3 Months,4/1/26,6/30/26,22363,City,"Echelon, NJ",Echelon,NJ,28,-20,344000,34.9,40,7,39,-2.5,57,1.79,36,0,231.82,3.8
9/3/26,Rolling 3 Months,4/1/26,6/30/26,5164,City,"Edgewater, NJ",Edgewater,NJ,49,6.52,645000,2.38,91,1,94,-9.62,182,-2.67,59,-6.35,530.38,-2.38
9/3/26,Rolling 3 Months,4/1/26,6/30/26,35780,City,"Edison, NJ",Edison,NJ,163,-6.86,610000,-7.58,70,10,328,26.64,521,24.34,243,18.54,390.55,0.02
9/3/26,Rolling 3 Months,4/1/26,6/30/26,5265,City,"Egg Harbor City, NJ",Egg Harbor City,NJ,12,33.33,302500,10,48,-8,30,87.5,47,88,20,53.85,191.78,0.24
9/3/26,Rolling 3 Months,4/1/26,6/30/26,5417,City,"Elizabeth, NJ",Elizabeth,NJ,116,0.87,652500,6.1,35,-1,189,12.5,364,34.81,136,5.43,300.36,-0.36
9/3/26,Rolling 3 Months,4/1/26,6/30/26,31169,City,"Ellisburg, NJ",Ellisburg,NJ,14,40,451984,-6.7,27,3,18,28.57,24,41.18,11,57.14,245.68,1.06
9/3/26,Rolling 3 Months,4/1/26,6/30/26,5477,City,"Elmer, NJ",Elmer,NJ,5,150,282500,40.9,121,86,10,150,17,142.86,5,150,180.14,-22.4
9/3/26,Rolling 3 Months,4/1/26,6/30/26,5497,City,"Elmwood Park, NJ",Elmwood Park,NJ,28,27.27,637500,-0.39,66,7,39,-11.36,73,14.06,45,50,368.46,2.08
9/3/26,Rolling 3 Months,4/1/26,6/30/26,31170,City,"Elwood, NJ",Elwood,NJ,3,200,329900,7.81,40,33,4,100,7,40,5,150,283.25,96.09
9/3/26,Rolling 3 Months,4/1/26,6/30/26,5543,City,"Emerson, NJ",Emerson,NJ,9,-10,940000,17.87,77,8,23,0,29,-3.33,19,26.67,397.17,1.11
9/3/26,Rolling 3 Months,4/1/26,6/30/26,37594,City,"Encore at Monroe, NJ",Encore at Monroe,NJ,2,-60,690000,15,95,35,4,0,8,33.33,7,133.33,297.27,3.84
9/3/26,Rolling 3 Months,4/1/26,6/30/26,5552,City,"Englewood Cliffs, NJ",Englewood Cliffs,NJ,12,-45.45,2550000,-2.86,112,-42,28,0,46,-14.81,24,-4,620.14,15
9/3/26,Rolling 3 Months,4/1/26,6/30/26,5544,City,"Englewood, NJ",Englewood,NJ,44,2.33,650500,8.6,74,-6,92,9.52,174,16,76,0,408.62,2.11
9/3/26,Rolling 3 Months,4/1/26,6/30/26,37252,City,"English Creek, NJ",English Creek,NJ,9,200,437500,-7.41,72,-9,7,40,17,30.77,7,40,225.98,0.53
9/3/26,Rolling 3 Months,4/1/26,6/30/26,5564,City,"Englishtown, NJ",Englishtown,NJ,10,400,435000,-19.22,37,-4,8,-27.27,10,-37.5,5,-28.57,296.05,-4.99
9/3/26,Rolling 3 Months,4/1/26,6/30/26,22474,City,"Erma, NJ",Erma,NJ,9,125,445000,29.55,40,-54,5,-28.57,10,-16.67,9,0,313.75,4.9
9/3/26,Rolling 3 Months,4/1/26,6/30/26,5632,City,"Essex Fells, NJ",Essex Fells,NJ,5,-50,1595000,-0.7,33,-34,5,-37.5,10,-16.67,6,-45.45,602.69,28.41
9/3/26,Rolling 3 Months,4/1/26,6/30/26,5639,City,"Estell Manor, NJ",Estell Manor,NJ,4,100,385000,29.41,37,-29,5,0,8,0,6,50,295.92,18.2
9/3/26,Rolling 3 Months,4/1/26,6/30/26,22514,City,"Ewing, NJ",Ewing,NJ,87,1.16,386000,5.61,42,-2,134,26.42,205,7.89,113,0.89,246.91,0.93
9/3/26,Rolling 3 Months,4/1/26,6/30/26,5775,City,"Fair Haven, NJ",Fair Haven,NJ,16,-46.67,1600000,17.22,11,-4,23,-32.35,27,-34.15,18,-45.45,761.58,22.61
9/3/26,Rolling 3 Months,4/1/26,6/30/26,5779,City,"Fair Lawn, NJ",Fair Lawn,NJ,72,30.91,750000,6.38,51,-6,97,-1.02,157,18.05,95,26.67,433.21,2.26
9/3/26,Rolling 3 Months,4/1/26,6/30/26,22546,City,"Fairton, NJ",Fairton,NJ,3,200,80000,-62.79,114,53,2,100,12,140,2,-33.33,128.73,139.17
9/3/26,Rolling 3 Months,4/1/26,6/30/26,5804,City,"Fairview, NJ",Fairview,NJ,18,260,780000,19.08,78,-2,32,39.13,47,42.42,15,15.38,403.87,-5.23
9/3/26,Rolling 3 Months,4/1/26,6/30/26,22563,City,"Fairview, NJ",Fairview,NJ,8,-33.33,852500,4.15,14,-1,17,21.43,19,11.76,15,50,467.6,7.58
9/3/26,Rolling 3 Months,4/1/26,6/30/26,5889,City,"Fanwood, NJ",Fanwood,NJ,26,18.18,737500,-8.1,27,12,30,-14.29,40,2.56,26,-16.13,471.4,5.54
9/3/26,Rolling 3 Months,4/1/26,6/30/26,5899,City,"Far Hills, NJ",Far Hills,NJ,2,0,758750,-34.31,93,35,10,233.33,12,71.43,1,-75,400.4,-9.6
9/3/26,Rolling 3 Months,4/1/26,6/30/26,5909,City,"Farmingdale, NJ",Farmingdale,NJ,5,400,600000,-39.39,29,13,6,500,9,800,6,500,343.86,-12.37
9/3/26,Rolling 3 Months,4/1/26,6/30/26,6000,City,"Fieldsboro, NJ",Fieldsboro,NJ,3,NA,319000,NA,60,NA,2,0,5,150,3,50,254.93,24.33
9/3/26,Rolling 3 Months,4/1/26,6/30/26,32535,City,"Finderne, NJ",Finderne,NJ,9,-35.71,525000,15.77,17,-3,19,35.71,22,0,14,7.69,383.99,29.78
9/3/26,Rolling 3 Months,4/1/26,6/30/26,32536,City,"Finesville, NJ",Finesville,NJ,2,100,522500,2.45,51,-39,3,NA,5,400,4,300,209.64,NA
9/3/26,Rolling 3 Months,4/1/26,6/30/26,37709,City,"Flagtown, NJ",Flagtown,NJ,1,0,740000,23.13,16,-4,3,-57.14,3,-57.14,2,-66.67,344.1,0.95
9/3/26,Rolling 3 Months,4/1/26,6/30/26,37813,City,"Flanders, NJ",Flanders,NJ,23,53.33,670000,9.84,14,-3,26,-31.58,34,-27.66,25,-16.67,310.04,6.29
9/3/26,Rolling 3 Months,4/1/26,6/30/26,6109,City,"Flemington, NJ",Flemington,NJ,7,-46.15,515000,11.59,34,21,25,25,31,14.81,18,5.88,324.23,15.4
9/3/26,Rolling 3 Months,4/1/26,6/30/26,31178,City,"Florence, NJ",Florence,NJ,13,-18.75,300000,-10.38,61,38,24,-20,48,20,21,10.53,240.38,12.18
9/3/26,Rolling 3 Months,4/1/26,6/30/26,6151,City,"Florham Park, NJ",Florham Park,NJ,24,-14.29,930000,-21.52,17,2,49,36.11,57,21.28,40,5.26,519.36,19.02
9/3/26,Rolling 3 Months,4/1/26,6/30/26,6154,City,"Folsom, NJ",Folsom,NJ,6,50,356250,-18.48,36,-104,9,80,12,50,6,0,274.81,44.54
9/3/26,Rolling 3 Months,4/1/26,6/30/26,22644,City,"Fords, NJ",Fords,NJ,23,-8,525000,2.34,71,-23,48,77.78,70,48.94,45,73.08,406.91,1.23
9/3/26,Rolling 3 Months,4/1/26,6/30/26,22650,City,"Forked River, NJ",Forked River,NJ,33,0,525000,7.14,39,-6,54,54.29,76,20.63,44,37.5,333.27,-1.54
9/3/26,Rolling 3 Months,4/1/26,6/30/26,37618,City,"Forsgate, NJ",Forsgate,NJ,6,200,833500,20.79,81,34,9,-18.18,14,7.69,4,-33.33,326.1,-4.34
9/3/26,Rolling 3 Months,4/1/26,6/30/26,6283,City,"Fort Lee, NJ",Fort Lee,NJ,134,-12.99,482500,15.43,85,-1,202,-5.61,434,5.6,160,-7.51,485.25,5.97
9/3/26,Rolling 3 Months,4/1/26,6/30/26,37063,City,"Fortescue, NJ",Fortescue,NJ,3,50,164500,-7.32,137,-166,7,NA,11,37.5,5,150,177.77,NA
9/3/26,Rolling 3 Months,4/1/26,6/30/26,32629,City,"Franklin Center, NJ",Franklin Center,NJ,17,-26.09,485000,-28.15,64,50,27,-30.77,42,-22.22,21,-27.59,284.52,3.54
9/3/26,Rolling 3 Months,4/1/26,6/30/26,6433,City,"Franklin Lakes, NJ",Franklin Lakes,NJ,30,30.43,1775000,-6.58,77,15,46,2.22,84,9.09,38,11.76,440.14,1.78
9/3/26,Rolling 3 Months,4/1/26,6/30/26,32634,City,"Franklin Park, NJ",Franklin Park,NJ,26,-23.53,408000,5.97,43,24,48,-4,63,-1.56,37,-7.5,321.97,4.89
9/3/26,Rolling 3 Months,4/1/26,6/30/26,6420,City,"Franklin, NJ",Franklin,NJ,8,-63.64,375000,-0.32,14,-25,21,-8.7,29,-19.44,18,-35.71,227.5,-10.81
9/3/26,Rolling 3 Months,4/1/26,6/30/26,37287,City,"Franklinville, NJ",Franklinville,NJ,3,-25,240500,51.26,85,15,12,500,17,240,9,125,197.82,60.2
9/3/26,Rolling 3 Months,4/1/26,6/30/26,6496,City,"Freehold, NJ",Freehold,NJ,30,-14.29,465000,-10.58,20,-3,53,6,70,1.45,38,-22.45,352.34,3.45
9/3/26,Rolling 3 Months,4/1/26,6/30/26,6526,City,"Frenchtown, NJ",Frenchtown,NJ,2,-50,475000,-13.4,131,97,5,0,7,0,1,-75,283.67,31.16
9/3/26,Rolling 3 Months,4/1/26,6/30/26,37157,City,"Gandys Beach, NJ",Gandys Beach,NJ,NA,NA,NA,NA,NA,NA,5,150,6,50,NA,NA,358.35,-9.21
9/3/26,Rolling 3 Months,4/1/26,6/30/26,6627,City,"Garfield, NJ",Garfield,NJ,39,-25,640000,-1.54,45,-25,54,-6.9,92,-15.6,52,6.12,366.67,1.14
9/3/26,Rolling 3 Months,4/1/26,6/30/26,6634,City,"Garwood, NJ",Garwood,NJ,19,137.5,675000,-23.73,20,-6,24,60,30,36.36,20,122.22,398.04,7.65
9/3/26,Rolling 3 Months,4/1/26,6/30/26,37098,City,"Germania, NJ",Germania,NJ,1,0,559775,69.12,242,227,NA,NA,1,0,1,0,NA,NA
9/3/26,Rolling 3 Months,4/1/26,6/30/26,6684,City,"Gibbsboro, NJ",Gibbsboro,NJ,22,175,432490,-0.92,108,86,29,163.64,46,253.85,27,237.5,246.73,5.76
9/3/26,Rolling 3 Months,4/1/26,6/30/26,22792,City,"Gibbstown, NJ",Gibbstown,NJ,12,-40,349950,9.53,18,-11,19,35.71,23,0,15,-25,210.62,14.52
9/3/26,Rolling 3 Months,4/1/26,6/30/26,37659,City,"Gillette, NJ",Gillette,NJ,7,-50,701000,3.85,27,7,14,-26.32,19,-24,11,-35.29,418.2,9.48
9/3/26,Rolling 3 Months,4/1/26,6/30/26,6749,City,"Glassboro, NJ",Glassboro,NJ,35,-35.19,365000,1.39,19,1,54,-6.9,81,-12.9,48,-17.24,219.84,4.32
9/3/26,Rolling 3 Months,4/1/26,6/30/26,6798,City,"Glen Gardner, NJ",Glen Gardner,NJ,10,11.11,379850,43.34,18,-4,12,9.09,19,-13.64,8,-38.46,235.6,-8.34
9/3/26,Rolling 3 Months,4/1/26,6/30/26,6809,City,"Glen Ridge, NJ",Glen Ridge,NJ,23,-37.84,1323410,8.03,14,-39,33,-32.65,40,-41.18,34,-30.61,507.19,11.12
9/3/26,Rolling 3 Months,4/1/26,6/30/26,6818,City,"Glen Rock, NJ",Glen Rock,NJ,33,-8.33,1375000,15.79,42,-17,47,-17.54,69,-10.39,38,-17.39,538.48,11.78
9/3/26,Rolling 3 Months,4/1/26,6/30/26,22825,City,"Glendora, NJ",Glendora,NJ,26,36.84,330000,0,42,6,21,23.53,30,7.14,25,25,225.84,-0.49
9/3/26,Rolling 3 Months,4/1/26,6/30/26,6854,City,"Gloucester City, NJ",Gloucester City,NJ,46,4.55,245000,-2.2,37,-11,51,4.08,91,16.67,49,-9.26,180.37,1.01
9/3/26,Rolling 3 Months,4/1/26,6/30/26,22855,City,"Golden Triangle, NJ",Golden Triangle,NJ,15,-28.57,460000,2.22,34,14,27,0,44,2.33,17,-15,245.41,-4.22
9/3/26,Rolling 3 Months,4/1/26,6/30/26,37050,City,"Goshen, NJ",Goshen,NJ,NA,NA,NA,NA,NA,NA,NA,NA,1,-75,NA,NA,NA,NA
9/3/26,Rolling 3 Months,4/1/26,6/30/26,37318,City,"Gouldtown, NJ",Gouldtown,NJ,1,0,181800,81.8,194,164,9,350,12,71.43,3,50,193.81,-19.42
9/3/26,Rolling 3 Months,4/1/26,6/30/26,31188,City,"Great Meadows, NJ",Great Meadows,NJ,1,NA,350000,NA,68,NA,3,50,4,100,2,NA,232.38,5.79
9/3/26,Rolling 3 Months,4/1/26,6/30/26,37568,City,"Great Notch, NJ",Great Notch,NJ,8,60,372900,-4.38,32,16,13,8.33,17,13.33,7,0,408.9,19.64
9/3/26,Rolling 3 Months,4/1/26,6/30/26,32764,City,"Green Knoll, NJ",Green Knoll,NJ,10,-23.08,777500,6.51,15,-9,30,76.47,33,32,18,-10,346.66,0.85
9/3/26,Rolling 3 Months,4/1/26,6/30/26,37809,City,"Green Village, NJ",Green Village,NJ,3,200,1905000,-17.17,17,0,2,100,3,50,3,200,NA,NA
9/3/26,Rolling 3 Months,4/1/26,6/30/26,22933,City,"Greentree, NJ",Greentree,NJ,34,9.68,625938,20.37,31,14,40,-13.04,52,-11.86,34,3.03,249.1,4.87
9/3/26,Rolling 3 Months,4/1/26,6/30/26,37024,City,"Greenwich, NJ",Greenwich,NJ,2,0,300000,75.18,210,57,2,NA,2,100,1,NA,166.66,NA
9/3/26,Rolling 3 Months,4/1/26,6/30/26,32785,City,"Greenwich, NJ",Greenwich,NJ,12,9.09,692500,6.37,17,-3,22,83.33,23,43.75,18,50,252.99,23.29
9/3/26,Rolling 3 Months,4/1/26,6/30/26,37366,City,"Grenloch, NJ",Grenloch,NJ,NA,NA,NA,NA,NA,NA,2,0,2,-50,1,-50,256.61,-5.08
9/3/26,Rolling 3 Months,4/1/26,6/30/26,32794,City,"Griggstown, NJ",Griggstown,NJ,2,NA,689600,NA,29,NA,6,NA,7,133.33,5,150,371.55,NA
9/3/26,Rolling 3 Months,4/1/26,6/30/26,31193,City,"Groveville, NJ",Groveville,NJ,5,-28.57,385000,-31.37,15,-13,8,-27.27,10,-28.57,8,0,339.34,34.17
9/3/26,Rolling 3 Months,4/1/26,6/30/26,7302,City,"Guttenberg, NJ",Guttenberg,NJ,20,150,365000,-10.53,73,-3,61,8.93,99,-12.39,36,28.57,357.45,0.61
9/3/26,Rolling 3 Months,4/1/26,6/30/26,7312,City,"Hackensack, NJ",Hackensack,NJ,81,2.53,375000,14.33,75,3,116,9.43,223,19.25,87,-10.31,375.63,7.81
9/3/26,Rolling 3 Months,4/1/26,6/30/26,7319,City,"Hackettstown, NJ",Hackettstown,NJ,26,18.18,500000,12.49,15,-7,26,4,35,-2.78,22,-8.33,284.82,0.31
9/3/26,Rolling 3 Months,4/1/26,6/30/26,7341,City,"Haddon Heights, NJ",Haddon Heights,NJ,17,-19.05,460000,-8,14,-1,31,3.33,37,5.71,22,-12,293.02,1.1
9/3/26,Rolling 3 Months,4/1/26,6/30/26,7331,City,"Haddonfield, NJ",Haddonfield,NJ,52,-1.89,870000,-18.69,20,7,59,0,86,16.22,57,9.62,422.53,5.78
9/3/26,Rolling 3 Months,4/1/26,6/30/26,32814,City,"Hainesburg, NJ",Hainesburg,NJ,1,0,599999,9.09,30,-1,2,-33.33,3,-25,NA,NA,262.5,21.82
9/3/26,Rolling 3 Months,4/1/26,6/30/26,7405,City,"Haledon, NJ",Haledon,NJ,12,0,670000,19.64,25,-48,19,-13.64,30,-9.09,13,-23.53,275.92,-7.52
9/3/26,Rolling 3 Months,4/1/26,6/30/26,7453,City,"Hamburg, NJ",Hamburg,NJ,24,0,362500,-7.64,26,-4,31,-8.82,41,-16.33,21,-30,239.95,4.32
9/3/26,Rolling 3 Months,4/1/26,6/30/26,31196,City,"Hamilton Square, NJ",Hamilton Square,NJ,27,-12.9,505000,-1.94,32,12,45,-6.25,57,-16.18,35,-32.69,308.35,2.65
9/3/26,Rolling 3 Months,4/1/26,6/30/26,7499,City,"Hammonton, NJ",Hammonton,NJ,30,7.14,428620,17.91,29,-6,56,47.37,85,51.79,37,12.12,230.21,6.17
9/3/26,Rolling 3 Months,4/1/26,6/30/26,7508,City,"Hampton, NJ",Hampton,NJ,7,133.33,500000,20.48,23,5,8,100,14,100,8,100,204.84,-14.95
9/3/26,Rolling 3 Months,4/1/26,6/30/26,32848,City,"Hancocks Bridge, NJ",Hancocks Bridge,NJ,2,100,286000,-20.56,179,101,NA,NA,3,50,2,0,NA,NA
9/3/26,Rolling 3 Months,4/1/26,6/30/26,32870,City,"Harlingen, NJ",Harlingen,NJ,1,0,1410000,4.6,20,-8,3,0,4,33.33,2,0,393.79,21.83
9/3/26,Rolling 3 Months,4/1/26,6/30/26,32876,City,"Harmony, NJ",Harmony,NJ,2,-33.33,424650,2.33,12,-22,4,33.33,4,33.33,3,50,242.4,31.47
9/3/26,Rolling 3 Months,4/1/26,6/30/26,7687,City,"Harrington Park, NJ",Harrington Park,NJ,12,-20,1091500,14.89,71,7,14,-12.5,25,-10.71,13,-18.75,386.32,-7.27
9/3/26,Rolling 3 Months,4/1/26,6/30/26,7704,City,"Harrison, NJ",Harrison,NJ,11,-47.62,775000,-9.88,72,-13,15,-11.76,35,-22.22,18,-30.77,410.21,17.45
9/3/26,Rolling 3 Months,4/1/26,6/30/26,37107,City,"Harrisonville, NJ",Harrisonville,NJ,2,NA,477450,NA,87,NA,2,NA,3,200,2,100,204.8,NA
9/3/26,Rolling 3 Months,4/1/26,6/30/26,7751,City,"Harvey Cedars, NJ",Harvey Cedars,NJ,6,-25,3090000,20.7,35,-76,5,-37.5,15,-6.25,4,-55.56,1279.59,34.1
9/3/26,Rolling 3 Months,4/1/26,6/30/26,7763,City,"Hasbrouck Heights, NJ",Hasbrouck Heights,NJ,14,-33.33,732500,11.83,54,-9,32,33.33,45,0,20,5.26,418.1,3.48
9/3/26,Rolling 3 Months,4/1/26,6/30/26,7800,City,"Haworth, NJ",Haworth,NJ,11,37.5,1550000,27.84,84,21,11,0,20,11.11,9,28.57,552.28,1.21
9/3/26,Rolling 3 Months,4/1/26,6/30/26,7806,City,"Hawthorne, NJ",Hawthorne,NJ,38,40.74,635000,-4.94,29,-35,55,14.58,90,25,51,21.43,357.18,0.77
9/3/26,Rolling 3 Months,4/1/26,6/30/26,23114,City,"Heathcote, NJ",Heathcote,NJ,30,0,580000,31.82,67,23,29,-6.45,57,5.56,29,11.54,329.25,0.35
9/3/26,Rolling 3 Months,4/1/26,6/30/26,37177,City,"Heislerville, NJ",Heislerville,NJ,NA,NA,NA,NA,NA,NA,NA,NA,1,-50,NA,NA,NA,NA
9/3/26,Rolling 3 Months,4/1/26,6/30/26,7886,City,"Helmetta, NJ",Helmetta,NJ,15,0,352500,-9.62,60,23,16,-20,31,19.23,16,6.67,303.7,-1.74
9/3/26,Rolling 3 Months,4/1/26,6/30/26,37779,City,"Hewitt, NJ",Hewitt,NJ,2,-66.67,867500,89.82,55,-14,13,0,20,0,6,20,300.99,-3.44
9/3/26,Rolling 3 Months,4/1/26,6/30/26,37679,City,"Hibernia, NJ",Hibernia,NJ,1,NA,353850,NA,335,NA,NA,NA,NA,NA,NA,NA,NA,NA
9/3/26,Rolling 3 Months,4/1/26,6/30/26,8009,City,"High Bridge, NJ",High Bridge,NJ,15,66.67,415000,1.22,20,4,28,55.56,36,56.52,25,66.67,283.78,-1.67
9/3/26,Rolling 3 Months,4/1/26,6/30/26,23160,City,"Highland Lake, NJ",Highland Lake,NJ,30,100,405000,12.5,17,-5,53,51.43,70,40,39,69.57,342.39,12.3
9/3/26,Rolling 3 Months,4/1/26,6/30/26,35875,City,"Highland Lakes, NJ",Highland Lakes,NJ,30,87.5,405000,9.76,17,-12,53,43.24,71,42,39,62.5,342.39,12.3
9/3/26,Rolling 3 Months,4/1/26,6/30/26,8051,City,"Highland Park, NJ",Highland Park,NJ,25,56.25,636080,2.43,80,16,33,-10.81,55,-3.51,34,0,352.29,12.24
9/3/26,Rolling 3 Months,4/1/26,6/30/26,8059,City,"Highlands, NJ",Highlands,NJ,33,43.48,650000,8.33,28,0,35,-12.5,53,-13.11,31,-8.82,446.27,0.26
9/3/26,Rolling 3 Months,4/1/26,6/30/26,8084,City,"Hightstown, NJ",Hightstown,NJ,10,-9.09,577500,5.19,37,17,19,-20.83,28,-17.65,9,-55,271.55,-6.75
9/3/26,Rolling 3 Months,4/1/26,6/30/26,8229,City,"Highway-Nella, NJ",Highway-Nella,NJ,2,100,361388,-2.33,199,130,2,100,4,100,3,50,217.85,4.71
9/3/26,Rolling 3 Months,4/1/26,6/30/26,37767,City,"Hillsborough, NJ",Hillsborough,NJ,70,4.48,460000,-3.16,20,3,112,2.75,146,12.31,88,2.33,324.27,2.25
9/3/26,Rolling 3 Months,4/1/26,6/30/26,8153,City,"Hillsdale, NJ",Hillsdale,NJ,20,0,870000,-11.45,50,-8,24,-20,43,-8.51,29,-3.33,416.96,7.79
9/3/26,Rolling 3 Months,4/1/26,6/30/26,8255,City,"Ho-Ho-Kus, NJ",Ho-Ho-Kus,NJ,21,61.54,1600000,18.08,76,15,27,8,44,22.22,25,25,559.8,4.65
9/3/26,Rolling 3 Months,4/1/26,6/30/26,8238,City,"Hoboken, NJ",Hoboken,NJ,172,-1.15,1100000,23.25,23,-2,295,35.32,394,20.49,210,14.75,920.89,5.1
9/3/26,Rolling 3 Months,4/1/26,6/30/26,23219,City,"Holiday City South, NJ",Holiday City South,NJ,35,20.69,365000,-0.54,21,2,61,19.61,86,26.47,36,-2.7,271.92,6.24
9/3/26,Rolling 3 Months,4/1/26,6/30/26,23218,City,"Holiday City-Berkeley, NJ",Holiday City-Berkeley,NJ,128,-16.88,335000,3.08,39,2,192,9.71,311,14.76,152,-8.98,266.84,2.77
9/3/26,Rolling 3 Months,4/1/26,6/30/26,23220,City,"Holiday Heights, NJ",Holiday Heights,NJ,16,-38.46,376000,-2.08,50,26,34,0,45,2.27,25,-10.71,256.62,0.72
9/3/26,Rolling 3 Months,4/1/26,6/30/26,8413,City,"Hopatcong, NJ",Hopatcong,NJ,67,31.37,469000,11.67,22,-3,112,41.77,146,29.2,87,33.85,344.06,-9.46
9/3/26,Rolling 3 Months,4/1/26,6/30/26,33031,City,"Hope, NJ",Hope,NJ,NA,NA,NA,NA,NA,NA,1,0,1,-50,1,0,282.71,NA
9/3/26,Rolling 3 Months,4/1/26,6/30/26,37800,City,"Hopelawn, NJ",Hopelawn,NJ,3,-62.5,575000,21.05,62,6,5,-37.5,9,-25,3,-66.67,450.68,33.93
9/3/26,Rolling 3 Months,4/1/26,6/30/26,8474,City,"Hopewell, NJ",Hopewell,NJ,4,-42.86,613250,14.63,42,10,11,22.22,14,0,8,0,300.24,-18.25
9/3/26,Rolling 3 Months,4/1/26,6/30/26,33060,City,"Hutchinson, NJ",Hutchinson,NJ,1,NA,560000,NA,11,NA,2,100,2,100,1,0,378.63,-11.74
9/3/26,Rolling 3 Months,4/1/26,6/30/26,8737,City,"Interlaken, NJ",Interlaken,NJ,5,NA,2085000,NA,16,NA,5,150,7,250,5,400,873.3,-22.93
9/3/26,Rolling 3 Months,4/1/26,6/30/26,23338,City,"Iselin, NJ",Iselin,NJ,30,15.38,522500,-8.73,68,-7,56,27.27,89,14.1,34,-24.44,420.95,4.09
9/3/26,Rolling 3 Months,4/1/26,6/30/26,8813,City,"Island Heights, NJ",Island Heights,NJ,6,50,620000,-7.46,35,-72,11,-21.43,15,-28.57,10,11.11,351.17,4.15
9/3/26,Rolling 3 Months,4/1/26,6/30/26,8884,City,"Jamesburg, NJ",Jamesburg,NJ,18,50,409500,-24.52,48,-13,16,23.08,29,26.09,18,50,287.72,-4.37
9/3/26,Rolling 3 Months,4/1/26,6/30/26,9168,City,"Jersey City, NJ",Jersey City,NJ,521,3.17,731250,-2.37,50,9,980,5.38,1653,4.03,604,7.47,577.31,3.49
9/3/26,Rolling 3 Months,4/1/26,6/30/26,37375,City,"Jobstown, NJ",Jobstown,NJ,NA,NA,NA,NA,NA,NA,2,NA,2,0,1,NA,247.26,NA
9/3/26,Rolling 3 Months,4/1/26,6/30/26,33174,City,"Johnsonburg, NJ",Johnsonburg,NJ,1,NA,930000,NA,7,NA,1,NA,1,-50,1,0,208.2,NA
9/3/26,Rolling 3 Months,4/1/26,6/30/26,33183,City,"Juliustown, NJ",Juliustown,NJ,2,100,419950,-17.5,29,-40,1,0,3,200,1,0,241.67,14.88
9/3/26,Rolling 3 Months,4/1/26,6/30/26,9287,City,"Keansburg, NJ",Keansburg,NJ,38,0,432500,12.12,41,17,51,0,92,5.75,51,4.08,297.46,0.37
9/3/26,Rolling 3 Months,4/1/26,6/30/26,9295,City,"Kearny, NJ",Kearny,NJ,47,0,600000,-3.69,70,6,76,2.7,137,13.22,73,30.36,379.67,7.21
9/3/26,Rolling 3 Months,4/1/26,6/30/26,37788,City,"Keasbey, NJ",Keasbey,NJ,1,NA,1160000,NA,9,NA,4,300,8,166.67,2,NA,244.61,-19.8
9/3/26,Rolling 3 Months,4/1/26,6/30/26,23483,City,"Kendall Park, NJ",Kendall Park,NJ,22,83.33,751500,24.94,80,-6,35,12.9,54,35,29,52.63,355.56,3.04
9/3/26,Rolling 3 Months,4/1/26,6/30/26,9341,City,"Kenilworth, NJ",Kenilworth,NJ,22,120,642500,2.64,31,-14,37,37.04,45,21.62,26,23.81,405.86,-2.44
9/3/26,Rolling 3 Months,4/1/26,6/30/26,31213,City,"Kenvil, NJ",Kenvil,NJ,5,400,646000,129.08,33,12,7,16.67,9,12.5,6,50,339.5,17.63
9/3/26,Rolling 3 Months,4/1/26,6/30/26,9369,City,"Keyport, NJ",Keyport,NJ,22,37.5,624950,35.86,20,-3,39,39.29,54,42.11,28,27.27,348.7,12.36
9/3/26,Rolling 3 Months,4/1/26,6/30/26,33218,City,"Kingston Estates, NJ",Kingston Estates,NJ,18,12.5,462500,-5.13,30,9,20,-23.08,32,-5.88,23,4.55,226.86,-2.38
9/3/26,Rolling 3 Months,4/1/26,6/30/26,33215,City,"Kingston, NJ",Kingston,NJ,4,-42.86,495000,30.26,28,-12,7,40,9,-35.71,5,-16.67,411.97,25.03
9/3/26,Rolling 3 Months,4/1/26,6/30/26,9434,City,"Kinnelon, NJ",Kinnelon,NJ,18,-37.93,927705,15.96,27,-14,38,-5,51,-1.92,29,-17.14,346.77,14.59
9/3/26,Rolling 3 Months,4/1/26,6/30/26,9530,City,"Lake Como, NJ",Lake Como,NJ,9,12.5,825000,-3.23,26,-58,11,37.5,15,36.36,9,80,617.45,12.34
9/3/26,Rolling 3 Months,4/1/26,6/30/26,37682,City,"Lake Hiawatha, NJ",Lake Hiawatha,NJ,17,30.77,625000,11.61,12,-9,34,30.77,39,18.18,23,27.78,376.92,13.48
9/3/26,Rolling 3 Months,4/1/26,6/30/26,37827,City,"Lake Hopatcong, NJ",Lake Hopatcong,NJ,33,43.48,640000,1.59,18,-17,59,25.53,76,24.59,48,41.18,347.88,-4.66
9/3/26,Rolling 3 Months,4/1/26,6/30/26,23576,City,"Lake Mohawk, NJ",Lake Mohawk,NJ,36,-2.7,617500,-9.19,23,5,68,21.43,93,16.25,54,25.58,319.64,-0.24
9/3/26,Rolling 3 Months,4/1/26,6/30/26,23606,City,"Lake Telemark, NJ",Lake Telemark,NJ,3,50,445000,-32.52,9,-11,7,75,8,60,4,33.33,349.67,34.11
9/3/26,Rolling 3 Months,4/1/26,6/30/26,9579,City,"Lakehurst, NJ",Lakehurst,NJ,5,66.67,430000,32.31,12,-15,10,100,10,42.86,4,0,305.86,11.86
9/3/26,Rolling 3 Months,4/1/26,6/30/26,37208,City,"Lakeside-Beebe Run, NJ",Lakeside-Beebe Run,NJ,1,-66.67,330000,10,230,196,2,-60,3,-50,2,-50,153.22,-45.88
9/3/26,Rolling 3 Months,4/1/26,6/30/26,23620,City,"Lakewood, NJ",Lakewood,NJ,25,25,500000,-12.59,47,19,65,44.44,104,13.04,36,24.14,392.49,-2.26
9/3/26,Rolling 3 Months,4/1/26,6/30/26,9794,City,"Lambertville, NJ",Lambertville,NJ,17,0,632500,-0.39,40,-7,33,37.5,40,0,18,-5.26,390.23,1.89
9/3/26,Rolling 3 Months,4/1/26,6/30/26,37821,City,"Landing, NJ",Landing,NJ,14,27.27,570000,6.54,18,2,21,23.53,28,21.74,20,25,343.51,-12.67
9/3/26,Rolling 3 Months,4/1/26,6/30/26,36965,City,"Laurel Heights, NJ",Laurel Heights,NJ,NA,NA,NA,NA,NA,NA,NA,NA,NA,NA,NA,NA,NA,NA
9/3/26,Rolling 3 Months,4/1/26,6/30/26,23651,City,"Laurel Lake, NJ",Laurel Lake,NJ,13,0,195500,-2.25,22,-40,17,112.5,34,6.25,11,-8.33,162.34,-19.99
9/3/26,Rolling 3 Months,4/1/26,6/30/26,9954,City,"Laurel Springs, NJ",Laurel Springs,NJ,9,0,349500,-1.55,32,12,12,33.33,17,30.77,8,-27.27,195.63,15.77
9/3/26,Rolling 3 Months,4/1/26,6/30/26,23672,City,"Laurence Harbor, NJ",Laurence Harbor,NJ,24,20,502500,12.29,70,4,43,48.28,63,50,30,25,383.24,9.73
9/3/26,Rolling 3 Months,4/1/26,6/30/26,10007,City,"Lavallette, NJ",Lavallette,NJ,10,-28.57,1767500,21.37,56,35,18,-25,28,-20,12,-14.29,1141.01,14.03
9/3/26,Rolling 3 Months,4/1/26,6/30/26,10015,City,"Lawnside, NJ",Lawnside,NJ,8,-20,289000,26.06,18,2,20,53.85,24,26.32,14,7.69,199.56,2.86
9/3/26,Rolling 3 Months,4/1/26,6/30/26,23692,City,"Lawrenceville, NJ",Lawrenceville,NJ,10,-37.5,565000,27.68,25,12,16,-23.81,22,-21.43,15,-21.05,293.22,-1.15
9/3/26,Rolling 3 Months,4/1/26,6/30/26,37628,City,"Layton, NJ",Layton,NJ,1,-66.67,380000,11.76,29,-4,2,0,6,20,4,33.33,214.98,-19.3
9/3/26,Rolling 3 Months,4/1/26,6/30/26,10082,City,"Lebanon, NJ",Lebanon,NJ,14,133.33,432500,-11.01,16,-4,23,109.09,29,107.14,22,266.67,264.49,5.22
9/3/26,Rolling 3 Months,4/1/26,6/30/26,37554,City,"Ledgewood, NJ",Ledgewood,NJ,10,-56.52,593500,18.94,16,1,19,-20.83,22,-31.25,14,-41.67,277.92,-10.36
9/3/26,Rolling 3 Months,4/1/26,6/30/26,37352,City,"Leeds Point, NJ",Leeds Point,NJ,1,NA,599995,NA,176,NA,3,200,4,100,2,100,123.92,-46.84
9/3/26,Rolling 3 Months,4/1/26,6/30/26,37388,City,"Leesburg, NJ",Leesburg,NJ,3,NA,210000,NA,292,NA,3,200,5,400,4,NA,101.1,-21.93
9/3/26,Rolling 3 Months,4/1/26,6/30/26,23721,City,"Leisure Knoll, NJ",Leisure Knoll,NJ,29,11.54,310000,-6.34,41,19,29,-30.95,45,-25,30,30.43,231.76,0.91
9/3/26,Rolling 3 Months,4/1/26,6/30/26,23725,City,"Leisure Village East, NJ",Leisure Village East,NJ,53,-13.11,315000,8.62,31,13,57,-3.39,101,20.24,61,19.61,239.31,6.49
9/3/26,Rolling 3 Months,4/1/26,6/30/26,35637,City,"Leisure Village West, NJ",Leisure Village West,NJ,37,-15.91,275000,0.01,38,1,77,40,117,24.47,49,16.67,203.96,-3.53
9/3/26,Rolling 3 Months,4/1/26,6/30/26,23724,City,"Leisure Village, NJ",Leisure Village,NJ,38,15.15,192000,7.33,40,14,72,12.5,122,27.08,56,60,197.62,-2.94
9/3/26,Rolling 3 Months,4/1/26,6/30/26,23723,City,"Leisuretowne, NJ",Leisuretowne,NJ,39,-7.14,315000,5.02,41,8,44,-2.22,76,11.76,27,-34.15,250.73,3.3
9/3/26,Rolling 3 Months,4/1/26,6/30/26,23734,City,"Leonardo, NJ",Leonardo,NJ,4,-42.86,562000,-11.5,14,-10,11,0,13,0,8,14.29,408.59,-3.76
9/3/26,Rolling 3 Months,4/1/26,6/30/26,10204,City,"Leonia, NJ",Leonia,NJ,11,-45,785000,-0.32,76,12,20,-47.37,34,-38.18,17,-54.05,486.71,16.53
9/3/26,Rolling 3 Months,4/1/26,6/30/26,37816,City,"Liberty Corner, NJ",Liberty Corner,NJ,5,150,1850000,104.3,16,-28,4,0,6,-14.29,6,20,371.54,-8.09
9/3/26,Rolling 3 Months,4/1/26,6/30/26,10278,City,"Lincoln Park, NJ",Lincoln Park,NJ,34,41.67,590000,10.28,23,-16,35,29.63,51,15.91,37,32.14,340.06,-7.45
9/3/26,Rolling 3 Months,4/1/26,6/30/26,23754,City,"Lincroft, NJ",Lincroft,NJ,12,-45.45,1287500,30.71,18,5,29,-3.33,35,0,24,9.09,440.03,13.77
9/3/26,Rolling 3 Months,4/1/26,6/30/26,10296,City,"Linden, NJ",Linden,NJ,56,-1.75,550000,-1.79,40,12,116,28.89,176,15.79,77,-14.44,440.1,2.27
9/3/26,Rolling 3 Months,4/1/26,6/30/26,10320,City,"Lindenwold, NJ",Lindenwold,NJ,41,36.67,259999,3.17,44,6,44,-10.2,68,-12.82,46,6.98,187.64,11.01
9/3/26,Rolling 3 Months,4/1/26,6/30/26,10335,City,"Linwood, NJ",Linwood,NJ,31,14.81,549000,0.73,70,13,48,23.08,84,23.53,35,6.06,286.47,5.14
9/3/26,Rolling 3 Months,4/1/26,6/30/26,10381,City,"Little Ferry, NJ",Little Ferry,NJ,17,6.25,525000,-9.48,69,2,23,9.52,45,4.65,18,0,353.13,-5.62
9/3/26,Rolling 3 Months,4/1/26,6/30/26,10402,City,"Little Silver, NJ",Little Silver,NJ,18,-21.74,1326250,32.64,14,1,25,13.64,35,59.09,20,25,508.32,0.46
9/3/26,Rolling 3 Months,4/1/26,6/30/26,37168,City,"Llewellyn Park, NJ",Llewellyn Park,NJ,2,0,2235639,52.29,137,114,NA,NA,3,-50,NA,NA,NA,NA
9/3/26,Rolling 3 Months,4/1/26,6/30/26,10458,City,"Loch Arbour, NJ",Loch Arbour,NJ,NA,NA,NA,NA,NA,NA,1,-75,4,0,NA,NA,1941.75,65.57
9/3/26,Rolling 3 Months,4/1/26,6/30/26,10469,City,"Lodi, NJ",Lodi,NJ,24,-25,661000,-1.34,68,-12,63,31.25,89,21.92,42,10.53,408.48,5.2
9/3/26,Rolling 3 Months,4/1/26,6/30/26,10520,City,"Long Branch, NJ",Long Branch,NJ,81,14.08,760000,-2.56,32,1,100,-9.09,225,-4.26,83,7.79,509.9,10.73
9/3/26,Rolling 3 Months,4/1/26,6/30/26,23853,City,"Long Valley, NJ",Long Valley,NJ,3,-25,677777,57.62,8,-13,6,-40,8,-27.27,5,-28.57,228.78,-0.22
9/3/26,Rolling 3 Months,4/1/26,6/30/26,10540,City,"Longport, NJ",Longport,NJ,9,12.5,1700000,10.57,87,-33,22,266.67,39,44.44,6,-33.33,1022.51,14.76
9/3/26,Rolling 3 Months,4/1/26,6/30/26,33475,City,"Lopatcong Overlook, NJ",Lopatcong Overlook,NJ,4,-42.86,382500,4.79,17,-2,3,-57.14,5,-37.5,3,0,208.84,-18.33
9/3/26,Rolling 3 Months,4/1/26,6/30/26,37552,City,"Lower Berkshire Valley, NJ",Lower Berkshire Valley,NJ,3,50,600000,3,49,26,3,-25,5,0,3,50,225.98,-12.48
9/3/26,Rolling 3 Months,4/1/26,6/30/26,37740,City,"Lyons, NJ",Lyons,NJ,10,-47.37,1022500,16.19,18,0,16,-27.27,19,-32.14,14,-36.36,429.05,13.13
9/3/26,Rolling 3 Months,4/1/26,6/30/26,37608,City,"Macopin, NJ",Macopin,NJ,3,50,665000,-10.14,179,123,13,225,18,200,8,166.67,359.07,4.15
9/3/26,Rolling 3 Months,4/1/26,6/30/26,23952,City,"Madison Park, NJ",Madison Park,NJ,7,75,532000,-1.94,49,13,12,9.09,15,15.38,11,0,410.25,1.34
9/3/26,Rolling 3 Months,4/1/26,6/30/26,10822,City,"Madison, NJ",Madison,NJ,76,10.14,1102500,2.56,20,-6,94,-3.09,123,-8.89,96,1.05,433.57,2.04
9/3/26,Rolling 3 Months,4/1/26,6/30/26,10850,City,"Magnolia, NJ",Magnolia,NJ,11,-54.17,300000,-2.44,20,-9,13,-13.33,22,-21.43,15,-34.78,211.42,-19.61
9/3/26,Rolling 3 Months,4/1/26,6/30/26,37282,City,"Malaga, NJ",Malaga,NJ,4,0,162000,-53.38,71,-29,4,0,14,75,7,75,261.13,15.77
9/3/26,Rolling 3 Months,4/1/26,6/30/26,23981,City,"Manahawkin, NJ",Manahawkin,NJ,8,-52.94,483750,-16.59,11,-6,18,0,24,-17.24,13,-27.78,227.97,-12.73
9/3/26,Rolling 3 Months,4/1/26,6/30/26,10954,City,"Manasquan, NJ",Manasquan,NJ,13,8.33,1610000,12.95,15,-15,22,-4.35,36,12.5,22,29.41,768.23,-1.04
9/3/26,Rolling 3 Months,4/1/26,6/30/26,11049,City,"Mantoloking, NJ",Mantoloking,NJ,3,-25,3600000,18.13,47,-170,5,-50,17,13.33,4,-20,2003.31,49.46
9/3/26,Rolling 3 Months,4/1/26,6/30/26,11106,City,"Manville, NJ",Manville,NJ,22,0,502500,4.69,44,21,36,-10,58,9.43,38,31.03,346.35,-0.69
9/3/26,Rolling 3 Months,4/1/26,6/30/26,11173,City,"Margate City, NJ",Margate City,NJ,51,-22.73,999999,-13.04,82,-19,57,-25.97,150,-13.29,65,12.07,683.22,-10.88
9/3/26,Rolling 3 Months,4/1/26,6/30/26,33611,City,"Marksboro, NJ",Marksboro,NJ,NA,NA,NA,NA,NA,NA,1,0,2,100,1,0,376.14,19.47
9/3/26,Rolling 3 Months,4/1/26,6/30/26,37001,City,"Marlboro, NJ",Marlboro,NJ,NA,NA,NA,NA,NA,NA,1,NA,1,NA,NA,NA,219.04,NA
9/3/26,Rolling 3 Months,4/1/26,6/30/26,24052,City,"Marlton, NJ",Marlton,NJ,28,-24.32,486250,17.88,45,19,46,43.75,55,30.95,34,25.93,277.12,9.41
9/3/26,Rolling 3 Months,4/1/26,6/30/26,37075,City,"Marmora, NJ",Marmora,NJ,6,-45.45,545000,36.59,167,18,6,-14.29,12,-33.33,7,-36.36,320.68,6.83
9/3/26,Rolling 3 Months,4/1/26,6/30/26,37086,City,"Marshallville, NJ",Marshallville,NJ,1,-50,800000,117.69,283,215,1,NA,2,-33.33,1,0,337.42,NA
9/3/26,Rolling 3 Months,4/1/26,6/30/26,33636,City,"Martinsville, NJ",Martinsville,NJ,31,-22.5,760000,-11.11,15,0,60,-4.76,77,2.67,47,2.17,365.41,3.01
9/3/26,Rolling 3 Months,4/1/26,6/30/26,11355,City,"Matawan, NJ",Matawan,NJ,15,-46.43,615000,5.13,45,27,18,-10,30,-14.29,17,-10.53,409.03,26.02
9/3/26,Rolling 3 Months,4/1/26,6/30/26,36928,City,"Mauricetown, NJ",Mauricetown,NJ,1,-66.67,370000,196,1,-37,2,-71.43,5,-37.5,4,33.33,168.99,6.72
9/3/26,Rolling 3 Months,4/1/26,6/30/26,24107,City,"Mays Landing, NJ",Mays Landing,NJ,32,33.33,242500,-17.52,51,3,41,20.59,69,18.97,29,0,206.51,7.44
9/3/26,Rolling 3 Months,4/1/26,6/30/26,11429,City,"Maywood, NJ",Maywood,NJ,16,23.08,765000,5.52,56,2,28,55.56,39,39.29,26,62.5,422.76,1.63
9/3/26,Rolling 3 Months,4/1/26,6/30/26,37055,City,"McKee City, NJ",McKee City,NJ,25,-13.79,235000,3.52,57,3,64,88.24,103,53.73,28,-6.67,212.17,-0.83
9/3/26,Rolling 3 Months,4/1/26,6/30/26,11523,City,"Medford Lakes, NJ",Medford Lakes,NJ,9,-40,605000,2.54,31,20,13,-7.14,16,-27.27,13,18.18,251.04,-3.28
9/3/26,Rolling 3 Months,4/1/26,6/30/26,11557,City,"Mendham, NJ",Mendham,NJ,23,35.29,1100000,36.65,12,-6,33,26.92,38,15.15,23,21.05,392.2,-5.69
9/3/26,Rolling 3 Months,4/1/26,6/30/26,37646,City,"Menlo Park Terrace, NJ",Menlo Park Terrace,NJ,1,-50,725000,24.46,34,12,4,-50,4,-55.56,1,-83.33,437.96,11.85
9/3/26,Rolling 3 Months,4/1/26,6/30/26,31245,City,"Mercerville, NJ",Mercerville,NJ,34,17.24,422500,-9.14,22,-18,40,-16.67,54,-12.9,38,-9.52,311.54,5.1
9/3/26,Rolling 3 Months,4/1/26,6/30/26,11606,City,"Merchantville, NJ",Merchantville,NJ,13,-38.1,300000,-16.67,19,-13,17,-10.53,21,-27.59,15,-34.78,201.09,-3.97
9/3/26,Rolling 3 Months,4/1/26,6/30/26,11649,City,"Metuchen, NJ",Metuchen,NJ,42,40,805000,12.59,50,-2,59,28.26,88,31.34,52,57.58,442.05,1.11
9/3/26,Rolling 3 Months,4/1/26,6/30/26,37148,City,"Mickleton, NJ",Mickleton,NJ,9,28.57,375000,-21.05,21,4,5,-37.5,6,-50,6,-40,231.79,1.95
9/3/26,Rolling 3 Months,4/1/26,6/30/26,33696,City,"Middlebush, NJ",Middlebush,NJ,5,0,950000,38.69,118,95,6,-33.33,10,-33.33,8,33.33,370.78,6.63
9/3/26,Rolling 3 Months,4/1/26,6/30/26,11707,City,"Middlesex, NJ",Middlesex,NJ,32,-5.88,552000,2.22,46,16,46,21.05,60,0,41,0,328.92,-0.08
9/3/26,Rolling 3 Months,4/1/26,6/30/26,11766,City,"Midland Park, NJ",Midland Park,NJ,14,75,695000,-3.27,14,-58,25,92.31,30,50,20,66.67,400.18,-2.27
9/3/26,Rolling 3 Months,4/1/26,6/30/26,11802,City,"Milford, NJ",Milford,NJ,7,-12.5,356000,14.84,40,-12,10,-9.09,18,28.57,12,20,247.48,2.56
9/3/26,Rolling 3 Months,4/1/26,6/30/26,37721,City,"Millington, NJ",Millington,NJ,16,128.57,917500,7.31,12,0,12,20,17,21.43,17,88.89,391.41,12.95
9/3/26,Rolling 3 Months,4/1/26,6/30/26,11892,City,"Millstone, NJ",Millstone,NJ,3,50,730000,-47.48,22,-304,2,-50,4,-20,2,100,302.17,-0.15
9/3/26,Rolling 3 Months,4/1/26,6/30/26,11901,City,"Milltown, NJ",Milltown,NJ,17,-19.05,560000,3.7,64,1,26,-25.71,41,-10.87,13,-60.61,363.26,-0.67
9/3/26,Rolling 3 Months,4/1/26,6/30/26,11914,City,"Millville, NJ",Millville,NJ,98,0,260500,2.66,44,15,134,8.94,224,6.16,116,0,177.51,4.83
9/3/26,Rolling 3 Months,4/1/26,6/30/26,37262,City,"Milmay, NJ",Milmay,NJ,3,0,450000,9.76,87,-63,3,-25,7,16.67,4,300,175.47,10.28
9/3/26,Rolling 3 Months,4/1/26,6/30/26,37192,City,"Mizpah, NJ",Mizpah,NJ,NA,NA,NA,NA,NA,NA,1,-50,1,-50,NA,NA,130.12,-47.73
9/3/26,Rolling 3 Months,4/1/26,6/30/26,37170,City,"Money Island, NJ",Money Island,NJ,NA,NA,NA,NA,NA,NA,1,NA,1,NA,1,NA,234.38,NA
9/3/26,Rolling 3 Months,4/1/26,6/30/26,12037,City,"Monmouth Beach, NJ",Monmouth Beach,NJ,19,26.67,1378695,-8.09,39,16,28,-3.45,42,2.44,27,22.73,615.05,13.08
9/3/26,Rolling 3 Months,4/1/26,6/30/26,24265,City,"Monmouth Junction, NJ",Monmouth Junction,NJ,21,16.67,649900,15.54,59,12,22,-37.14,45,-6.25,21,0,350.41,6.93
9/3/26,Rolling 3 Months,4/1/26,6/30/26,37664,City,"Monroe Manor, NJ",Monroe Manor,NJ,3,-40,845000,108.64,47,-37,3,-70,8,-50,2,-71.43,403.6,-0.27
9/3/26,Rolling 3 Months,4/1/26,6/30/26,35939,City,"Montclair, NJ",Montclair,NJ,119,-2.46,1353000,3.97,15,-37,187,10.65,243,0.41,155,-3.13,480.91,8.4
9/3/26,Rolling 3 Months,4/1/26,6/30/26,12165,City,"Montvale, NJ",Montvale,NJ,16,-15.79,1262500,50.3,72,19,30,0,47,6.82,31,63.16,416.46,2.27
9/3/26,Rolling 3 Months,4/1/26,6/30/26,35825,City,"Montville, NJ",Montville,NJ,56,-1.75,912500,10.05,17,-6,116,27.47,142,14.52,89,30.88,359.16,-3.16
9/3/26,Rolling 3 Months,4/1/26,6/30/26,12189,City,"Moonachie, NJ",Moonachie,NJ,2,-33.33,767500,101.97,60,-9,4,-20,6,-40,4,33.33,350.94,-4.22
9/3/26,Rolling 3 Months,4/1/26,6/30/26,24316,City,"Moorestown-Lenola, NJ",Moorestown-Lenola,NJ,38,2.7,699000,16.5,33,4,60,30.43,86,17.81,47,9.3,276.28,-9.86
9/3/26,Rolling 3 Months,4/1/26,6/30/26,24325,City,"Morganville, NJ",Morganville,NJ,12,0,655000,34.36,26,-17,23,27.78,34,17.24,19,11.76,389.33,4.34
9/3/26,Rolling 3 Months,4/1/26,6/30/26,12321,City,"Morris Plains, NJ",Morris Plains,NJ,25,-13.79,732500,1.03,13,-7,33,-5.71,44,-13.73,32,-11.11,450.2,14.22
9/3/26,Rolling 3 Months,4/1/26,6/30/26,12345,City,"Morristown, NJ",Morristown,NJ,33,-25,800000,9.66,19,1,67,21.82,89,32.84,46,2.22,470.91,15.49
9/3/26,Rolling 3 Months,4/1/26,6/30/26,12461,City,"Mount Arlington, NJ",Mount Arlington,NJ,34,54.55,516000,7.5,24,5,49,36.11,60,36.36,38,46.15,295.78,-4.07
9/3/26,Rolling 3 Months,4/1/26,6/30/26,12481,City,"Mount Ephraim, NJ",Mount Ephraim,NJ,10,-28.57,365000,11.62,11,-13,18,0,26,-10.34,18,-18.18,267.88,20.71
9/3/26,Rolling 3 Months,4/1/26,6/30/26,33829,City,"Mount Hermon, NJ",Mount Hermon,NJ,1,0,418000,77.87,29,-118,NA,NA,1,0,1,NA,NA,NA
9/3/26,Rolling 3 Months,4/1/26,6/30/26,37672,City,"Mount Hope, NJ",Mount Hope,NJ,25,47.06,345000,-14.81,37,4,26,-7.14,50,21.95,26,13.04,305.9,-2.64
9/3/26,Rolling 3 Months,4/1/26,6/30/26,37202,City,"Mount Royal, NJ",Mount Royal,NJ,3,-50,597000,86.27,14,-4,6,20,6,-33.33,5,-28.57,226.44,-16.83
9/3/26,Rolling 3 Months,4/1/26,6/30/26,37562,City,"Mount Tabor, NJ",Mount Tabor,NJ,4,33.33,595000,7.79,19,-8,3,-57.14,5,-37.5,4,-42.86,408.39,0.64
9/3/26,Rolling 3 Months,4/1/26,6/30/26,33808,City,"Mountain Lake, NJ",Mountain Lake,NJ,1,-50,124000,-61.4,132,32,5,400,6,100,2,0,239.43,-12.74
9/3/26,Rolling 3 Months,4/1/26,6/30/26,12394,City,"Mountain Lakes, NJ",Mountain Lakes,NJ,12,0,1425000,15.15,18,-3,31,24,38,31.03,23,15,444.88,6.82
9/3/26,Rolling 3 Months,4/1/26,6/30/26,12406,City,"Mountainside, NJ",Mountainside,NJ,16,-30.43,1042500,-10.47,15,-1,31,47.62,42,55.56,21,5,454.15,5.95
9/3/26,Rolling 3 Months,4/1/26,6/30/26,24443,City,"Mullica Hill, NJ",Mullica Hill,NJ,23,-20.69,552500,16.32,54,27,17,-48.48,29,-57.35,20,0,217.08,-10.5
9/3/26,Rolling 3 Months,4/1/26,6/30/26,24450,City,"Mystic Island, NJ",Mystic Island,NJ,59,-9.23,437500,9.38,29,-9,87,-10.31,130,-12.75,78,13.04,351.19,20.96
9/3/26,Rolling 3 Months,4/1/26,6/30/26,12744,City,"National Park, NJ",National Park,NJ,10,-16.67,305000,-2.71,11,-10,14,7.69,23,9.52,14,16.67,252.45,17.45
9/3/26,Rolling 3 Months,4/1/26,6/30/26,24462,City,"Navesink, NJ",Navesink,NJ,7,40,987000,76.25,22,-9,14,40,14,27.27,9,80,423.49,18.42
9/3/26,Rolling 3 Months,4/1/26,6/30/26,12812,City,"Neptune City, NJ",Neptune City,NJ,16,45.45,650000,11.11,21,5,30,7.14,36,-7.69,29,3.57,520.99,1.26
9/3/26,Rolling 3 Months,4/1/26,6/30/26,36960,City,"Nesco, NJ",Nesco,NJ,1,NA,599900,NA,80,NA,2,NA,2,NA,2,NA,234.46,NA
9/3/26,Rolling 3 Months,4/1/26,6/30/26,37622,City,"Neshanic Station, NJ",Neshanic Station,NJ,6,-25,728750,-14.32,38,22,17,112.5,24,100,12,33.33,323.08,-4.45
9/3/26,Rolling 3 Months,4/1/26,6/30/26,37689,City,"Neshanic, NJ",Neshanic,NJ,NA,NA,NA,NA,NA,NA,2,-50,2,-50,1,-50,507.74,49.93
9/3/26,Rolling 3 Months,4/1/26,6/30/26,12874,City,"Netcong, NJ",Netcong,NJ,2,-84.62,481250,5.31,32,16,12,0,13,-31.58,6,-45.45,330.51,10.78
9/3/26,Rolling 3 Months,4/1/26,6/30/26,13201,City,"New Brunswick, NJ",New Brunswick,NJ,45,18.42,400000,-8.57,83,-17,67,-26.37,146,0.69,58,-6.45,315.26,-2.7
9/3/26,Rolling 3 Months,4/1/26,6/30/26,24568,City,"New Egypt, NJ",New Egypt,NJ,14,-33.33,542500,-0.46,46,-6,20,-13.04,32,-28.89,16,-33.33,277.95,1.97
9/3/26,Rolling 3 Months,4/1/26,6/30/26,13318,City,"New Milford, NJ",New Milford,NJ,54,-10,580000,0.43,57,-5,96,5.49,147,2.8,90,4.65,330.3,-2.78
9/3/26,Rolling 3 Months,4/1/26,6/30/26,13364,City,"New Providence, NJ",New Providence,NJ,50,31.58,1225000,46.71,11,-3,58,20.83,70,14.75,49,16.67,484.42,5.82
9/3/26,Rolling 3 Months,4/1/26,6/30/26,37574,City,"New Vernon, NJ",New Vernon,NJ,3,-25,1425000,23.97,15,-67,2,-33.33,6,20,4,33.33,583.95,44.91
9/3/26,Rolling 3 Months,4/1/26,6/30/26,34006,City,"New Village, NJ",New Village,NJ,NA,NA,NA,NA,NA,NA,5,400,5,150,2,100,288.21,-3.14
9/3/26,Rolling 3 Months,4/1/26,6/30/26,13136,City,"Newark, NJ",Newark,NJ,283,-6.29,610000,-0.41,61,-9,472,9.51,959,15.13,403,11.63,219.86,-2.3
9/3/26,Rolling 3 Months,4/1/26,6/30/26,13247,City,"Newfield, NJ",Newfield,NJ,8,100,332450,-9.04,103,53,16,166.67,23,109.09,10,100,261.43,39.88
9/3/26,Rolling 3 Months,4/1/26,6/30/26,37578,City,"Newfoundland, NJ",Newfoundland,NJ,1,0,400000,-20,11,-77,6,100,8,14.29,7,133.33,305.22,-2.13
9/3/26,Rolling 3 Months,4/1/26,6/30/26,38282,City,"Newport, NJ",Newport,NJ,NA,NA,NA,NA,NA,NA,2,-33.33,3,-66.67,1,-75,187.54,-12.53
9/3/26,Rolling 3 Months,4/1/26,6/30/26,13396,City,"Newton, NJ",Newton,NJ,24,-11.11,435000,14.47,20,0,43,16.22,54,-1.82,34,9.68,258.76,2
9/3/26,Rolling 3 Months,4/1/26,6/30/26,37358,City,"Newtonville, NJ",Newtonville,NJ,NA,NA,NA,NA,NA,NA,2,-50,4,-20,NA,NA,207.72,9.43
9/3/26,Rolling 3 Months,4/1/26,6/30/26,13485,City,"North Arlington, NJ",North Arlington,NJ,23,-14.81,680000,7.09,58,0,48,41.18,77,37.5,37,5.71,423.1,7.11
9/3/26,Rolling 3 Months,4/1/26,6/30/26,24650,City,"North Beach Haven, NJ",North Beach Haven,NJ,33,-29.79,1990000,-0.25,54,11,54,28.57,98,15.29,40,21.21,1180.14,22.36
9/3/26,Rolling 3 Months,4/1/26,6/30/26,35940,City,"North Bergen, NJ",North Bergen,NJ,103,-13.45,615000,-0.81,63,-6,233,-10.38,420,-13.04,136,-21.39,429.89,1.52
9/3/26,Rolling 3 Months,4/1/26,6/30/26,13559,City,"North Caldwell, NJ",North Caldwell,NJ,20,-23.08,925000,-16.25,15,-41,25,-7.41,42,2.44,25,-3.85,405.84,-1.86
9/3/26,Rolling 3 Months,4/1/26,6/30/26,24662,City,"North Cape May, NJ",North Cape May,NJ,33,153.85,519900,-5.47,16,-22,34,36,42,-12.5,28,55.56,516.5,15.09
9/3/26,Rolling 3 Months,4/1/26,6/30/26,13665,City,"North Haledon, NJ",North Haledon,NJ,16,-5.88,745000,-4.43,26,-23,27,-27.03,40,-25.93,26,4,378.01,7.5
9/3/26,Rolling 3 Months,4/1/26,6/30/26,24695,City,"North Middletown, NJ",North Middletown,NJ,10,42.86,468000,4,17,3,18,50,25,56.25,18,200,372.3,9.68
9/3/26,Rolling 3 Months,4/1/26,6/30/26,13740,City,"North Plainfield, NJ",North Plainfield,NJ,39,14.71,490000,-1.51,47,25,58,11.54,91,33.82,47,23.68,338.86,6.27
9/3/26,Rolling 3 Months,4/1/26,6/30/26,13815,City,"North Wildwood, NJ",North Wildwood,NJ,53,-33.75,745000,49.01,86,47,64,-30.43,149,-19.02,58,-28.4,621.67,-4.94
9/3/26,Rolling 3 Months,4/1/26,6/30/26,13632,City,"Northfield, NJ",Northfield,NJ,34,112.5,413750,-1.72,83,25,31,6.9,68,51.11,31,47.62,285.35,18.29
9/3/26,Rolling 3 Months,4/1/26,6/30/26,13790,City,"Northvale, NJ",Northvale,NJ,9,-35.71,700000,-13.79,59,-21,14,40,21,-25,12,0,421.35,3.14
9/3/26,Rolling 3 Months,4/1/26,6/30/26,13856,City,"Norwood, NJ",Norwood,NJ,19,46.15,1170000,30,73,6,28,47.37,43,16.22,27,17.39,452.47,1.37
9/3/26,Rolling 3 Months,4/1/26,6/30/26,35824,City,"Nutley, NJ",Nutley,NJ,60,3.45,698400,6.63,23,-38,114,0.88,158,-0.63,86,-8.51,408.27,5.68
9/3/26,Rolling 3 Months,4/1/26,6/30/26,37804,City,"Oak Ridge, NJ",Oak Ridge,NJ,30,11.11,583500,22.84,20,-23,67,86.11,83,53.7,48,60,277.46,-7.3
9/3/26,Rolling 3 Months,4/1/26,6/30/26,24779,City,"Oak Valley, NJ",Oak Valley,NJ,23,43.75,355000,4.58,32,15,15,-34.78,24,-11.11,18,-18.18,207.04,-5.01
9/3/26,Rolling 3 Months,4/1/26,6/30/26,24752,City,"Oakhurst, NJ",Oakhurst,NJ,20,17.65,1200000,26.32,44,18,25,-26.47,37,-38.33,14,-12.5,612.05,20.78
9/3/26,Rolling 3 Months,4/1/26,6/30/26,13917,City,"Oakland, NJ",Oakland,NJ,22,10,699500,-13.11,45,-19,46,12.2,71,22.41,40,-6.98,379.82,6.67
9/3/26,Rolling 3 Months,4/1/26,6/30/26,13929,City,"Oaklyn, NJ",Oaklyn,NJ,9,-35.71,480000,17.22,30,10,22,22.22,29,16,17,13.33,254.53,9.12
9/3/26,Rolling 3 Months,4/1/26,6/30/26,24799,City,"Ocean Acres, NJ",Ocean Acres,NJ,57,-44.66,556000,2.02,21,-3,108,-14.29,139,-22.78,81,-22.86,289.16,5.2
9/3/26,Rolling 3 Months,4/1/26,6/30/26,14076,City,"Ocean City, NJ",Ocean City,NJ,195,-7.14,1050000,0,78,0,230,1.32,526,3.34,193,9.66,861.72,7.75
9/3/26,Rolling 3 Months,4/1/26,6/30/26,14095,City,"Ocean Gate, NJ",Ocean Gate,NJ,9,-35.71,400000,2.56,23,-23,13,18.18,24,20,14,-12.5,373.82,25.6
9/3/26,Rolling 3 Months,4/1/26,6/30/26,24813,City,"Ocean Grove, NJ",Ocean Grove,NJ,24,14.29,842000,18.59,19,-3,35,25,51,27.5,37,85,636.84,2.6
9/3/26,Rolling 3 Months,4/1/26,6/30/26,38285,City,"Ocean View, NJ",Ocean View,NJ,9,-18.18,40000,-38.46,131,85,8,0,19,5.56,11,0,198.73,22.3
9/3/26,Rolling 3 Months,4/1/26,6/30/26,14120,City,"Oceanport, NJ",Oceanport,NJ,18,-14.29,1075000,27.98,20,-4,21,10.53,30,7.14,16,-5.88,487.42,3.48
9/3/26,Rolling 3 Months,4/1/26,6/30/26,37277,City,"Oceanville, NJ",Oceanville,NJ,1,-50,360000,-22.71,69,16,5,150,7,40,2,0,265.14,-4.17
9/3/26,Rolling 3 Months,4/1/26,6/30/26,14146,City,"Ogdensburg, NJ",Ogdensburg,NJ,8,-20,475000,-3.06,18,-2,12,-25,13,-27.78,10,-28.57,236,-12.62
9/3/26,Rolling 3 Months,4/1/26,6/30/26,24831,City,"Old Bridge, NJ",Old Bridge,NJ,59,22.92,645000,2.95,56,4,80,-12.09,120,-2.44,78,8.33,371.79,2.4
9/3/26,Rolling 3 Months,4/1/26,6/30/26,14195,City,"Old Tappan, NJ",Old Tappan,NJ,17,21.43,1395000,36.1,67,-13,27,50,45,12.5,20,42.86,466.17,4.09
9/3/26,Rolling 3 Months,4/1/26,6/30/26,37731,City,"Oldwick, NJ",Oldwick,NJ,1,NA,907800,NA,22,NA,4,100,5,150,3,200,308.82,14.04
9/3/26,Rolling 3 Months,4/1/26,6/30/26,24844,City,"Olivet, NJ",Olivet,NJ,3,-40,319900,-20.03,15,-1,5,66.67,6,-14.29,3,-25,210.55,9.6
9/3/26,Rolling 3 Months,4/1/26,6/30/26,14231,City,"Oradell, NJ",Oradell,NJ,18,0,1005000,-2.85,59,-4,33,3.13,46,6.98,25,-3.85,449.55,0.94
9/3/26,Rolling 3 Months,4/1/26,6/30/26,36939,City,"Othello, NJ",Othello,NJ,NA,NA,NA,NA,NA,NA,NA,NA,1,0,NA,NA,NA,NA
9/3/26,Rolling 3 Months,4/1/26,6/30/26,24875,City,"Oxford, NJ",Oxford,NJ,9,125,199000,-36.83,86,66,6,-33.33,12,9.09,5,0,251.59,12.62
9/3/26,Rolling 3 Months,4/1/26,6/30/26,37727,City,"Packanack Lake, NJ",Packanack Lake,NJ,15,7.14,800000,11.78,16,-69,20,0,26,-7.14,18,20,395.33,-0.19
9/3/26,Rolling 3 Months,4/1/26,6/30/26,37227,City,"Palermo, NJ",Palermo,NJ,11,-8.33,475885,-6.69,77,18,10,0,27,42.11,8,0,268.19,-1.29
9/3/26,Rolling 3 Months,4/1/26,6/30/26,14436,City,"Palisades Park, NJ",Palisades Park,NJ,36,24.14,1070000,28.92,74,-12,45,-13.46,94,9.3,38,-2.56,482.76,1.78
9/3/26,Rolling 3 Months,4/1/26,6/30/26,14448,City,"Palmyra, NJ",Palmyra,NJ,34,13.33,255000,-22.49,29,7,41,0,63,14.55,42,31.25,214.68,-3.24
9/3/26,Rolling 3 Months,4/1/26,6/30/26,31279,City,"Panther Valley, NJ",Panther Valley,NJ,30,11.11,552500,36.42,23,-1,39,25.81,48,4.35,32,3.23,308.57,8.51
9/3/26,Rolling 3 Months,4/1/26,6/30/26,14484,City,"Paramus, NJ",Paramus,NJ,49,-14.04,1357500,21.21,76,20,90,8.43,143,8.33,66,4.76,497.18,4.43
9/3/26,Rolling 3 Months,4/1/26,6/30/26,14533,City,"Park Ridge, NJ",Park Ridge,NJ,19,35.71,1052000,3.65,70,-25,23,0,39,-2.5,22,10,393,9.73
9/3/26,Rolling 3 Months,4/1/26,6/30/26,37598,City,"Parsippany, NJ",Parsippany,NJ,27,0,675000,-6.25,20,-9,37,-5.13,51,-7.27,29,0,348.48,3.94
9/3/26,Rolling 3 Months,4/1/26,6/30/26,14646,City,"Passaic, NJ",Passaic,NJ,30,-16.67,583500,0.17,69,-4,62,16.98,110,5.77,48,0,332.71,13.41
9/3/26,Rolling 3 Months,4/1/26,6/30/26,14759,City,"Paterson, NJ",Paterson,NJ,117,-32.76,620000,14.81,64,17,261,4.4,492,13.1,193,15.57,299.16,2.71
9/3/26,Rolling 3 Months,4/1/26,6/30/26,14807,City,"Paulsboro, NJ",Paulsboro,NJ,33,73.68,260000,0,47,5,34,47.83,61,52.5,35,118.75,190.81,7.63
9/3/26,Rolling 3 Months,4/1/26,6/30/26,14857,City,"Peapack & Gladstone, NJ",Peapack & Gladstone,NJ,1,-83.33,710000,-58.62,14,-15,13,-18.75,14,-39.13,5,-54.55,419.4,17.1
9/3/26,Rolling 3 Months,4/1/26,6/30/26,34260,City,"Pedricktown, NJ",Pedricktown,NJ,NA,NA,NA,NA,NA,NA,2,100,6,100,2,-33.33,187.01,-36.35
9/3/26,Rolling 3 Months,4/1/26,6/30/26,25023,City,"Pemberton Heights, NJ",Pemberton Heights,NJ,6,-33.33,387000,13.82,40,16,9,-18.18,13,-27.78,9,-30.77,223.57,-2.52
9/3/26,Rolling 3 Months,4/1/26,6/30/26,14896,City,"Pemberton, NJ",Pemberton,NJ,5,-28.57,330000,69.23,70,45,6,-53.85,13,-31.58,12,20,237.55,4.91
9/3/26,Rolling 3 Months,4/1/26,6/30/26,14930,City,"Pennington, NJ",Pennington,NJ,9,-10,769000,0.65,36,6,22,22.22,29,3.57,18,5.88,367.95,6.2
9/3/26,Rolling 3 Months,4/1/26,6/30/26,14978,City,"Penns Grove, NJ",Penns Grove,NJ,10,-41.18,250000,42.86,66,-19,22,4.76,39,-11.36,15,-34.78,164.46,6.05
9/3/26,Rolling 3 Months,4/1/26,6/30/26,25032,City,"Pennsauken, NJ",Pennsauken,NJ,82,-11.83,335000,5.53,39,20,109,4.81,170,12.58,92,0,217.39,2.06
9/3/26,Rolling 3 Months,4/1/26,6/30/26,25038,City,"Pennsville, NJ",Pennsville,NJ,65,32.65,270000,3.45,40,-1,63,-5.97,118,14.56,67,9.84,203.21,3.02
9/3/26,Rolling 3 Months,4/1/26,6/30/26,15081,City,"Perth Amboy, NJ",Perth Amboy,NJ,43,-12.24,445000,-3.24,88,0,73,23.73,132,17.86,57,9.62,322.84,8.34
9/3/26,Rolling 3 Months,4/1/26,6/30/26,15108,City,"Phillipsburg, NJ",Phillipsburg,NJ,39,-26.42,280000,-6.67,26,4,70,34.62,113,21.51,49,-15.52,215.08,11.84
9/3/26,Rolling 3 Months,4/1/26,6/30/26,15170,City,"Pine Beach, NJ",Pine Beach,NJ,3,-40,564999,25.56,17,-1,11,-15.38,15,-11.76,11,-8.33,351.25,12.95
9/3/26,Rolling 3 Months,4/1/26,6/30/26,37588,City,"Pine Brook, NJ",Pine Brook,NJ,18,200,978500,25.32,17,-1,16,60,20,53.85,16,33.33,376.83,-2.15
9/3/26,Rolling 3 Months,4/1/26,6/30/26,15215,City,"Pine Hill, NJ",Pine Hill,NJ,40,33.33,271000,-9.52,27,7,42,10.53,66,22.22,37,8.82,240.27,16.99
9/3/26,Rolling 3 Months,4/1/26,6/30/26,31285,City,"Pine Lake Park, NJ",Pine Lake Park,NJ,33,3.13,550000,-10.13,20,5,61,7.02,96,23.08,48,14.29,347.91,-5.56
9/3/26,Rolling 3 Months,4/1/26,6/30/26,25103,City,"Pine Ridge at Crestwood, NJ",Pine Ridge at Crestwood,NJ,31,19.23,205000,-19.61,58,6,32,-3.03,58,-17.14,31,-11.43,172.95,-11.94
9/3/26,Rolling 3 Months,4/1/26,6/30/26,37632,City,"Pines Lake, NJ",Pines Lake,NJ,6,50,747500,-36.79,15,-53,11,10,13,-7.14,8,60,318.58,-14.5
9/3/26,Rolling 3 Months,4/1/26,6/30/26,15295,City,"Pitman, NJ",Pitman,NJ,21,-53.33,350000,7.69,23,1,34,-12.82,46,-19.3,31,-20.51,243.7,8.57
9/3/26,Rolling 3 Months,4/1/26,6/30/26,15325,City,"Plainfield, NJ",Plainfield,NJ,69,-17.86,530000,0.47,41,12,96,-19.33,162,-12.43,69,-33.01,337.3,-0.25
9/3/26,Rolling 3 Months,4/1/26,6/30/26,25136,City,"Plainsboro Center, NJ",Plainsboro Center,NJ,5,400,695000,6.92,54,-6,8,-11.11,13,30,6,20,353.41,7.75
9/3/26,Rolling 3 Months,4/1/26,6/30/26,34384,City,"Pleasant Plains, NJ",Pleasant Plains,NJ,2,100,897500,-25.83,51,-102,2,100,4,300,2,100,339.98,27.29
9/3/26,Rolling 3 Months,4/1/26,6/30/26,37183,City,"Pleasantdale, NJ",Pleasantdale,NJ,9,80,708000,8.09,19,-45,9,125,17,70,7,133.33,352.74,-1.48
9/3/26,Rolling 3 Months,4/1/26,6/30/26,15433,City,"Pleasantville, NJ",Pleasantville,NJ,46,4.55,245000,8.89,70,3,57,46.15,110,10,51,18.6,216.22,29.31
9/3/26,Rolling 3 Months,4/1/26,6/30/26,37751,City,"Pluckemin, NJ",Pluckemin,NJ,2,0,732500,13.57,32,22,3,50,3,50,1,NA,366.93,15.29
9/3/26,Rolling 3 Months,4/1/26,6/30/26,15482,City,"Point Pleasant Beach, NJ",Point Pleasant Beach,NJ,27,28.57,1120000,3.66,23,4,26,-18.75,43,-17.31,25,0,839.36,7.89
9/3/26,Rolling 3 Months,4/1/26,6/30/26,15477,City,"Point Pleasant, NJ",Point Pleasant,NJ,62,12.73,835000,12.53,15,1,86,28.36,116,20.83,67,13.56,502.46,6.92
9/3/26,Rolling 3 Months,4/1/26,6/30/26,25180,City,"Pomona, NJ",Pomona,NJ,13,116.67,360000,-0.07,64,-13,18,38.46,30,36.36,16,14.29,251.57,13.8
9/3/26,Rolling 3 Months,4/1/26,6/30/26,15521,City,"Pompton Lakes, NJ",Pompton Lakes,NJ,34,17.24,490000,-6.67,20,-33,52,10.64,70,7.69,40,0,347.54,0.69
9/3/26,Rolling 3 Months,4/1/26,6/30/26,37758,City,"Pompton Plains, NJ",Pompton Plains,NJ,26,62.5,592500,30.79,17,-38,19,-13.64,32,-15.79,26,8.33,371.04,-5.08
9/3/26,Rolling 3 Months,4/1/26,6/30/26,34417,City,"Port Colden, NJ",Port Colden,NJ,NA,NA,NA,NA,NA,NA,NA,NA,1,NA,NA,NA,NA,NA
9/3/26,Rolling 3 Months,4/1/26,6/30/26,36945,City,"Port Elizabeth, NJ",Port Elizabeth,NJ,3,NA,80000,NA,66,NA,1,0,3,50,3,200,127.18,49.14
9/3/26,Rolling 3 Months,4/1/26,6/30/26,25205,City,"Port Monmouth, NJ",Port Monmouth,NJ,8,0,595000,-2.46,25,2,12,-29.41,17,-10.53,11,0,325.31,-9.14
9/3/26,Rolling 3 Months,4/1/26,6/30/26,34436,City,"Port Murray, NJ",Port Murray,NJ,NA,NA,NA,NA,NA,NA,NA,NA,2,100,NA,NA,NA,NA
9/3/26,Rolling 3 Months,4/1/26,6/30/26,25219,City,"Port Norris, NJ",Port Norris,NJ,8,-33.33,175000,-3.31,36,-61,10,-16.67,13,-43.48,8,-27.27,101.85,-24.11
9/3/26,Rolling 3 Months,4/1/26,6/30/26,25225,City,"Port Reading, NJ",Port Reading,NJ,10,-9.09,572500,2.23,59,-26,9,-25,18,-30.77,9,-25,355.5,-10.88
9/3/26,Rolling 3 Months,4/1/26,6/30/26,15626,City,"Port Republic, NJ",Port Republic,NJ,2,100,487500,54.27,114,105,8,100,12,200,1,-50,232.77,-0.77
9/3/26,Rolling 3 Months,4/1/26,6/30/26,37739,City,"Pottersville, NJ",Pottersville,NJ,NA,NA,NA,NA,NA,NA,3,200,3,200,1,NA,417.42,55
9/3/26,Rolling 3 Months,4/1/26,6/30/26,37763,City,"Preakness, NJ",Preakness,NJ,52,44.44,826000,17.58,22,-32,57,11.76,77,-1.28,48,6.67,362.34,2.67
9/3/26,Rolling 3 Months,4/1/26,6/30/26,25238,City,"Presidential Lakes Estates, NJ",Presidential Lakes Estates,NJ,7,-41.67,390000,10.17,11,-21,15,50,20,11.11,13,0,205.51,-12.58
9/3/26,Rolling 3 Months,4/1/26,6/30/26,25249,City,"Princeton Junction, NJ",Princeton Junction,NJ,6,-50,959944,18.08,19,-42,10,-44.44,14,-60,6,-64.71,407.93,-13.64
9/3/26,Rolling 3 Months,4/1/26,6/30/26,25251,City,"Princeton Meadows, NJ",Princeton Meadows,NJ,23,-53.06,557000,-19.28,78,15,44,-6.38,64,-17.95,29,-32.56,411.29,6.11
9/3/26,Rolling 3 Months,4/1/26,6/30/26,15686,City,"Princeton, NJ",Princeton,NJ,80,-13.04,1402500,-1.75,46,4,116,-4.13,174,-6.45,94,-7.84,543.19,-0.63
9/3/26,Rolling 3 Months,4/1/26,6/30/26,15750,City,"Prospect Park, NJ",Prospect Park,NJ,14,-22.22,602500,16.99,50,-3,17,-32,32,-15.79,21,-19.23,264.5,-9.74
9/3/26,Rolling 3 Months,4/1/26,6/30/26,34480,City,"Quinton, NJ",Quinton,NJ,2,100,316500,386.92,139,122,NA,NA,3,-25,3,50,NA,NA
9/3/26,Rolling 3 Months,4/1/26,6/30/26,15819,City,"Rahway, NJ",Rahway,NJ,60,3.45,555000,7.77,34,14,94,-11.32,157,10.56,85,25,380.33,5.88
9/3/26,Rolling 3 Months,4/1/26,6/30/26,37797,City,"Rainbow Lakes, NJ",Rainbow Lakes,NJ,4,33.33,777500,14.34,14,5,4,-33.33,5,-16.67,5,0,549.92,19.58
9/3/26,Rolling 3 Months,4/1/26,6/30/26,25299,City,"Ramblewood, NJ",Ramblewood,NJ,7,-63.16,475000,-6.86,19,-3,26,73.33,29,20.83,18,5.88,255.99,1.14
9/3/26,Rolling 3 Months,4/1/26,6/30/26,15862,City,"Ramsey, NJ",Ramsey,NJ,30,-28.57,835012,10.67,57,-10,41,-2.38,64,-14.67,44,10,430.42,2.79
9/3/26,Rolling 3 Months,4/1/26,6/30/26,25310,City,"Ramtown, NJ",Ramtown,NJ,20,-28.57,642500,8.99,23,5,41,2.5,57,11.76,34,9.68,350.28,6.28
9/3/26,Rolling 3 Months,4/1/26,6/30/26,15927,City,"Raritan, NJ",Raritan,NJ,8,-46.67,522500,-5,40,26,17,13.33,20,0,10,-16.67,319.99,-11.49
9/3/26,Rolling 3 Months,4/1/26,6/30/26,16034,City,"Red Bank, NJ",Red Bank,NJ,37,-50.67,800000,14.29,20,-1,84,-18.45,108,-23.94,66,-25.84,418.17,14.81
9/3/26,Rolling 3 Months,4/1/26,6/30/26,37825,City,"Regency at Monroe, NJ",Regency at Monroe,NJ,8,-33.33,790000,4.29,76,15,12,-20,17,-22.73,6,-53.85,364,12.1
9/3/26,Rolling 3 Months,4/1/26,6/30/26,37613,City,"Renaissance at Monroe, NJ",Renaissance at Monroe,NJ,3,-25,660000,11.86,93,28,1,-80,6,-14.29,4,-20,345.51,2.11
9/3/26,Rolling 3 Months,4/1/26,6/30/26,38295,City,"Richland, NJ",Richland,NJ,2,100,425000,66.67,66,65,1,-50,3,50,2,NA,215.96,38.25
9/3/26,Rolling 3 Months,4/1/26,6/30/26,34545,City,"Richwood, NJ",Richwood,NJ,6,-33.33,851000,21.57,48,25,13,-13.33,21,10.53,13,8.33,221.17,3.68
9/3/26,Rolling 3 Months,4/1/26,6/30/26,16148,City,"Ridgefield Park, NJ",Ridgefield Park,NJ,16,0,617500,-6.44,84,18,41,10.81,75,44.23,37,12.12,410.48,12.57
9/3/26,Rolling 3 Months,4/1/26,6/30/26,16142,City,"Ridgefield, NJ",Ridgefield,NJ,39,25.81,1025000,15.17,38,-27,58,-9.38,82,-9.89,47,-4.08,400.1,2.64
9/3/26,Rolling 3 Months,4/1/26,6/30/26,16161,City,"Ridgewood, NJ",Ridgewood,NJ,62,-17.33,1775000,43.72,53,-10,102,8.51,144,0.7,94,14.63,558.91,9.24
9/3/26,Rolling 3 Months,4/1/26,6/30/26,37132,City,"Ringoes, NJ",Ringoes,NJ,1,NA,420000,NA,14,NA,5,66.67,7,133.33,4,33.33,401.32,32.67
9/3/26,Rolling 3 Months,4/1/26,6/30/26,16205,City,"Ringwood, NJ",Ringwood,NJ,18,5.88,625000,-10.59,15,-44,36,-10,45,-26.23,33,0,273.46,1.05
9/3/26,Rolling 3 Months,4/1/26,6/30/26,25412,City,"Rio Grande, NJ",Rio Grande,NJ,19,137.5,454990,25.17,107,58,25,78.57,44,109.52,22,83.33,224.79,-11.14
9/3/26,Rolling 3 Months,4/1/26,6/30/26,16248,City,"River Edge, NJ",River Edge,NJ,19,18.75,790000,-8.83,86,20,26,-27.78,49,2.08,25,-10.71,484.25,2.34
9/3/26,Rolling 3 Months,4/1/26,6/30/26,16238,City,"Riverdale, NJ",Riverdale,NJ,12,-52,422500,-8.35,26,4,29,-30.95,36,-28,21,-43.24,375.48,0.36
9/3/26,Rolling 3 Months,4/1/26,6/30/26,16313,City,"Riverton, NJ",Riverton,NJ,8,-33.33,620000,48.5,27,9,16,23.08,17,-5.56,13,44.44,289.75,35
9/3/26,Rolling 3 Months,4/1/26,6/30/26,37115,City,"Roadstown, NJ",Roadstown,NJ,NA,NA,NA,NA,NA,NA,1,0,2,100,1,NA,125.95,8.49
9/3/26,Rolling 3 Months,4/1/26,6/30/26,37713,City,"Robbinsville Center, NJ",Robbinsville Center,NJ,15,-11.76,375000,-42.75,42,-7,25,4.17,39,2.63,20,11.11,313.53,5.29
9/3/26,Rolling 3 Months,4/1/26,6/30/26,34589,City,"Robbinsville, NJ",Robbinsville,NJ,15,-11.76,375000,-42.75,42,-7,25,4.17,39,2.63,20,11.11,313.53,5.29
9/3/26,Rolling 3 Months,4/1/26,6/30/26,34591,City,"Robertsville, NJ",Robertsville,NJ,19,0,752000,-9.94,11,-19,33,-15.38,39,-23.53,27,-20.59,359.4,7.12
9/3/26,Rolling 3 Months,4/1/26,6/30/26,16420,City,"Rockaway, NJ",Rockaway,NJ,13,-18.75,555000,6.22,17,0,17,13.33,26,23.81,18,20,347,-3.49
9/3/26,Rolling 3 Months,4/1/26,6/30/26,16458,City,"Rockleigh, NJ",Rockleigh,NJ,1,NA,2830000,NA,66,NA,2,NA,10,NA,3,NA,463.33,NA
9/3/26,Rolling 3 Months,4/1/26,6/30/26,16498,City,"Rocky Hill, NJ",Rocky Hill,NJ,3,50,775000,-15.65,13,-40,4,33.33,6,50,5,66.67,324.96,6.12
9/3/26,Rolling 3 Months,4/1/26,6/30/26,31296,City,"Roebling, NJ",Roebling,NJ,13,0,320000,16.36,20,-23,17,54.55,26,44.44,16,33.33,225.78,-3.67
9/3/26,Rolling 3 Months,4/1/26,6/30/26,16515,City,"Roosevelt, NJ",Roosevelt,NJ,NA,NA,NA,NA,NA,NA,4,300,5,25,3,NA,285.64,14.6
9/3/26,Rolling 3 Months,4/1/26,6/30/26,16563,City,"Roseland, NJ",Roseland,NJ,18,50,852500,19.65,29,-27,26,62.5,38,40.74,22,69.23,384.02,-0.17
9/3/26,Rolling 3 Months,4/1/26,6/30/26,16576,City,"Roselle Park, NJ",Roselle Park,NJ,22,-18.52,575000,2.13,26,9,34,-27.66,43,-23.21,29,-17.14,352.81,2.21
9/3/26,Rolling 3 Months,4/1/26,6/30/26,16572,City,"Roselle, NJ",Roselle,NJ,39,-11.36,535000,9.18,38,9,60,7.14,91,-4.21,44,-8.33,344.7,-5.08
9/3/26,Rolling 3 Months,4/1/26,6/30/26,25529,City,"Rosenhayn, NJ",Rosenhayn,NJ,1,0,400000,63.27,81,-24,1,-75,5,-44.44,3,50,251.44,8.58
9/3/26,Rolling 3 Months,4/1/26,6/30/26,25536,City,"Rossmoor, NJ",Rossmoor,NJ,34,-8.11,256000,-6.91,108,36,43,-15.69,85,-13.27,40,-9.09,239.73,4.57
9/3/26,Rolling 3 Months,4/1/26,6/30/26,16703,City,"Rumson, NJ",Rumson,NJ,31,3.33,2408000,-11.14,10,-6,47,42.42,58,7.41,36,2.86,798.22,10.74
9/3/26,Rolling 3 Months,4/1/26,6/30/26,16710,City,"Runnemede, NJ",Runnemede,NJ,41,64,345000,1.17,35,17,46,-4.17,70,22.81,56,69.7,240.37,3.48
9/3/26,Rolling 3 Months,4/1/26,6/30/26,16741,City,"Rutherford, NJ",Rutherford,NJ,46,84,832500,5.05,69,13,74,45.1,103,37.33,71,91.89,474.16,11.64
9/3/26,Rolling 3 Months,4/1/26,6/30/26,35950,City,"Saddle Brook Township, NJ",Saddle Brook Township,NJ,25,-16.67,700000,19.15,50,-31,44,41.94,63,12.5,37,76.19,406.22,2.97
9/3/26,Rolling 3 Months,4/1/26,6/30/26,16766,City,"Saddle River, NJ",Saddle River,NJ,16,100,3304000,-2.82,84,-189,20,-28.57,50,13.64,25,78.57,570.38,15.42
9/3/26,Rolling 3 Months,4/1/26,6/30/26,16784,City,"Salem, NJ",Salem,NJ,28,27.27,175000,5.74,63,35,46,24.32,85,26.87,32,-11.11,81.66,-15.47
9/3/26,Rolling 3 Months,4/1/26,6/30/26,16859,City,"Sayreville, NJ",Sayreville,NJ,103,3,548000,4.62,49,-8,141,13.71,225,14.21,124,2.48,349.65,4.61
9/3/26,Rolling 3 Months,4/1/26,6/30/26,16966,City,"Sea Bright, NJ",Sea Bright,NJ,8,-20,923056,-32.89,33,17,18,50,27,0,12,20,812.05,14.18
9/3/26,Rolling 3 Months,4/1/26,6/30/26,16987,City,"Sea Girt, NJ",Sea Girt,NJ,8,300,4374500,6.06,15,3,9,0,14,7.69,7,0,1321.69,-4.77
9/3/26,Rolling 3 Months,4/1/26,6/30/26,17006,City,"Sea Isle City, NJ",Sea Isle City,NJ,52,33.33,1650000,26.92,66,-28,27,-15.63,68,-10.53,37,12.12,920.86,11.6
9/3/26,Rolling 3 Months,4/1/26,6/30/26,25638,City,"Seabrook Farms, NJ",Seabrook Farms,NJ,2,0,327500,-17.09,75,3,5,0,8,14.29,5,0,198.72,0.89
9/3/26,Rolling 3 Months,4/1/26,6/30/26,17029,City,"Seaside Heights, NJ",Seaside Heights,NJ,32,-21.95,799500,53.75,46,-33,63,14.55,134,32.67,38,31.03,525.21,2.87
9/3/26,Rolling 3 Months,4/1/26,6/30/26,17036,City,"Seaside Park, NJ",Seaside Park,NJ,13,8.33,675000,-22.85,26,-23,17,13.33,26,-25.71,13,-18.75,717.58,8.84
9/3/26,Rolling 3 Months,4/1/26,6/30/26,37346,City,"Seaville, NJ",Seaville,NJ,11,22.22,403000,-8.41,75,12,13,-18.75,27,12.5,14,55.56,290.93,10.71
9/3/26,Rolling 3 Months,4/1/26,6/30/26,17057,City,"Secaucus, NJ",Secaucus,NJ,41,-2.38,625000,4.47,63,-11,65,-8.45,119,7.21,55,7.84,402.85,10.78
9/3/26,Rolling 3 Months,4/1/26,6/30/26,37324,City,"Seeley, NJ",Seeley,NJ,NA,NA,NA,NA,NA,NA,NA,NA,1,0,NA,NA,NA,NA
9/3/26,Rolling 3 Months,4/1/26,6/30/26,25660,City,"Sewaren, NJ",Sewaren,NJ,1,-80,340000,-34.87,46,-61,7,16.67,14,16.67,7,75,344.83,11.91
9/3/26,Rolling 3 Months,4/1/26,6/30/26,36277,City,"Sewell, NJ",Sewell,NJ,105,-21.05,395000,1.67,22,3,182,15.19,228,5.07,142,-6.58,224.69,6.09
9/3/26,Rolling 3 Months,4/1/26,6/30/26,25665,City,"Shark River Hills, NJ",Shark River Hills,NJ,11,22.22,749900,9.47,12,-3,29,141.67,32,113.33,24,140,457.07,-14.81
9/3/26,Rolling 3 Months,4/1/26,6/30/26,37029,City,"Sheppards Mill, NJ",Sheppards Mill,NJ,1,NA,145000,NA,91,NA,NA,NA,1,NA,1,NA,NA,NA
9/3/26,Rolling 3 Months,4/1/26,6/30/26,17159,City,"Shiloh, NJ",Shiloh,NJ,2,0,195000,-12.95,75,44,1,-75,2,-50,3,0,232.26,63.35
9/3/26,Rolling 3 Months,4/1/26,6/30/26,17175,City,"Ship Bottom, NJ",Ship Bottom,NJ,7,40,1069000,-2.82,35,-13,13,62.5,23,9.52,8,14.29,1008.45,35.67
9/3/26,Rolling 3 Months,4/1/26,6/30/26,34746,City,"Short Hills, NJ",Short Hills,NJ,51,37.84,2550000,6.25,10,-7,72,22.03,94,17.5,61,17.31,684.55,0.99
9/3/26,Rolling 3 Months,4/1/26,6/30/26,17245,City,"Shrewsbury, NJ",Shrewsbury,NJ,15,0,1225000,27.6,12,-8,20,100,23,64.29,18,50,496.15,6.59
9/3/26,Rolling 3 Months,4/1/26,6/30/26,37313,City,"Sicklerville, NJ",Sicklerville,NJ,165,9.27,371490,6.14,33,4,265,23.83,377,26.94,228,24.59,205.42,3.07
9/3/26,Rolling 3 Months,4/1/26,6/30/26,37214,City,"Silver Lake, NJ",Silver Lake,NJ,3,-25,365000,7.67,36,21,8,14.29,11,37.5,5,0,190.17,-23.02
9/3/26,Rolling 3 Months,4/1/26,6/30/26,34761,City,"Silver Lake, NJ",Silver Lake,NJ,5,150,705000,-12.15,26,-87,8,-27.27,20,42.86,7,0,348.24,19.8
9/3/26,Rolling 3 Months,4/1/26,6/30/26,34767,City,"Silver Lake, NJ",Silver Lake,NJ,2,NA,333750,NA,74,NA,2,0,3,0,2,0,417.89,32.07
9/3/26,Rolling 3 Months,4/1/26,6/30/26,25722,City,"Silver Ridge, NJ",Silver Ridge,NJ,8,-11.11,270000,-4.26,24,8,18,80,27,80,10,-16.67,263.91,-0.92
9/3/26,Rolling 3 Months,4/1/26,6/30/26,34772,City,"Singac, NJ",Singac,NJ,16,60,500000,-17.22,20,-32,31,3.33,37,0,24,14.29,382.68,-0.9
9/3/26,Rolling 3 Months,4/1/26,6/30/26,34777,City,"Six Mile Run, NJ",Six Mile Run,NJ,5,-16.67,585101,-15.22,15,0,12,200,15,87.5,7,16.67,311.46,2.08
9/3/26,Rolling 3 Months,4/1/26,6/30/26,34778,City,"Skillman, NJ",Skillman,NJ,1,NA,850000,NA,20,NA,6,500,8,300,2,NA,406.07,43.17
9/3/26,Rolling 3 Months,4/1/26,6/30/26,34788,City,"Smithville, NJ",Smithville,NJ,55,30.95,265000,32.5,73,17,106,107.84,170,84.78,75,50,219.23,5.31
9/3/26,Rolling 3 Months,4/1/26,6/30/26,25764,City,"Society Hill, NJ",Society Hill,NJ,6,-14.29,668500,48.56,56,-23,18,5.88,24,0,14,40,356.77,4.26
9/3/26,Rolling 3 Months,4/1/26,6/30/26,17512,City,"Somerdale, NJ",Somerdale,NJ,19,-9.52,319900,1.56,20,-4,33,37.5,44,25.71,26,13.04,264.48,13.57
9/3/26,Rolling 3 Months,4/1/26,6/30/26,17534,City,"Somers Point, NJ",Somers Point,NJ,45,12.5,475000,5.1,78,17,61,29.79,120,41.18,56,40,373.48,-0.31
9/3/26,Rolling 3 Months,4/1/26,6/30/26,25771,City,"Somerset, NJ",Somerset,NJ,77,22.22,494000,0.82,17,-2,81,8,115,8.49,78,14.71,332.48,2.34
9/3/26,Rolling 3 Months,4/1/26,6/30/26,17539,City,"Somerville, NJ",Somerville,NJ,19,-34.48,640000,7.02,15,-6,37,-5.13,50,-5.66,29,-17.14,379.87,1.2
9/3/26,Rolling 3 Months,4/1/26,6/30/26,17563,City,"South Amboy, NJ",South Amboy,NJ,37,117.65,500000,3.09,64,-5,45,15.38,81,26.56,24,-22.58,343.82,9.25
9/3/26,Rolling 3 Months,4/1/26,6/30/26,17606,City,"South Bound Brook, NJ",South Bound Brook,NJ,7,133.33,500000,5.26,18,-33,17,41.67,21,40,16,100,384.32,-1.18
9/3/26,Rolling 3 Months,4/1/26,6/30/26,36969,City,"South Dennis, NJ",South Dennis,NJ,2,-33.33,612450,59.08,35,-62,4,300,5,-16.67,2,0,305.08,12.57
9/3/26,Rolling 3 Months,4/1/26,6/30/26,17747,City,"South Plainfield, NJ",South Plainfield,NJ,44,22.22,602500,12.62,55,3,75,19.05,111,24.72,53,17.78,350.29,0.81
9/3/26,Rolling 3 Months,4/1/26,6/30/26,17755,City,"South River, NJ",South River,NJ,33,73.68,520000,-5.45,80,26,57,42.5,96,65.52,53,55.88,333.89,-0.08
9/3/26,Rolling 3 Months,4/1/26,6/30/26,37221,City,"South Seaville, NJ",South Seaville,NJ,3,-40,274900,-34.93,20,11,3,0,4,-20,4,0,258.26,0.35
9/3/26,Rolling 3 Months,4/1/26,6/30/26,17773,City,"South Toms River, NJ",South Toms River,NJ,6,0,420000,2.56,23,13,6,-25,9,0,6,-14.29,379.98,14.16
9/3/26,Rolling 3 Months,4/1/26,6/30/26,17842,City,"Spotswood, NJ",Spotswood,NJ,25,8.7,460000,4.55,70,0,36,100,60,57.89,25,38.89,350.64,-1.09
9/3/26,Rolling 3 Months,4/1/26,6/30/26,17920,City,"Spring Lake Heights, NJ",Spring Lake Heights,NJ,18,-21.74,1030000,21.18,11,-8,23,53.33,26,23.81,17,0,685.98,10.62
9/3/26,Rolling 3 Months,4/1/26,6/30/26,17915,City,"Spring Lake, NJ",Spring Lake,NJ,15,-6.25,4900000,89.7,22,-4,17,30.77,26,-3.7,9,-30.77,1318.57,-1.91
9/3/26,Rolling 3 Months,4/1/26,6/30/26,25863,City,"Springdale, NJ",Springdale,NJ,54,8,642500,3.63,20,-6,82,15.49,110,29.41,61,17.31,245.96,2.71
9/3/26,Rolling 3 Months,4/1/26,6/30/26,35938,City,"Springfield, NJ",Springfield,NJ,10,11.11,478500,-1.75,25,4,14,55.56,21,-4.55,13,8.33,235.3,-9.4
9/3/26,Rolling 3 Months,4/1/26,6/30/26,35943,City,"Springfield, NJ",Springfield,NJ,35,-22.22,665000,-1.48,16,3,65,6.56,82,6.49,55,0,400.38,2.68
9/3/26,Rolling 3 Months,4/1/26,6/30/26,17985,City,"Stanhope, NJ",Stanhope,NJ,17,13.33,555500,44.29,16,1,29,-3.33,33,-2.94,18,-18.18,320.56,18.81
9/3/26,Rolling 3 Months,4/1/26,6/30/26,34910,City,"Stewartsville, NJ",Stewartsville,NJ,2,-50,367500,-46.35,84,60,4,-20,6,-14.29,4,0,255.47,-5.81
9/3/26,Rolling 3 Months,4/1/26,6/30/26,37637,City,"Stirling, NJ",Stirling,NJ,8,-27.27,741000,-3.77,27,13,10,233.33,13,44.44,10,42.86,421.64,16.41
9/3/26,Rolling 3 Months,4/1/26,6/30/26,18135,City,"Stockton, NJ",Stockton,NJ,5,400,545000,-39.44,39,-102,2,-50,8,33.33,3,0,401.65,6.73
9/3/26,Rolling 3 Months,4/1/26,6/30/26,18146,City,"Stone Harbor, NJ",Stone Harbor,NJ,14,-17.65,4202500,-4.49,88,7,33,94.12,56,12,18,63.64,1729.8,0.69
9/3/26,Rolling 3 Months,4/1/26,6/30/26,37604,City,"Stonebridge, NJ",Stonebridge,NJ,9,28.57,787500,8.62,64,-46,8,0,12,-7.69,10,25,299.37,13.7
9/3/26,Rolling 3 Months,4/1/26,6/30/26,18191,City,"Stratford, NJ",Stratford,NJ,18,-18.18,366250,-0.99,29,10,24,-11.11,33,3.13,23,-8,235.26,5.95
9/3/26,Rolling 3 Months,4/1/26,6/30/26,25956,City,"Strathmere, NJ",Strathmere,NJ,3,NA,1850000,NA,138,NA,2,0,4,33.33,2,NA,954.19,7.34
9/3/26,Rolling 3 Months,4/1/26,6/30/26,25959,City,"Strathmore, NJ",Strathmore,NJ,14,-41.67,710500,-2.4,14,3,27,-3.57,33,-13.16,23,-8,390.84,10.57
9/3/26,Rolling 3 Months,4/1/26,6/30/26,31313,City,"Succasunna, NJ",Succasunna,NJ,43,95.45,710000,9.65,16,2,52,67.74,65,58.54,55,120,308.54,-8.4
9/3/26,Rolling 3 Months,4/1/26,6/30/26,18243,City,"Summit, NJ",Summit,NJ,54,-18.18,1706500,20.75,12,1,69,-30.3,84,-30.58,64,-30.43,628.26,1.64
9/3/26,Rolling 3 Months,4/1/26,6/30/26,37325,City,"Sunset Lake, NJ",Sunset Lake,NJ,NA,NA,NA,NA,NA,NA,2,0,3,50,NA,NA,193.39,-9.57
9/3/26,Rolling 3 Months,4/1/26,6/30/26,18294,City,"Surf City, NJ",Surf City,NJ,9,12.5,3350000,83.56,78,3,23,187.5,32,68.42,14,180,1122.46,11.01
9/3/26,Rolling 3 Months,4/1/26,6/30/26,18305,City,"Sussex, NJ",Sussex,NJ,6,100,352500,-25,90,54,8,-33.33,14,0,8,14.29,215.63,7.52
9/3/26,Rolling 3 Months,4/1/26,6/30/26,18343,City,"Swedesboro, NJ",Swedesboro,NJ,9,-25,365000,5.05,21,-28,11,10,14,-30,8,-38.46,197.18,12.31
9/3/26,Rolling 3 Months,4/1/26,6/30/26,37295,City,"Sweetwater, NJ",Sweetwater,NJ,3,-50,235000,-56.28,11,-9,1,-88.89,6,-50,3,-62.5,209.73,-58.05
9/3/26,Rolling 3 Months,4/1/26,6/30/26,35000,City,"Ten Mile Run, NJ",Ten Mile Run,NJ,6,200,1010000,-13.68,59,43,4,33.33,8,60,5,150,353.73,2.08
9/3/26,Rolling 3 Months,4/1/26,6/30/26,18484,City,"Tenafly, NJ",Tenafly,NJ,34,-19.05,1630000,13.43,76,2,57,7.55,97,1.04,53,26.19,623.77,12
9/3/26,Rolling 3 Months,4/1/26,6/30/26,37732,City,"The Hills, NJ",The Hills,NJ,58,9.43,536000,-4.29,14,0,78,-10.34,96,0,68,-1.45,423.49,4.24
9/3/26,Rolling 3 Months,4/1/26,6/30/26,37771,City,"The Ponds, NJ",The Ponds,NJ,12,-25,429950,2.99,73,2,14,55.56,24,0,14,-6.67,243.21,-1.28
9/3/26,Rolling 3 Months,4/1/26,6/30/26,37081,City,"Thorofare, NJ",Thorofare,NJ,6,-62.5,356000,5.48,47,31,10,-58.33,15,-53.13,8,-55.56,213.22,-0.75
9/3/26,Rolling 3 Months,4/1/26,6/30/26,18609,City,"Tinton Falls, NJ",Tinton Falls,NJ,69,-4.17,510000,-7.06,19,4,78,2.63,99,-1.98,77,20.31,359.82,3.96
9/3/26,Rolling 3 Months,4/1/26,6/30/26,36920,City,"Titusville, NJ",Titusville,NJ,1,-66.67,830000,80.83,72,13,1,-66.67,3,-40,1,-66.67,312.04,27.6
9/3/26,Rolling 3 Months,4/1/26,6/30/26,26079,City,"Toms River, NJ",Toms River,NJ,297,-0.34,520000,9.47,23,-2,519,16.89,766,15.54,379,8.91,308.76,1.14
9/3/26,Rolling 3 Months,4/1/26,6/30/26,18639,City,"Totowa, NJ",Totowa,NJ,19,0,785000,20.77,18,-40,29,-9.38,47,6.82,24,0,375.03,-2.77
9/3/26,Rolling 3 Months,4/1/26,6/30/26,37702,City,"Towaco, NJ",Towaco,NJ,17,54.55,660000,-50.19,24,11,38,40.74,52,57.58,27,80,370.89,5.11
9/3/26,Rolling 3 Months,4/1/26,6/30/26,18807,City,"Trenton, NJ",Trenton,NJ,144,4.35,250000,8.7,51,-7,195,3.17,360,1.69,168,3.7,180.04,7.34
9/3/26,Rolling 3 Months,4/1/26,6/30/26,37794,City,"Troy Hills, NJ",Troy Hills,NJ,14,55.56,827503,10.63,17,1,16,45.45,22,100,12,71.43,371.4,16.74
9/3/26,Rolling 3 Months,4/1/26,6/30/26,37243,City,"Tuckahoe, NJ",Tuckahoe,NJ,NA,NA,NA,NA,NA,NA,2,0,4,-33.33,NA,NA,167.75,-27.25
9/3/26,Rolling 3 Months,4/1/26,6/30/26,18853,City,"Tuckerton, NJ",Tuckerton,NJ,15,15.38,575000,69.12,26,6,25,25,46,35.29,24,100,387.05,20.02
9/3/26,Rolling 3 Months,4/1/26,6/30/26,26159,City,"Turnersville, NJ",Turnersville,NJ,4,-33.33,547500,0.46,23,-15,12,9.09,16,14.29,6,-50,223.63,19.15
9/3/26,Rolling 3 Months,4/1/26,6/30/26,26163,City,"Twin Rivers, NJ",Twin Rivers,NJ,27,17.39,377000,-0.79,49,3,37,12.12,59,18,32,0,268.84,-0.25
9/3/26,Rolling 3 Months,4/1/26,6/30/26,18909,City,"Union Beach, NJ",Union Beach,NJ,26,-3.7,632500,31.77,31,11,39,11.43,63,12.5,31,-18.42,355.47,3.04
9/3/26,Rolling 3 Months,4/1/26,6/30/26,18931,City,"Union City, NJ",Union City,NJ,60,-20,555000,-0.89,61,9,142,-2.07,249,-9.12,87,-10.31,436.4,-1.51
9/3/26,Rolling 3 Months,4/1/26,6/30/26,37783,City,"Union, NJ",Union,NJ,4,33.33,538563,16.81,34,16,6,200,7,250,3,50,385.23,-1.62
9/3/26,Rolling 3 Months,4/1/26,6/30/26,37806,City,"Upper Greenwood Lake, NJ",Upper Greenwood Lake,NJ,11,-31.25,535000,16.3,59,12,21,-19.23,31,-20.51,16,-33.33,354.51,18.27
9/3/26,Rolling 3 Months,4/1/26,6/30/26,35134,City,"Upper Montclair, NJ",Upper Montclair,NJ,48,2.13,1512500,-6.69,14,-35,57,-9.52,76,-13.64,55,-12.7,511.33,12.75
9/3/26,Rolling 3 Months,4/1/26,6/30/26,35136,City,"Upper Pohatcong, NJ",Upper Pohatcong,NJ,8,100,405000,12.5,13,-7,8,14.29,13,44.44,8,166.67,268.31,5.13
9/3/26,Rolling 3 Months,4/1/26,6/30/26,19045,City,"Upper Saddle River, NJ",Upper Saddle River,NJ,27,0,1700000,8.14,78,-20,41,2.5,59,-22.37,36,50,460.11,14.11
9/3/26,Rolling 3 Months,4/1/26,6/30/26,35137,City,"Upper Stewartsville, NJ",Upper Stewartsville,NJ,NA,NA,NA,NA,NA,NA,2,NA,2,NA,1,NA,209.92,NA
9/3/26,Rolling 3 Months,4/1/26,6/30/26,37835,City,"Vauxhall, NJ",Vauxhall,NJ,8,14.29,587250,11.86,19,-38,12,-29.41,24,4.35,11,-15.38,321.74,-13.05
9/3/26,Rolling 3 Months,4/1/26,6/30/26,19150,City,"Ventnor City, NJ",Ventnor City,NJ,59,13.46,760000,49.75,92,32,82,7.89,190,14.46,65,12.07,486.08,1.66
9/3/26,Rolling 3 Months,4/1/26,6/30/26,35177,City,"Vernon Center, NJ",Vernon Center,NJ,23,-8,215000,-1.15,72,16,28,-39.13,61,-25.61,25,-10.71,267.51,-9.22
9/3/26,Rolling 3 Months,4/1/26,6/30/26,26269,City,"Vernon Valley, NJ",Vernon Valley,NJ,5,25,470000,11.9,28,-40,13,62.5,14,27.27,10,-9.09,243.84,0.71
9/3/26,Rolling 3 Months,4/1/26,6/30/26,19223,City,"Victory Gardens, NJ",Victory Gardens,NJ,2,-33.33,370000,11.28,116,100,3,50,4,33.33,3,50,344.01,22.65
9/3/26,Rolling 3 Months,4/1/26,6/30/26,26283,City,"Victory Lakes, NJ",Victory Lakes,NJ,14,55.56,470000,-3.09,63,29,17,41.67,25,19.05,13,0,234.03,20.14
9/3/26,Rolling 3 Months,4/1/26,6/30/26,31323,City,"Vienna, NJ",Vienna,NJ,3,200,400000,-3.87,22,-6,3,200,6,100,5,150,108.7,-52.4
9/3/26,Rolling 3 Months,4/1/26,6/30/26,26290,City,"Villas, NJ",Villas,NJ,38,-37.7,437000,10.65,44,4,57,-35.23,92,-27.56,56,-5.08,498.61,25.28
9/3/26,Rolling 3 Months,4/1/26,6/30/26,37297,City,"Vincentown, NJ",Vincentown,NJ,3,-40,465000,32.86,57,5,2,-33.33,5,-16.67,2,-50,129.46,-49.28
9/3/26,Rolling 3 Months,4/1/26,6/30/26,19265,City,"Vineland, NJ",Vineland,NJ,124,-7.46,319500,6.54,38,0,168,1.2,278,-2.11,136,-13.92,199.94,1.56
9/3/26,Rolling 3 Months,4/1/26,6/30/26,26301,City,"Vista Center, NJ",Vista Center,NJ,11,22.22,620000,-0.32,77,52,11,-15.38,17,-37.04,10,-33.33,257.55,-5.03
9/3/26,Rolling 3 Months,4/1/26,6/30/26,35197,City,"Voorhees, NJ",Voorhees,NJ,NA,NA,NA,NA,NA,NA,4,0,5,0,2,-33.33,371.35,3.82
9/3/26,Rolling 3 Months,4/1/26,6/30/26,19331,City,"Waldwick, NJ",Waldwick,NJ,21,-4.55,750000,11.52,51,-18,32,-3.03,46,-19.3,26,-23.53,408.46,3.09
9/3/26,Rolling 3 Months,4/1/26,6/30/26,19346,City,"Wallington, NJ",Wallington,NJ,8,-27.27,810000,2.53,58,9,12,-45.45,28,-15.15,14,-30,351.26,-11.56
9/3/26,Rolling 3 Months,4/1/26,6/30/26,26329,City,"Wanamassa, NJ",Wanamassa,NJ,6,-50,748500,10.97,15,-11,16,33.33,21,10.53,11,-8.33,457.11,3.39
9/3/26,Rolling 3 Months,4/1/26,6/30/26,19408,City,"Wanaque, NJ",Wanaque,NJ,43,7.5,470000,-2.64,45,-7,54,5.88,101,21.69,56,33.33,299.34,0.27
9/3/26,Rolling 3 Months,4/1/26,6/30/26,26337,City,"Waretown, NJ",Waretown,NJ,14,133.33,497500,0.51,62,-50,14,27.27,23,27.78,15,150,338.18,1.29
9/3/26,Rolling 3 Months,4/1/26,6/30/26,35942,City,"Warren, NJ",Warren,NJ,41,-22.64,1300000,9.47,23,3,71,-23.66,102,-24.44,55,-31.25,425,6.09
9/3/26,Rolling 3 Months,4/1/26,6/30/26,37004,City,"Washington Crossing, NJ",Washington Crossing,NJ,3,NA,499000,NA,10,NA,2,100,4,300,2,100,229.88,-0.21
9/3/26,Rolling 3 Months,4/1/26,6/30/26,19516,City,"Washington, NJ",Washington,NJ,18,0,370000,-8.07,28,6,29,16,42,7.69,21,5,237.89,-6.54
9/3/26,Rolling 3 Months,4/1/26,6/30/26,19588,City,"Watchung, NJ",Watchung,NJ,17,41.67,1280000,16.36,14,-1,41,41.38,52,40.54,32,60,365.97,-4.58
9/3/26,Rolling 3 Months,4/1/26,6/30/26,37118,City,"Watsessing, NJ",Watsessing,NJ,17,54.55,630000,-20.25,20,-41,20,17.65,31,-11.43,21,10.53,347.85,6.17
9/3/26,Rolling 3 Months,4/1/26,6/30/26,19698,City,"Wenonah, NJ",Wenonah,NJ,6,-25,359950,-8.18,31,-11,10,11.11,15,15.38,8,14.29,202.91,-6.63
9/3/26,Rolling 3 Months,4/1/26,6/30/26,26442,City,"West Belmar, NJ",West Belmar,NJ,5,-16.67,632500,-8,12,-12,8,100,9,50,4,-33.33,473.36,-22.76
9/3/26,Rolling 3 Months,4/1/26,6/30/26,37089,City,"West Berlin, NJ",West Berlin,NJ,6,-25,407500,44.25,47,-26,9,0,12,-25,7,-30,238.98,-17.27
9/3/26,Rolling 3 Months,4/1/26,6/30/26,35823,City,"West Caldwell, NJ",West Caldwell,NJ,23,-11.54,785000,0,17,-38,34,9.68,40,-13.04,28,-12.5,396.84,10.65
9/3/26,Rolling 3 Months,4/1/26,6/30/26,19788,City,"West Cape May, NJ",West Cape May,NJ,10,25,1425000,1.82,92,20,8,-38.46,16,-42.86,7,0,740.27,11.71
9/3/26,Rolling 3 Months,4/1/26,6/30/26,26491,City,"West Freehold, NJ",West Freehold,NJ,36,-5.26,782250,31.91,15,-2,50,8.7,63,3.28,50,0,346.15,6.36
9/3/26,Rolling 3 Months,4/1/26,6/30/26,19947,City,"West Long Branch, NJ",West Long Branch,NJ,10,-54.55,962500,18.83,28,3,22,-26.67,39,-44.29,10,-47.37,570.13,5.47
9/3/26,Rolling 3 Months,4/1/26,6/30/26,20004,City,"West New York, NJ",West New York,NJ,46,-19.3,517500,-18.5,51,-19,116,17.17,216,16.13,75,2.74,495.28,7.16
9/3/26,Rolling 3 Months,4/1/26,6/30/26,37128,City,"West Park, NJ",West Park,NJ,5,0,301900,2.34,35,-3,7,75,11,57.14,6,100,160.3,-18.91
9/3/26,Rolling 3 Months,4/1/26,6/30/26,20137,City,"West Wildwood, NJ",West Wildwood,NJ,6,-25,635000,24.51,75,55,6,-14.29,17,41.67,7,0,422.75,-3.61
9/3/26,Rolling 3 Months,4/1/26,6/30/26,19891,City,"Westfield, NJ",Westfield,NJ,94,-13.76,1444500,14.92,14,2,125,-15.54,153,-14.04,109,-12.8,523.14,8.59
9/3/26,Rolling 3 Months,4/1/26,6/30/26,37270,City,"Westmont, NJ",Westmont,NJ,47,-2.08,590000,-0.84,14,2,58,9.43,72,4.35,50,8.7,329.72,7.07
9/3/26,Rolling 3 Months,4/1/26,6/30/26,35341,City,"Weston, NJ",Weston,NJ,23,-4.17,671000,-35.17,28,-1,31,24,43,2.38,24,-17.24,343.81,6.31
9/3/26,Rolling 3 Months,4/1/26,6/30/26,20117,City,"Westville, NJ",Westville,NJ,21,90.91,311000,11.07,33,12,20,-16.67,35,6.06,26,85.71,211.49,11.33
9/3/26,Rolling 3 Months,4/1/26,6/30/26,20151,City,"Westwood, NJ",Westwood,NJ,14,-30,774500,-5.26,57,3,32,45.45,44,22.22,23,4.55,464.55,8.69
9/3/26,Rolling 3 Months,4/1/26,6/30/26,20179,City,"Wharton, NJ",Wharton,NJ,13,-31.58,587000,8.44,28,4,22,175,27,58.82,10,-9.09,301.66,8.53
9/3/26,Rolling 3 Months,4/1/26,6/30/26,37754,City,"Whippany, NJ",Whippany,NJ,22,29.41,718000,1.14,18,4,28,0,34,-17.07,25,31.58,414.1,14.19
9/3/26,Rolling 3 Months,4/1/26,6/30/26,26566,City,"White Horse, NJ",White Horse,NJ,28,3.7,432500,4.22,41,-2,38,-5,55,-20.29,38,-11.63,286.83,5.46
9/3/26,Rolling 3 Months,4/1/26,6/30/26,26572,City,"White House Station, NJ",White House Station,NJ,16,77.78,582500,5.91,21,1,17,21.43,23,43.75,13,18.18,326.81,3.48
9/3/26,Rolling 3 Months,4/1/26,6/30/26,26576,City,"White Meadow Lake, NJ",White Meadow Lake,NJ,31,19.23,625000,1.63,18,2,37,23.33,53,51.43,40,81.82,324.97,-8.12
9/3/26,Rolling 3 Months,4/1/26,6/30/26,35660,City,"Whitesboro, NJ",Whitesboro,NJ,4,-42.86,367500,5,73,-50,3,0,9,-18.18,6,20,253.24,25.03
9/3/26,Rolling 3 Months,4/1/26,6/30/26,26604,City,"Whittingham, NJ",Whittingham,NJ,33,65,540000,8.11,53,-1,41,41.38,61,45.24,31,6.9,258.52,-5.98
9/3/26,Rolling 3 Months,4/1/26,6/30/26,20320,City,"Wildwood Crest, NJ",Wildwood Crest,NJ,44,-2.22,612500,-18.33,36,-3,58,13.73,123,21.78,39,8.33,737.39,20.84
9/3/26,Rolling 3 Months,4/1/26,6/30/26,20315,City,"Wildwood, NJ",Wildwood,NJ,82,18.84,591250,8.49,68,25,94,22.08,164,-6.29,80,26.98,499.19,22.29
9/3/26,Rolling 3 Months,4/1/26,6/30/26,26617,City,"Williamstown, NJ",Williamstown,NJ,55,5.77,370000,12.55,27,5,69,16.95,105,20.69,59,15.69,216.86,2.43
9/3/26,Rolling 3 Months,4/1/26,6/30/26,38322,City,"Windsor, NJ",Windsor,NJ,1,NA,480000,NA,244,NA,NA,NA,1,NA,1,NA,NA,NA
9/3/26,Rolling 3 Months,4/1/26,6/30/26,20508,City,"Wood-Ridge, NJ",Wood-Ridge,NJ,26,-16.13,677000,-2.59,73,14,45,25,66,11.86,37,23.33,450.48,11.79
9/3/26,Rolling 3 Months,4/1/26,6/30/26,20407,City,"Woodbine, NJ",Woodbine,NJ,3,-50,325000,80.56,315,274,5,-44.44,11,-8.33,8,14.29,145.55,-36.96
9/3/26,Rolling 3 Months,4/1/26,6/30/26,26641,City,"Woodbridge, NJ",Woodbridge,NJ,63,5,510000,6.25,59,2,90,8.43,148,12.12,78,9.86,344.46,1.32
9/3/26,Rolling 3 Months,4/1/26,6/30/26,20446,City,"Woodbury Heights, NJ",Woodbury Heights,NJ,10,0,347500,-14.72,35,14,10,-33.33,24,9.09,11,-21.43,203,-7.14
9/3/26,Rolling 3 Months,4/1/26,6/30/26,20437,City,"Woodbury, NJ",Woodbury,NJ,27,-18.18,360000,13.39,16,-17,55,17.02,66,-5.71,36,-21.74,198.42,6.98
9/3/26,Rolling 3 Months,4/1/26,6/30/26,20461,City,"Woodcliff Lake, NJ",Woodcliff Lake,NJ,21,75,1325000,10.32,83,14,29,26.09,47,27.03,20,5.26,418.27,6.61
9/3/26,Rolling 3 Months,4/1/26,6/30/26,35458,City,"Woodland Park, NJ",Woodland Park,NJ,38,40.74,649000,3.84,28,-16,36,-5.26,56,3.7,28,-17.65,384.93,9.69
9/3/26,Rolling 3 Months,4/1/26,6/30/26,20489,City,"Woodlynne, NJ",Woodlynne,NJ,8,0,212500,4.29,30,-2,13,-27.78,24,-7.69,9,-30.77,187.19,-7.79
9/3/26,Rolling 3 Months,4/1/26,6/30/26,20528,City,"Woodstown, NJ",Woodstown,NJ,12,0,306500,-12.24,36,18,23,91.67,34,88.89,18,157.14,204.61,17.78
9/3/26,Rolling 3 Months,4/1/26,6/30/26,20574,City,"Wrightstown, NJ",Wrightstown,NJ,3,200,319000,128.02,109,78,6,500,7,75,5,150,314.38,NA
9/3/26,Rolling 3 Months,4/1/26,6/30/26,31342,City,"Yardville, NJ",Yardville,NJ,13,-31.58,458800,3.1,39,7,32,28,38,15.15,26,30,307.74,0.66
9/3/26,Rolling 3 Months,4/1/26,6/30/26,26686,City,"Yorketown, NJ",Yorketown,NJ,15,-25,780000,7,17,1,25,0,33,-2.94,27,8,363.25,1.6
9/3/26,Rolling 3 Months,3/1/26,5/31/26,37334,City,"Absecon Highlands, NJ",Absecon Highlands,NJ,3,200,421000,-45.68,57,7,9,125,12,0,3,0,205.11,19.84
9/3/26,Rolling 3 Months,3/1/26,5/31/26,14,City,"Absecon, NJ",Absecon,NJ,31,24,280000,2.56,53,-2,42,10.53,80,29.03,38,31.03,226.19,5.76
9/3/26,Rolling 3 Months,3/1/26,5/31/26,162,City,"Allendale, NJ",Allendale,NJ,11,-42.11,800000,-7.25,51,-13,18,-25,28,-26.32,17,-26.09,450.83,12.66
9/3/26,Rolling 3 Months,3/1/26,5/31/26,168,City,"Allenhurst, NJ",Allenhurst,NJ,1,0,5600000,60.58,14,-68,3,-40,6,-25,1,-50,1347.75,20.5
9/3/26,Rolling 3 Months,3/1/26,5/31/26,177,City,"Allentown, NJ",Allentown,NJ,6,-33.33,445000,2.32,14,-24,10,11.11,13,-7.14,9,-18.18,268.2,0.05
9/3/26,Rolling 3 Months,3/1/26,5/31/26,21143,City,"Allenwood, NJ",Allenwood,NJ,2,-33.33,1005000,5.79,72,-36,4,-33.33,5,-44.44,2,-50,352.98,-7.43
9/3/26,Rolling 3 Months,3/1/26,5/31/26,21146,City,"Alloway, NJ",Alloway,NJ,3,-40,600000,110.53,33,-6,7,-12.5,12,-7.69,6,0,217.81,19.67
9/3/26,Rolling 3 Months,3/1/26,5/31/26,262,City,"Alpha, NJ",Alpha,NJ,8,100,352500,-27.21,31,17,10,11.11,12,-14.29,8,-11.11,236.25,15.25
9/3/26,Rolling 3 Months,3/1/26,5/31/26,280,City,"Alpine, NJ",Alpine,NJ,1,-66.67,4000000,8.84,106,-120,9,50,19,18.75,3,-25,970.74,10.29
9/3/26,Rolling 3 Months,3/1/26,5/31/26,37068,City,"Ampere North, NJ",Ampere North,NJ,6,20,528750,-18.65,99,4,8,-20,16,23.08,8,0,343.52,2.04
9/3/26,Rolling 3 Months,3/1/26,5/31/26,31403,City,"Anderson, NJ",Anderson,NJ,1,NA,395000,NA,132,NA,1,-50,2,-33.33,2,100,359.38,39.07
9/3/26,Rolling 3 Months,3/1/26,5/31/26,338,City,"Andover, NJ",Andover,NJ,1,NA,730000,NA,18,NA,4,0,5,25,2,-33.33,283.14,44.96
9/3/26,Rolling 3 Months,3/1/26,5/31/26,21186,City,"Annandale, NJ",Annandale,NJ,2,100,482500,-27.99,13,-2,10,42.86,11,37.5,6,20,281.54,7.91
9/3/26,Rolling 3 Months,3/1/26,5/31/26,501,City,"Asbury Park, NJ",Asbury Park,NJ,50,13.64,842500,19.08,24,-2,90,-8.16,163,9.4,66,11.86,609.14,12.58
9/3/26,Rolling 3 Months,3/1/26,5/31/26,21220,City,"Ashland, NJ",Ashland,NJ,32,-5.88,431000,7.75,30,18,52,6.12,69,15,35,-22.22,255.96,3.52
9/3/26,Rolling 3 Months,3/1/26,5/31/26,37139,City,"Atco, NJ",Atco,NJ,23,109.09,343500,-10.2,34,7,21,-25,34,0,17,-19.05,214.41,8.19
9/3/26,Rolling 3 Months,3/1/26,5/31/26,538,City,"Atlantic City, NJ",Atlantic City,NJ,113,-7.38,225000,-1.96,99,-3,200,-6.98,491,2.72,136,11.48,224.83,-7.99
9/3/26,Rolling 3 Months,3/1/26,5/31/26,546,City,"Atlantic Highlands, NJ",Atlantic Highlands,NJ,6,-62.5,535000,-29.14,24,1,18,28.57,32,39.13,16,6.67,458.18,4.18
9/3/26,Rolling 3 Months,3/1/26,5/31/26,38227,City,"Auburn, NJ",Auburn,NJ,3,0,615000,-10.22,12,-38,4,-42.86,6,-33.33,4,0,238.54,25.25
9/3/26,Rolling 3 Months,3/1/26,5/31/26,575,City,"Audubon, NJ",Audubon,NJ,26,-3.7,413500,0.85,29,1,23,-39.47,32,-31.91,19,-42.42,257.35,-0.57
9/3/26,Rolling 3 Months,3/1/26,5/31/26,610,City,"Avalon, NJ",Avalon,NJ,34,-8.11,2098750,-25.71,77,-35,48,-28.36,87,-29.27,39,5.41,1401.94,8.54
9/3/26,Rolling 3 Months,3/1/26,5/31/26,21240,City,"Avenel, NJ",Avenel,NJ,19,-34.48,469500,-7.94,75,9,37,27.59,63,28.57,29,26.09,394.76,4.26
9/3/26,Rolling 3 Months,3/1/26,5/31/26,641,City,"Avon-By-the-Sea, NJ",Avon-By-the-Sea,NJ,6,100,1699000,-46.91,21,8,17,41.67,31,138.46,10,150,733.48,-15.55
9/3/26,Rolling 3 Months,3/1/26,5/31/26,31122,City,"Barclay, NJ",Barclay,NJ,9,-57.14,667000,12.1,12,-3,14,-6.67,17,-26.09,12,-36.84,278.99,8.86
9/3/26,Rolling 3 Months,3/1/26,5/31/26,36984,City,"Bargaintown, NJ",Bargaintown,NJ,14,-12.5,532500,24.13,52,-8,20,33.33,38,46.15,16,23.08,229.71,2.68
9/3/26,Rolling 3 Months,3/1/26,5/31/26,832,City,"Barnegat Light, NJ",Barnegat Light,NJ,7,-36.36,1725000,0.29,56,-1,4,-73.33,9,-60.87,6,-57.14,1060.72,16.52
9/3/26,Rolling 3 Months,3/1/26,5/31/26,21288,City,"Barnegat, NJ",Barnegat,NJ,19,35.71,464900,-1.09,19,2,20,-41.18,34,-20.93,15,-6.25,280.87,-2.43
9/3/26,Rolling 3 Months,3/1/26,5/31/26,872,City,"Barrington, NJ",Barrington,NJ,20,-13.04,377500,4.86,38,10,28,3.7,39,5.41,24,0,241.92,3.56
9/3/26,Rolling 3 Months,3/1/26,5/31/26,37791,City,"Basking Ridge, NJ",Basking Ridge,NJ,17,6.25,1350821,96.48,18,5,24,0,25,-19.35,23,-8,442.28,13.5
9/3/26,Rolling 3 Months,3/1/26,5/31/26,952,City,"Bay Head, NJ",Bay Head,NJ,4,33.33,2948750,2.57,23,-21,3,-80,6,-66.67,2,-75,1879.93,83.91
9/3/26,Rolling 3 Months,3/1/26,5/31/26,970,City,"Bayonne, NJ",Bayonne,NJ,68,-22.73,632500,1.32,34,5,149,-3.25,227,-7.35,107,-9.32,344.1,-0.17
9/3/26,Rolling 3 Months,3/1/26,5/31/26,21342,City,"Beach Haven West, NJ",Beach Haven West,NJ,30,-6.25,937500,9.04,23,6,55,12.24,73,-8.75,38,0,701.47,19.34
9/3/26,Rolling 3 Months,3/1/26,5/31/26,1052,City,"Beach Haven, NJ",Beach Haven,NJ,19,18.75,2050000,41.62,60,8,24,26.32,33,-23.26,18,12.5,1082.05,16.86
9/3/26,Rolling 3 Months,3/1/26,5/31/26,1121,City,"Beachwood, NJ",Beachwood,NJ,31,0,495000,8.79,21,-10,46,35.29,58,20.83,37,5.71,307.38,0.77
9/3/26,Rolling 3 Months,3/1/26,5/31/26,31548,City,"Beattystown, NJ",Beattystown,NJ,10,100,391250,-40.72,15,-2,12,33.33,16,45.45,11,57.14,289.82,-1.17
9/3/26,Rolling 3 Months,3/1/26,5/31/26,21365,City,"Beckett, NJ",Beckett,NJ,13,44.44,368000,-3.16,27,16,14,-22.22,16,-15.79,14,27.27,212.52,-1.55
9/3/26,Rolling 3 Months,3/1/26,5/31/26,37786,City,"Bedminster, NJ",Bedminster,NJ,NA,NA,NA,NA,NA,NA,4,0,5,-28.57,3,-25,486.82,21.43
9/3/26,Rolling 3 Months,3/1/26,5/31/26,37382,City,"Beesleys Point, NJ",Beesleys Point,NJ,1,-50,750000,55.44,98,56,3,-57.14,5,-44.44,2,-33.33,210.33,-29.89
9/3/26,Rolling 3 Months,3/1/26,5/31/26,21377,City,"Belford, NJ",Belford,NJ,6,50,640000,35.45,31,-28,14,40,15,-6.25,10,42.86,336.15,-19.55
9/3/26,Rolling 3 Months,3/1/26,5/31/26,31566,City,"Belle Mead, NJ",Belle Mead,NJ,7,40,910000,-8.82,42,31,7,0,10,25,5,-16.67,365.67,-0.91
9/3/26,Rolling 3 Months,3/1/26,5/31/26,1257,City,"Bellmawr, NJ",Bellmawr,NJ,26,-18.75,334950,3.95,29,8,40,-2.44,51,-3.77,40,29.03,227.92,-0.76
9/3/26,Rolling 3 Months,3/1/26,5/31/26,1306,City,"Belmar, NJ",Belmar,NJ,17,-5.56,901000,-29.33,23,-19,25,4.17,28,-22.22,18,5.88,659.26,14.27
9/3/26,Rolling 3 Months,3/1/26,5/31/26,1330,City,"Belvidere, NJ",Belvidere,NJ,5,-54.55,295000,-18.46,38,9,13,18.18,18,-5.26,11,10,170.17,-15.39
9/3/26,Rolling 3 Months,3/1/26,5/31/26,1381,City,"Bergenfield, NJ",Bergenfield,NJ,31,14.81,707500,15.98,90,23,56,-6.67,90,-2.17,42,-6.67,444.19,6.23
9/3/26,Rolling 3 Months,3/1/26,5/31/26,1452,City,"Berlin, NJ",Berlin,NJ,27,80,415000,16.9,28,-13,33,37.5,47,23.68,31,63.16,214.55,-11.71
9/3/26,Rolling 3 Months,3/1/26,5/31/26,1489,City,"Bernardsville, NJ",Bernardsville,NJ,16,-36,774200,-22.19,13,-2,36,0,48,4.35,24,-11.11,411.66,3.74
9/3/26,Rolling 3 Months,3/1/26,5/31/26,1532,City,"Beverly, NJ",Beverly,NJ,10,42.86,362500,18.85,45,24,8,-46.67,18,-18.18,7,-46.15,183.37,12.39
9/3/26,Rolling 3 Months,3/1/26,5/31/26,31652,City,"Blackwells Mills, NJ",Blackwells Mills,NJ,14,-6.67,870000,-4.29,17,2,25,-10.71,30,-14.29,21,-27.59,356.03,2.11
9/3/26,Rolling 3 Months,3/1/26,5/31/26,21462,City,"Blackwood, NJ",Blackwood,NJ,20,150,328000,11.19,60,15,21,40,40,90.48,26,100,214.08,0.46
9/3/26,Rolling 3 Months,3/1/26,5/31/26,31658,City,"Blairstown, NJ",Blairstown,NJ,1,0,480000,17.94,59,42,4,0,7,40,2,-33.33,250,28.99
9/3/26,Rolling 3 Months,3/1/26,5/31/26,31660,City,"Blawenburg, NJ",Blawenburg,NJ,NA,NA,NA,NA,NA,NA,1,-50,1,-50,1,0,NA,NA
9/3/26,Rolling 3 Months,3/1/26,5/31/26,1676,City,"Bloomingdale, NJ",Bloomingdale,NJ,11,22.22,505000,3.59,33,-49,21,0,26,-16.13,18,5.88,349.35,-13.85
9/3/26,Rolling 3 Months,3/1/26,5/31/26,1682,City,"Bloomsbury, NJ",Bloomsbury,NJ,2,-33.33,460000,116.47,173,159,3,50,5,66.67,2,-33.33,251.68,-12.73
9/3/26,Rolling 3 Months,3/1/26,5/31/26,1706,City,"Bogota, NJ",Bogota,NJ,16,60,641500,3.89,68,-7,18,12.5,32,52.38,15,7.14,426.4,7.72
9/3/26,Rolling 3 Months,3/1/26,5/31/26,1732,City,"Boonton, NJ",Boonton,NJ,19,5.56,676000,3.13,19,-2,28,-12.5,38,5.56,21,10.53,362.11,3.18
9/3/26,Rolling 3 Months,3/1/26,5/31/26,1749,City,"Bordentown, NJ",Bordentown,NJ,14,55.56,354000,-3.8,33,-1,18,-18.18,27,0,18,-5.26,280.5,14.56
9/3/26,Rolling 3 Months,3/1/26,5/31/26,1769,City,"Bound Brook, NJ",Bound Brook,NJ,14,-30,520000,8.33,65,46,30,11.11,36,5.88,21,-8.7,310.44,-0.39
9/3/26,Rolling 3 Months,3/1/26,5/31/26,1817,City,"Bradley Beach, NJ",Bradley Beach,NJ,6,-62.5,1025000,5.4,26,3,13,30,18,5.88,11,10,736.11,-8.98
9/3/26,Rolling 3 Months,3/1/26,5/31/26,31705,City,"Bradley Gardens, NJ",Bradley Gardens,NJ,38,11.76,637500,12.74,18,3,58,3.57,69,0,49,2.08,362.56,0.86
9/3/26,Rolling 3 Months,3/1/26,5/31/26,31707,City,"Brainards, NJ",Brainards,NJ,1,NA,275000,NA,8,NA,2,100,2,100,NA,NA,202.57,97.01
9/3/26,Rolling 3 Months,3/1/26,5/31/26,1907,City,"Branchville, NJ",Branchville,NJ,2,-33.33,532500,22.84,7,-142,1,0,2,-50,2,0,231.08,5.32
9/3/26,Rolling 3 Months,3/1/26,5/31/26,21552,City,"Brass Castle, NJ",Brass Castle,NJ,4,300,543000,-7.18,15,2,1,-85.71,2,-71.43,1,-66.67,168.71,-35.27
9/3/26,Rolling 3 Months,3/1/26,5/31/26,38231,City,"Bridgeport, NJ",Bridgeport,NJ,1,0,361000,71.99,68,-14,3,NA,4,NA,2,NA,254.95,NA
9/3/26,Rolling 3 Months,3/1/26,5/31/26,1973,City,"Bridgeton, NJ",Bridgeton,NJ,26,23.81,174000,-12.56,27,-34,60,160.87,86,72,32,33.33,132.34,-23.06
9/3/26,Rolling 3 Months,3/1/26,5/31/26,37543,City,"Bridgewater Center, NJ",Bridgewater Center,NJ,6,0,1127500,34.27,23,7,12,-14.29,13,-23.53,10,-9.09,363.19,5.51
9/3/26,Rolling 3 Months,3/1/26,5/31/26,35941,City,"Bridgewater, NJ",Bridgewater,NJ,92,-16.36,675000,-2.88,17,0,191,-3.05,233,-4.12,147,-8.7,358.84,0.76
9/3/26,Rolling 3 Months,3/1/26,5/31/26,2004,City,"Brielle, NJ",Brielle,NJ,14,-30,1349250,18.36,17,-3,22,15.79,29,-3.33,16,-23.81,637.71,24.59
9/3/26,Rolling 3 Months,3/1/26,5/31/26,2014,City,"Brigantine, NJ",Brigantine,NJ,79,12.86,628750,7.02,72,-4,135,33.66,209,-4.13,101,32.89,513.39,1.23
9/3/26,Rolling 3 Months,3/1/26,5/31/26,31757,City,"Broadway, NJ",Broadway,NJ,3,200,355000,-32.12,23,-178,2,100,3,0,3,200,135.87,-37.57
9/3/26,Rolling 3 Months,3/1/26,5/31/26,31765,City,"Brookdale, NJ",Brookdale,NJ,17,-15,760000,15.68,14,-50,39,30,46,12.2,35,12.9,430.41,5.57
9/3/26,Rolling 3 Months,3/1/26,5/31/26,31767,City,"Brookfield, NJ",Brookfield,NJ,8,60,459950,5.74,35,-2,13,116.67,15,25,14,180,253.57,3.71
9/3/26,Rolling 3 Months,3/1/26,5/31/26,2124,City,"Brooklawn, NJ",Brooklawn,NJ,5,25,250000,0,53,49,8,-20,10,-9.09,6,-40,219.86,2.02
9/3/26,Rolling 3 Months,3/1/26,5/31/26,37775,City,"Brookside, NJ",Brookside,NJ,4,-20,1460000,0.34,19,5,4,-75,5,-72.22,4,-69.23,433.98,-3.89
9/3/26,Rolling 3 Months,3/1/26,5/31/26,21625,City,"Browns Mills, NJ",Browns Mills,NJ,46,0,297500,-11.46,40,7,62,3.33,102,24.39,55,1.85,237.57,-5.62
9/3/26,Rolling 3 Months,3/1/26,5/31/26,21630,City,"Brownville, NJ",Brownville,NJ,12,100,395000,-4.13,44,-21,15,7.14,21,10.53,12,-7.69,337.84,3.27
9/3/26,Rolling 3 Months,3/1/26,5/31/26,21637,City,"Budd Lake, NJ",Budd Lake,NJ,13,-23.53,542000,-13.28,16,-6,32,10.34,41,0,18,-18.18,294.06,-1.51
9/3/26,Rolling 3 Months,3/1/26,5/31/26,2259,City,"Buena, NJ",Buena,NJ,16,0,352500,14.91,100,55,25,92.31,35,34.62,21,16.67,240.87,7.05
9/3/26,Rolling 3 Months,3/1/26,5/31/26,31140,City,"Burleigh, NJ",Burleigh,NJ,1,NA,506000,NA,243,NA,2,0,4,33.33,1,NA,439.56,27.44
9/3/26,Rolling 3 Months,3/1/26,5/31/26,2313,City,"Burlington, NJ",Burlington,NJ,42,16.67,256000,-1.92,40,-18,62,26.53,108,13.68,58,23.4,185.89,6.94
9/3/26,Rolling 3 Months,3/1/26,5/31/26,2341,City,"Butler, NJ",Butler,NJ,18,0,598570,12.96,17,-26,41,41.38,50,28.21,34,54.55,341.66,4.22
9/3/26,Rolling 3 Months,3/1/26,5/31/26,31822,City,"Buttzville, NJ",Buttzville,NJ,NA,NA,NA,NA,NA,NA,1,0,1,0,NA,NA,283.51,15.32
9/3/26,Rolling 3 Months,3/1/26,5/31/26,31825,City,"Byram Center, NJ",Byram Center,NJ,1,-83.33,515000,-3.29,62,48,9,-30.77,11,-21.43,6,-45.45,259.65,0.1
9/3/26,Rolling 3 Months,3/1/26,5/31/26,2392,City,"Caldwell, NJ",Caldwell,NJ,17,21.43,800000,35.25,13,-24,29,11.54,36,12.5,23,21.05,366.76,6.48
9/3/26,Rolling 3 Months,3/1/26,5/31/26,2400,City,"Califon, NJ",Califon,NJ,2,-50,595500,23.42,10,-39,5,-28.57,6,-25,4,-33.33,233.94,-31.22
9/3/26,Rolling 3 Months,3/1/26,5/31/26,2570,City,"Camden, NJ",Camden,NJ,114,0.88,163000,1.88,50,16,149,-13.37,281,6.44,152,18.75,152.64,16.84
9/3/26,Rolling 3 Months,3/1/26,5/31/26,21745,City,"Cape May Court House, NJ",Cape May Court House,NJ,16,-20,544500,29.64,34,1,22,-21.43,39,-22,22,-4.35,337.4,14.36
9/3/26,Rolling 3 Months,3/1/26,5/31/26,2668,City,"Cape May Point, NJ",Cape May Point,NJ,2,100,1974500,54.74,69,1,3,0,9,0,3,-25,1095.24,-11.4
9/3/26,Rolling 3 Months,3/1/26,5/31/26,2652,City,"Cape May, NJ",Cape May,NJ,17,-22.73,830000,-20.2,25,-7,29,-21.62,48,-2.04,26,-13.33,913.51,5.57
9/3/26,Rolling 3 Months,3/1/26,5/31/26,36992,City,"Carlls Corner, NJ",Carlls Corner,NJ,2,100,273000,-10.49,92,58,NA,NA,2,-66.67,NA,NA,NA,NA
9/3/26,Rolling 3 Months,3/1/26,5/31/26,2701,City,"Carlstadt, NJ",Carlstadt,NJ,9,-10,800000,30.93,91,25,12,-7.69,19,-13.64,8,-38.46,464.29,20.93
9/3/26,Rolling 3 Months,3/1/26,5/31/26,21764,City,"Carneys Point, NJ",Carneys Point,NJ,22,-8.33,282900,34.79,71,55,28,-20,50,13.64,21,-19.23,199.56,6.74
9/3/26,Rolling 3 Months,3/1/26,5/31/26,2768,City,"Carteret, NJ",Carteret,NJ,32,-17.95,562500,2.27,85,17,53,12.77,93,17.72,43,4.88,371.23,4.28
9/3/26,Rolling 3 Months,3/1/26,5/31/26,21791,City,"Cedar Glen Lakes, NJ",Cedar Glen Lakes,NJ,14,100,117500,8.8,72,2,18,-5.26,32,-11.11,13,30,126.84,-6.04
9/3/26,Rolling 3 Months,3/1/26,5/31/26,21792,City,"Cedar Glen West, NJ",Cedar Glen West,NJ,10,-23.08,89450,-20.13,37,-68,27,17.39,50,13.64,9,-35.71,92.78,-6.48
9/3/26,Rolling 3 Months,3/1/26,5/31/26,37692,City,"Cedar Knolls, NJ",Cedar Knolls,NJ,7,600,775000,-41.95,21,8,12,140,13,116.67,12,140,382.1,8.35
9/3/26,Rolling 3 Months,3/1/26,5/31/26,21810,City,"Cedarville, NJ",Cedarville,NJ,2,-33.33,194000,-4.2,106,52,2,-33.33,6,-25,2,-33.33,103.65,-28.36
9/3/26,Rolling 3 Months,3/1/26,5/31/26,37303,City,"Centre Grove, NJ",Centre Grove,NJ,6,20,277500,-18.38,23,-6,13,30,17,21.43,8,14.29,222.51,-2.79
9/3/26,Rolling 3 Months,3/1/26,5/31/26,3129,City,"Chatham, NJ",Chatham,NJ,25,-10.71,1375000,5.16,12,-1,35,-14.63,37,-13.95,30,-6.25,679.66,14.92
9/3/26,Rolling 3 Months,3/1/26,5/31/26,21871,City,"Cherry Hill Mall, NJ",Cherry Hill Mall,NJ,42,-22.22,409000,-13.44,37,19,76,22.58,94,14.63,52,0,239.73,7.73
9/3/26,Rolling 3 Months,3/1/26,5/31/26,3267,City,"Chesilhurst, NJ",Chesilhurst,NJ,3,-25,325000,5.35,49,15,6,0,9,-10,5,-44.44,292.05,36.86
9/3/26,Rolling 3 Months,3/1/26,5/31/26,3274,City,"Chester, NJ",Chester,NJ,3,0,180000,-72.35,69,35,10,11.11,13,30,7,0,351.71,-6.37
9/3/26,Rolling 3 Months,3/1/26,5/31/26,3482,City,"Clayton, NJ",Clayton,NJ,21,-30,376500,9.13,35,-14,38,22.58,58,9.43,35,20.69,200.36,1.37
9/3/26,Rolling 3 Months,3/1/26,5/31/26,21940,City,"Clearbrook Park, NJ",Clearbrook Park,NJ,43,38.71,343000,-6.03,83,-2,62,-1.59,103,0.98,44,4.76,293.18,7.35
9/3/26,Rolling 3 Months,3/1/26,5/31/26,37747,City,"Clearbrook, NJ",Clearbrook,NJ,43,38.71,343000,-6.03,83,-2,62,-1.59,103,0.98,44,4.76,293.18,7.35
9/3/26,Rolling 3 Months,3/1/26,5/31/26,3500,City,"Clementon, NJ",Clementon,NJ,28,75,261000,-3.33,42,20,47,42.42,67,48.89,37,48,206.22,1.53
9/3/26,Rolling 3 Months,3/1/26,5/31/26,3533,City,"Cliffside Park, NJ",Cliffside Park,NJ,53,-23.19,617000,-14.9,79,8,113,1.8,182,-0.55,79,6.76,456.99,3.04
9/3/26,Rolling 3 Months,3/1/26,5/31/26,21964,City,"Cliffwood Beach, NJ",Cliffwood Beach,NJ,7,-46.15,470000,-2.08,20,6,19,26.67,28,40,14,-22.22,392.99,0.33
9/3/26,Rolling 3 Months,3/1/26,5/31/26,3564,City,"Clifton, NJ",Clifton,NJ,133,-6.99,630000,7.05,33,-26,208,4,297,-1.98,159,-7.02,416.58,10.48
9/3/26,Rolling 3 Months,3/1/26,5/31/26,3570,City,"Clinton, NJ",Clinton,NJ,4,-33.33,585000,-15.83,31,7,17,112.5,18,80,10,100,337.26,20.59
9/3/26,Rolling 3 Months,3/1/26,5/31/26,3589,City,"Closter, NJ",Closter,NJ,25,177.78,1660000,7.44,107,-8,36,9.09,65,32.65,36,125,558.5,9.75
9/3/26,Rolling 3 Months,3/1/26,5/31/26,22003,City,"Collings Lakes, NJ",Collings Lakes,NJ,10,233.33,312000,13.45,29,-69,6,-40,12,-14.29,8,0,209.05,-9.66
9/3/26,Rolling 3 Months,3/1/26,5/31/26,3715,City,"Collingswood, NJ",Collingswood,NJ,38,8.57,455000,4.6,21,2,69,43.75,84,33.33,53,20.45,286.74,-0.25
9/3/26,Rolling 3 Months,3/1/26,5/31/26,36977,City,"Cologne, NJ",Cologne,NJ,3,200,430000,0,69,12,3,50,5,66.67,3,NA,218.06,3.49
9/3/26,Rolling 3 Months,3/1/26,5/31/26,22015,City,"Colonia, NJ",Colonia,NJ,39,14.71,660000,8.64,74,26,57,-9.52,95,5.56,52,-5.45,381.3,1.8
9/3/26,Rolling 3 Months,3/1/26,5/31/26,32112,City,"Columbia, NJ",Columbia,NJ,NA,NA,NA,NA,NA,NA,NA,NA,1,NA,NA,NA,NA,NA
9/3/26,Rolling 3 Months,3/1/26,5/31/26,22035,City,"Concordia, NJ",Concordia,NJ,26,-35,377500,6.34,63,-10,38,-7.32,64,-12.33,28,-33.33,278.83,0.4
9/3/26,Rolling 3 Months,3/1/26,5/31/26,37834,City,"Connecticut Farms, NJ",Connecticut Farms,NJ,2,NA,509998,NA,48,NA,2,100,3,50,3,200,355.95,NA
9/3/26,Rolling 3 Months,3/1/26,5/31/26,37341,City,"Cookstown, NJ",Cookstown,NJ,2,NA,295000,NA,15,NA,4,-20,4,-20,2,-50,224.52,-9.32
9/3/26,Rolling 3 Months,3/1/26,5/31/26,3920,City,"Corbin City, NJ",Corbin City,NJ,1,NA,450000,NA,268,NA,2,NA,4,300,1,NA,277.61,NA
9/3/26,Rolling 3 Months,3/1/26,5/31/26,22068,City,"Country Lake Estates, NJ",Country Lake Estates,NJ,15,25,417105,24.53,26,-20,24,14.29,29,11.54,17,-5.56,244.93,-1.89
9/3/26,Rolling 3 Months,3/1/26,5/31/26,22091,City,"Cranbury, NJ",Cranbury,NJ,NA,NA,NA,NA,NA,NA,8,-33.33,15,0,7,0,414.14,13.01
9/3/26,Rolling 3 Months,3/1/26,5/31/26,22095,City,"Crandon Lakes, NJ",Crandon Lakes,NJ,6,200,470000,-7.84,11,-24,9,200,10,100,4,0,335.58,-18.87
9/3/26,Rolling 3 Months,3/1/26,5/31/26,37655,City,"Cranford, NJ",Cranford,NJ,5,150,435000,-28.4,21,8,4,100,4,100,2,100,388.16,-11.52
9/3/26,Rolling 3 Months,3/1/26,5/31/26,37831,City,"Cream Ridge, NJ",Cream Ridge,NJ,1,NA,1020000,NA,18,NA,NA,NA,NA,NA,NA,NA,NA,NA
9/3/26,Rolling 3 Months,3/1/26,5/31/26,4098,City,"Cresskill, NJ",Cresskill,NJ,17,-34.62,999990,-34.41,63,-35,46,58.62,71,16.39,30,7.14,547.97,16.46
9/3/26,Rolling 3 Months,3/1/26,5/31/26,22109,City,"Crestwood Village, NJ",Crestwood Village,NJ,70,-6.67,139500,-3.79,46,21,123,-8.21,208,4.52,75,-19.35,176.02,-1.33
9/3/26,Rolling 3 Months,3/1/26,5/31/26,37161,City,"Crosswicks, NJ",Crosswicks,NJ,2,NA,807500,NA,57,NA,1,-66.67,4,0,1,-66.67,405.94,82.12
9/3/26,Rolling 3 Months,3/1/26,5/31/26,22158,City,"Dayton, NJ",Dayton,NJ,18,0,535000,-6.96,59,8,25,31.58,39,2.63,24,14.29,361.22,9.28
9/3/26,Rolling 3 Months,3/1/26,5/31/26,4348,City,"Deal, NJ",Deal,NJ,1,-75,2400000,-52.48,116,-21,2,-60,7,-41.67,1,-75,1489.97,25.93
9/3/26,Rolling 3 Months,3/1/26,5/31/26,37819,City,"Deans, NJ",Deans,NJ,4,300,955000,-9.05,70,9,5,0,8,0,5,0,422.16,-3.2
9/3/26,Rolling 3 Months,3/1/26,5/31/26,32232,City,"Delaware Park, NJ",Delaware Park,NJ,2,-60,280000,-15.15,90,34,4,100,7,40,5,25,223.6,4.18
9/3/26,Rolling 3 Months,3/1/26,5/31/26,32226,City,"Delaware, NJ",Delaware,NJ,1,0,348900,74.45,294,260,1,-50,1,-66.67,1,0,199.96,-13.4
9/3/26,Rolling 3 Months,3/1/26,5/31/26,37370,City,"Delmont, NJ",Delmont,NJ,NA,NA,NA,NA,NA,NA,NA,NA,1,0,NA,NA,NA,NA
9/3/26,Rolling 3 Months,3/1/26,5/31/26,4548,City,"Demarest, NJ",Demarest,NJ,14,-22.22,2230225,34.76,68,-9,26,-33.33,45,-29.69,21,-22.22,606.75,6
9/3/26,Rolling 3 Months,3/1/26,5/31/26,37035,City,"Dennisville, NJ",Dennisville,NJ,1,-75,85000,-54.04,31,-59,5,150,5,0,1,-75,273.57,107.05
9/3/26,Rolling 3 Months,3/1/26,5/31/26,22215,City,"Diamond Beach, NJ",Diamond Beach,NJ,6,-25,814950,2.9,21,-12,13,-31.58,17,-39.29,9,-10,678.05,-0.06
9/3/26,Rolling 3 Months,3/1/26,5/31/26,36953,City,"Dividing Creek, NJ",Dividing Creek,NJ,1,0,125000,-35.9,12,-45,5,150,8,100,3,200,125.33,-13.75
9/3/26,Rolling 3 Months,3/1/26,5/31/26,37045,City,"Dorchester, NJ",Dorchester,NJ,1,-50,149900,-48.31,15,-54,4,33.33,5,25,1,-50,173.25,168.61
9/3/26,Rolling 3 Months,3/1/26,5/31/26,37258,City,"Dorothy, NJ",Dorothy,NJ,3,-25,206000,-46.84,73,-22,2,NA,4,0,2,-33.33,224.29,NA
9/3/26,Rolling 3 Months,3/1/26,5/31/26,22238,City,"Dover Beaches North, NJ",Dover Beaches North,NJ,18,-45.45,927500,17.41,32,11,33,26.92,46,-2.13,28,-3.45,863.93,-4.75
9/3/26,Rolling 3 Months,3/1/26,5/31/26,22240,City,"Dover Beaches South, NJ",Dover Beaches South,NJ,12,-25,912450,17.74,14,-19,28,27.27,43,22.86,21,5,752,8.33
9/3/26,Rolling 3 Months,3/1/26,5/31/26,4682,City,"Dover, NJ",Dover,NJ,20,53.85,489000,-5.05,30,-19,35,34.62,42,16.67,22,-18.52,306.86,-0.14
9/3/26,Rolling 3 Months,3/1/26,5/31/26,4760,City,"Dumont, NJ",Dumont,NJ,24,-11.11,704000,8.31,64,1,41,-24.07,62,-16.22,35,-23.91,410.08,-1.9
9/3/26,Rolling 3 Months,3/1/26,5/31/26,4785,City,"Dunellen, NJ",Dunellen,NJ,24,71.43,560000,3.23,77,32,33,83.33,53,70.97,22,37.5,330.27,3.51
9/3/26,Rolling 3 Months,3/1/26,5/31/26,36935,City,"Dutch Neck, NJ",Dutch Neck,NJ,NA,NA,NA,NA,NA,NA,1,0,2,0,2,100,94.09,-53.03
9/3/26,Rolling 3 Months,3/1/26,5/31/26,32320,City,"East Franklin, NJ",East Franklin,NJ,11,0,500000,5.26,50,15,17,21.43,22,10,11,-21.43,290.76,-25.56
9/3/26,Rolling 3 Months,3/1/26,5/31/26,22309,City,"East Freehold, NJ",East Freehold,NJ,8,-20,850000,4.29,17,-14,18,-35.71,24,-33.33,19,-24,355.5,6.8
9/3/26,Rolling 3 Months,3/1/26,5/31/26,32334,City,"East Millstone, NJ",East Millstone,NJ,1,-50,1800000,48.15,44,33,3,200,3,-25,1,-50,342.99,125.48
9/3/26,Rolling 3 Months,3/1/26,5/31/26,4996,City,"East Newark, NJ",East Newark,NJ,NA,NA,NA,NA,NA,NA,5,400,6,50,3,200,334.14,13.67
9/3/26,Rolling 3 Months,3/1/26,5/31/26,5001,City,"East Orange, NJ",East Orange,NJ,79,-13.19,525750,-3,84,3,142,20.34,265,23.83,107,7,244.95,0.31
9/3/26,Rolling 3 Months,3/1/26,5/31/26,32338,City,"East Rocky Hill, NJ",East Rocky Hill,NJ,2,NA,921500,NA,104,NA,3,-25,5,25,3,50,241.38,-43.74
9/3/26,Rolling 3 Months,3/1/26,5/31/26,5036,City,"East Rutherford, NJ",East Rutherford,NJ,7,-46.15,790000,26,52,-2,15,0,23,0,14,0,434.15,18.53
9/3/26,Rolling 3 Months,3/1/26,5/31/26,37238,City,"East Vineland, NJ",East Vineland,NJ,4,300,202500,193.48,102,-36,3,50,9,80,7,250,237.74,2.29
9/3/26,Rolling 3 Months,3/1/26,5/31/26,5113,City,"Eatontown, NJ",Eatontown,NJ,26,0,590000,6.31,27,10,44,2.33,71,7.58,35,16.67,389.22,13.42
9/3/26,Rolling 3 Months,3/1/26,5/31/26,22363,City,"Echelon, NJ",Echelon,NJ,26,-25.71,251250,-21.48,43,22,40,8.11,49,-9.26,30,-21.05,235.59,4.33
9/3/26,Rolling 3 Months,3/1/26,5/31/26,5164,City,"Edgewater, NJ",Edgewater,NJ,50,38.89,677500,6.69,107,12,98,7.69,184,12.88,55,0,501.68,-4.94
9/3/26,Rolling 3 Months,3/1/26,5/31/26,35780,City,"Edison, NJ",Edison,NJ,130,-9.09,548750,-11.49,72,10,314,24.6,474,24.74,193,-8.53,385.19,-1.09
9/3/26,Rolling 3 Months,3/1/26,5/31/26,5265,City,"Egg Harbor City, NJ",Egg Harbor City,NJ,13,85.71,305000,10.91,48,0,34,112.5,48,108.7,17,13.33,195.21,2.42
9/3/26,Rolling 3 Months,3/1/26,5/31/26,5417,City,"Elizabeth, NJ",Elizabeth,NJ,103,-20.16,650000,-1.52,35,-4,205,13.26,341,26.3,140,7.69,320.08,5.22
9/3/26,Rolling 3 Months,3/1/26,5/31/26,31169,City,"Ellisburg, NJ",Ellisburg,NJ,12,50,469250,26.48,14,-6,20,150,24,100,16,60,256.33,7.35
9/3/26,Rolling 3 Months,3/1/26,5/31/26,5477,City,"Elmer, NJ",Elmer,NJ,5,66.67,282500,-0.88,149,88,7,133.33,16,220,7,600,168.2,114.07
9/3/26,Rolling 3 Months,3/1/26,5/31/26,5497,City,"Elmwood Park, NJ",Elmwood Park,NJ,34,78.95,642500,19.23,65,5,38,-11.63,70,12.9,42,50,353.76,-4.09
9/3/26,Rolling 3 Months,3/1/26,5/31/26,31170,City,"Elwood, NJ",Elwood,NJ,3,-25,329900,49.61,40,-64,3,0,7,16.67,4,33.33,249.55,2.44
9/3/26,Rolling 3 Months,3/1/26,5/31/26,5543,City,"Emerson, NJ",Emerson,NJ,10,100,887500,6.93,73,5,17,-10.53,27,8,11,-15.38,402.66,3.18
9/3/26,Rolling 3 Months,3/1/26,5/31/26,37594,City,"Encore at Monroe, NJ",Encore at Monroe,NJ,2,0,672000,-11.58,102,62,7,16.67,9,50,6,20,279.44,-2.39
9/3/26,Rolling 3 Months,3/1/26,5/31/26,5552,City,"Englewood Cliffs, NJ",Englewood Cliffs,NJ,9,-18.18,2250000,-16.67,106,-9,21,-30,42,-19.23,15,-51.61,667.28,26.45
9/3/26,Rolling 3 Months,3/1/26,5/31/26,5544,City,"Englewood, NJ",Englewood,NJ,34,-15,663000,7.8,87,9,99,19.28,164,13.89,73,1.39,424.43,6.98
9/3/26,Rolling 3 Months,3/1/26,5/31/26,37252,City,"English Creek, NJ",English Creek,NJ,10,400,467500,58.74,59,-14,9,50,17,54.55,7,16.67,219.75,5.28
9/3/26,Rolling 3 Months,3/1/26,5/31/26,5564,City,"Englishtown, NJ",Englishtown,NJ,11,NA,425000,NA,21,NA,5,-58.33,12,-14.29,7,40,291.09,-14.87
9/3/26,Rolling 3 Months,3/1/26,5/31/26,22474,City,"Erma, NJ",Erma,NJ,7,75,405000,-19.6,58,7,6,20,13,18.18,9,50,290.49,-13.67
9/3/26,Rolling 3 Months,3/1/26,5/31/26,5632,City,"Essex Fells, NJ",Essex Fells,NJ,7,0,1595000,2.08,33,-34,4,-33.33,9,-25,8,-27.27,582.55,20.14
9/3/26,Rolling 3 Months,3/1/26,5/31/26,5639,City,"Estell Manor, NJ",Estell Manor,NJ,2,-60,534500,13.72,56,27,6,100,11,37.5,6,20,305.83,69.21
9/3/26,Rolling 3 Months,3/1/26,5/31/26,22514,City,"Ewing, NJ",Ewing,NJ,86,-2.27,383500,6.82,36,-14,143,21.19,208,13.66,105,-9.48,246.91,1.56
9/3/26,Rolling 3 Months,3/1/26,5/31/26,5775,City,"Fair Haven, NJ",Fair Haven,NJ,9,-52.63,1520000,4.47,32,17,19,-34.48,21,-47.5,11,-64.52,728.13,17.87
9/3/26,Rolling 3 Months,3/1/26,5/31/26,5779,City,"Fair Lawn, NJ",Fair Lawn,NJ,53,3.92,750000,20,55,-2,105,22.09,143,14.4,92,39.39,433.79,5.56
9/3/26,Rolling 3 Months,3/1/26,5/31/26,22546,City,"Fairton, NJ",Fairton,NJ,3,200,80000,-62.79,93,32,4,300,12,200,4,300,128.73,-52.97
9/3/26,Rolling 3 Months,3/1/26,5/31/26,5804,City,"Fairview, NJ",Fairview,NJ,16,100,780000,15.13,88,18,28,40,48,50,14,-6.67,402.35,-8.93
9/3/26,Rolling 3 Months,3/1/26,5/31/26,22563,City,"Fairview, NJ",Fairview,NJ,7,-30,685000,-7.28,12,-4,11,-31.25,14,-26.32,9,-18.18,466.87,3.12
9/3/26,Rolling 3 Months,3/1/26,5/31/26,5889,City,"Fanwood, NJ",Fanwood,NJ,24,41.18,770000,-6.1,19,6,25,-13.79,36,0,30,36.36,430.44,-3.63
9/3/26,Rolling 3 Months,3/1/26,5/31/26,5899,City,"Far Hills, NJ",Far Hills,NJ,3,200,717500,-34.77,143,130,4,-20,7,-12.5,2,0,433.91,-2.86
9/3/26,Rolling 3 Months,3/1/26,5/31/26,5909,City,"Farmingdale, NJ",Farmingdale,NJ,2,-33.33,645000,-18.77,29,-137,6,200,9,200,5,400,343.86,0.08
9/3/26,Rolling 3 Months,3/1/26,5/31/26,6000,City,"Fieldsboro, NJ",Fieldsboro,NJ,4,NA,312000,NA,59,NA,2,100,4,300,2,100,259.29,1
9/3/26,Rolling 3 Months,3/1/26,5/31/26,32535,City,"Finderne, NJ",Finderne,NJ,6,-50,590000,30.39,20,-1,16,-5.88,19,-17.39,10,-28.57,340.4,5.91
9/3/26,Rolling 3 Months,3/1/26,5/31/26,32536,City,"Finesville, NJ",Finesville,NJ,1,NA,415000,NA,37,NA,3,200,4,300,3,NA,193.49,-5.9
9/3/26,Rolling 3 Months,3/1/26,5/31/26,37709,City,"Flagtown, NJ",Flagtown,NJ,1,0,816000,35.77,50,30,2,-33.33,2,-33.33,2,100,440.43,22.33
9/3/26,Rolling 3 Months,3/1/26,5/31/26,37813,City,"Flanders, NJ",Flanders,NJ,26,136.36,632500,8.12,17,1,26,-16.13,30,-18.92,22,-12,317.52,7.44
9/3/26,Rolling 3 Months,3/1/26,5/31/26,6109,City,"Flemington, NJ",Flemington,NJ,7,-30,550000,33.12,34,17,18,-10,23,-8,10,-23.08,310.87,10.71
9/3/26,Rolling 3 Months,3/1/26,5/31/26,31178,City,"Florence, NJ",Florence,NJ,15,-25,255000,-5.56,72,47,26,-10.34,47,6.82,17,-22.73,238.52,16.64
9/3/26,Rolling 3 Months,3/1/26,5/31/26,6151,City,"Florham Park, NJ",Florham Park,NJ,19,-9.52,1050000,-10.26,15,-5,39,-9.3,43,-15.69,29,-9.38,491.99,11.39
9/3/26,Rolling 3 Months,3/1/26,5/31/26,6154,City,"Folsom, NJ",Folsom,NJ,7,75,340000,-22.2,39,-100,10,233.33,15,150,7,40,283.04,78.76
9/3/26,Rolling 3 Months,3/1/26,5/31/26,22644,City,"Fords, NJ",Fords,NJ,13,-40.91,575000,14.43,71,1,35,75,57,32.56,32,33.33,403.21,0.83
9/3/26,Rolling 3 Months,3/1/26,5/31/26,22650,City,"Forked River, NJ",Forked River,NJ,35,-10.26,617000,25.92,42,-2,52,33.33,74,8.82,37,5.71,333.27,-9.49
9/3/26,Rolling 3 Months,3/1/26,5/31/26,37618,City,"Forsgate, NJ",Forsgate,NJ,4,33.33,822500,-6,187,143,9,28.57,11,22.22,4,33.33,318.81,-6.22
9/3/26,Rolling 3 Months,3/1/26,5/31/26,6283,City,"Fort Lee, NJ",Fort Lee,NJ,127,-16.45,422500,2.8,104,21,217,-0.91,423,6.55,150,-16.2,473.83,2.22
9/3/26,Rolling 3 Months,3/1/26,5/31/26,37063,City,"Fortescue, NJ",Fortescue,NJ,4,300,254750,41.53,71,-50,8,166.67,10,25,6,200,197.78,-4.17
9/3/26,Rolling 3 Months,3/1/26,5/31/26,32629,City,"Franklin Center, NJ",Franklin Center,NJ,15,-16.67,665000,1.53,64,48,29,-34.09,42,-27.59,24,-17.24,282.79,2.87
9/3/26,Rolling 3 Months,3/1/26,5/31/26,6433,City,"Franklin Lakes, NJ",Franklin Lakes,NJ,26,52.94,1780000,-6.32,126,64,48,0,81,8,39,11.43,421,-5.34
9/3/26,Rolling 3 Months,3/1/26,5/31/26,32634,City,"Franklin Park, NJ",Franklin Park,NJ,16,-55.56,447389,16.2,27,4,46,12.2,56,-1.75,28,-20,311.06,1.14
9/3/26,Rolling 3 Months,3/1/26,5/31/26,6420,City,"Franklin, NJ",Franklin,NJ,12,-29.41,322500,-19.37,21,-1,23,4.55,27,-12.9,11,-47.62,227.5,-1.1
9/3/26,Rolling 3 Months,3/1/26,5/31/26,37287,City,"Franklinville, NJ",Franklinville,NJ,6,-14.29,353500,24.04,52,-18,13,333.33,21,200,8,60,197.29,17.85
9/3/26,Rolling 3 Months,3/1/26,5/31/26,6496,City,"Freehold, NJ",Freehold,NJ,31,19.23,460000,-11.84,38,16,42,-28.81,62,-11.43,31,-29.55,333.89,-1.63
9/3/26,Rolling 3 Months,3/1/26,5/31/26,6526,City,"Frenchtown, NJ",Frenchtown,NJ,2,-50,475000,-4.23,36,-44,4,-33.33,8,33.33,1,-75,253.75,34.88
9/3/26,Rolling 3 Months,3/1/26,5/31/26,37157,City,"Gandys Beach, NJ",Gandys Beach,NJ,NA,NA,NA,NA,NA,NA,4,100,5,25,NA,NA,359.87,-8.82
9/3/26,Rolling 3 Months,3/1/26,5/31/26,6627,City,"Garfield, NJ",Garfield,NJ,37,-13.95,640000,7.11,58,-12,62,-4.62,93,-13.08,56,-5.08,373.34,3.07
9/3/26,Rolling 3 Months,3/1/26,5/31/26,6634,City,"Garwood, NJ",Garwood,NJ,10,100,687500,-19.12,19,-24,17,6.25,22,4.76,17,88.89,399.05,11.81
9/3/26,Rolling 3 Months,3/1/26,5/31/26,37098,City,"Germania, NJ",Germania,NJ,1,NA,559775,NA,242,NA,NA,NA,1,0,1,0,NA,NA
9/3/26,Rolling 3 Months,3/1/26,5/31/26,6684,City,"Gibbsboro, NJ",Gibbsboro,NJ,17,88.89,464990,9.93,58,24,24,166.67,48,220,27,170,248.15,5.4
9/3/26,Rolling 3 Months,3/1/26,5/31/26,22792,City,"Gibbstown, NJ",Gibbstown,NJ,12,-42.86,349950,18.63,16,-19,17,-10.53,22,-15.38,10,-56.52,214.2,14.34
9/3/26,Rolling 3 Months,3/1/26,5/31/26,37659,City,"Gillette, NJ",Gillette,NJ,8,-20,618000,1.39,30,5,12,-36.84,15,-34.78,8,-50,418.2,11.47
9/3/26,Rolling 3 Months,3/1/26,5/31/26,6749,City,"Glassboro, NJ",Glassboro,NJ,39,-29.09,358000,0.85,28,1,52,-17.46,77,-18.09,43,-24.56,210.98,-4.85
9/3/26,Rolling 3 Months,3/1/26,5/31/26,6798,City,"Glen Gardner, NJ",Glen Gardner,NJ,8,-38.46,379850,35.66,30,9,10,-47.37,17,-34.62,10,-41.18,234.19,-8.89
9/3/26,Rolling 3 Months,3/1/26,5/31/26,6809,City,"Glen Ridge, NJ",Glen Ridge,NJ,20,-28.57,1264535,10.29,17,-30,33,-34,39,-40.91,24,-47.83,507.19,11.59
9/3/26,Rolling 3 Months,3/1/26,5/31/26,6818,City,"Glen Rock, NJ",Glen Rock,NJ,33,94.12,1235000,26.67,38,-17,49,-3.92,62,-3.13,37,0,499.32,3.68
9/3/26,Rolling 3 Months,3/1/26,5/31/26,22825,City,"Glendora, NJ",Glendora,NJ,26,44.44,328500,-1.94,42,7,27,58.82,37,23.33,29,45,240.14,7.58
9/3/26,Rolling 3 Months,3/1/26,5/31/26,6854,City,"Gloucester City, NJ",Gloucester City,NJ,30,-9.09,235000,-4.08,58,23,51,-3.77,94,22.08,53,8.16,184.17,3.14
9/3/26,Rolling 3 Months,3/1/26,5/31/26,22855,City,"Golden Triangle, NJ",Golden Triangle,NJ,15,-31.82,425000,-4.49,34,18,23,-8,36,-10,18,-33.33,273.95,4.39
9/3/26,Rolling 3 Months,3/1/26,5/31/26,37050,City,"Goshen, NJ",Goshen,NJ,NA,NA,NA,NA,NA,NA,NA,NA,1,-75,NA,NA,NA,NA
9/3/26,Rolling 3 Months,3/1/26,5/31/26,37318,City,"Gouldtown, NJ",Gouldtown,NJ,1,-50,310000,125.45,330,292,9,80,11,22.22,2,0,175.82,-20.22
9/3/26,Rolling 3 Months,3/1/26,5/31/26,31188,City,"Great Meadows, NJ",Great Meadows,NJ,NA,NA,NA,NA,NA,NA,2,100,2,100,1,NA,225.78,NA
9/3/26,Rolling 3 Months,3/1/26,5/31/26,37568,City,"Great Notch, NJ",Great Notch,NJ,10,150,422500,9.17,49,-12,11,83.33,17,88.89,10,233.33,408.9,19.64
9/3/26,Rolling 3 Months,3/1/26,5/31/26,32764,City,"Green Knoll, NJ",Green Knoll,NJ,8,-38.46,775000,-2.52,14,-7,23,9.52,26,-3.7,12,-25,346.83,-6.25
9/3/26,Rolling 3 Months,3/1/26,5/31/26,37809,City,"Green Village, NJ",Green Village,NJ,2,100,2585000,28.29,NA,NA,4,300,4,100,4,300,378.66,-24.83
9/3/26,Rolling 3 Months,3/1/26,5/31/26,22933,City,"Greentree, NJ",Greentree,NJ,25,-16.67,570000,12.87,38,18,37,-5.13,52,-5.45,37,-2.63,246.06,3.2
9/3/26,Rolling 3 Months,3/1/26,5/31/26,37024,City,"Greenwich, NJ",Greenwich,NJ,2,0,300000,75.18,210,57,1,0,1,-50,2,0,177.4,267.53
9/3/26,Rolling 3 Months,3/1/26,5/31/26,32785,City,"Greenwich, NJ",Greenwich,NJ,7,0,535000,-17.69,15,-19,19,58.33,19,58.33,12,20,244.71,10.55
9/3/26,Rolling 3 Months,3/1/26,5/31/26,37366,City,"Grenloch, NJ",Grenloch,NJ,NA,NA,NA,NA,NA,NA,2,0,2,-33.33,1,0,256.61,37.11
9/3/26,Rolling 3 Months,3/1/26,5/31/26,32794,City,"Griggstown, NJ",Griggstown,NJ,2,NA,664000,NA,19,NA,5,150,5,66.67,2,100,352.6,7.31
9/3/26,Rolling 3 Months,3/1/26,5/31/26,31193,City,"Groveville, NJ",Groveville,NJ,5,66.67,335000,-53.15,62,15,7,-22.22,10,-16.67,6,-25,324.73,31.59
9/3/26,Rolling 3 Months,3/1/26,5/31/26,7302,City,"Guttenberg, NJ",Guttenberg,NJ,23,64.29,365000,7.51,123,85,61,-1.61,96,-17.24,35,59.09,359.05,2.21
9/3/26,Rolling 3 Months,3/1/26,5/31/26,7312,City,"Hackensack, NJ",Hackensack,NJ,74,0,380000,12.93,78,-9,123,24.24,209,14.21,87,-10.31,375.08,9.83
9/3/26,Rolling 3 Months,3/1/26,5/31/26,7319,City,"Hackettstown, NJ",Hackettstown,NJ,21,16.67,500000,17.08,16,-7,33,26.92,38,-2.56,28,12,285.71,-0.31
9/3/26,Rolling 3 Months,3/1/26,5/31/26,7341,City,"Haddon Heights, NJ",Haddon Heights,NJ,9,-35.71,441000,-13.15,12,-4,23,-14.81,28,-20,16,-20,298.65,3.69
9/3/26,Rolling 3 Months,3/1/26,5/31/26,7331,City,"Haddonfield, NJ",Haddonfield,NJ,41,10.81,880000,0.57,20,9,69,18.97,92,29.58,61,10.91,409.46,-2.74
9/3/26,Rolling 3 Months,3/1/26,5/31/26,32814,City,"Hainesburg, NJ",Hainesburg,NJ,1,NA,599999,NA,30,NA,NA,NA,2,-33.33,1,-50,NA,NA
9/3/26,Rolling 3 Months,3/1/26,5/31/26,7405,City,"Haledon, NJ",Haledon,NJ,12,20,570000,1.79,49,-25,22,0,35,2.94,13,-18.75,292.49,-5.44
9/3/26,Rolling 3 Months,3/1/26,5/31/26,7453,City,"Hamburg, NJ",Hamburg,NJ,17,-22.73,379900,-3.21,35,15,26,-27.78,35,-23.91,25,-13.79,235.53,-1.84
9/3/26,Rolling 3 Months,3/1/26,5/31/26,31196,City,"Hamilton Square, NJ",Hamilton Square,NJ,22,0,510000,3.5,54,27,40,-18.37,53,-10.17,34,-12.82,313.31,6.12
9/3/26,Rolling 3 Months,3/1/26,5/31/26,7499,City,"Hammonton, NJ",Hammonton,NJ,31,10.71,424990,19.38,31,7,56,30.23,73,35.19,38,31.03,226.22,0.13
9/3/26,Rolling 3 Months,3/1/26,5/31/26,7508,City,"Hampton, NJ",Hampton,NJ,6,100,455000,54.24,32,4,7,75,11,120,9,125,244.87,2.54
9/3/26,Rolling 3 Months,3/1/26,5/31/26,32848,City,"Hancocks Bridge, NJ",Hancocks Bridge,NJ,2,NA,286000,NA,179,NA,1,-50,3,50,2,0,157.02,11.6
9/3/26,Rolling 3 Months,3/1/26,5/31/26,32870,City,"Harlingen, NJ",Harlingen,NJ,NA,NA,NA,NA,NA,NA,2,0,3,50,1,0,408.23,22.91
9/3/26,Rolling 3 Months,3/1/26,5/31/26,32876,City,"Harmony, NJ",Harmony,NJ,3,NA,389300,NA,22,NA,1,-66.67,2,-50,2,-33.33,397.62,115.65
9/3/26,Rolling 3 Months,3/1/26,5/31/26,7687,City,"Harrington Park, NJ",Harrington Park,NJ,9,12.5,925000,11.78,62,9,17,-5.56,23,-4.17,11,-35.29,345.64,-11.78
9/3/26,Rolling 3 Months,3/1/26,5/31/26,7704,City,"Harrison, NJ",Harrison,NJ,6,-66.67,765000,24.39,152,69,19,-34.48,34,-29.17,18,-43.75,434.71,21.56
9/3/26,Rolling 3 Months,3/1/26,5/31/26,37107,City,"Harrisonville, NJ",Harrisonville,NJ,2,100,572500,129,126,116,2,NA,4,100,2,NA,204.8,NA
9/3/26,Rolling 3 Months,3/1/26,5/31/26,7751,City,"Harvey Cedars, NJ",Harvey Cedars,NJ,6,-14.29,3240000,32.52,35,-143,7,-30,16,-5.88,6,-14.29,1204.42,26.22
9/3/26,Rolling 3 Months,3/1/26,5/31/26,7763,City,"Hasbrouck Heights, NJ",Hasbrouck Heights,NJ,10,-47.37,732500,6.16,68,-2,26,4,36,-7.69,14,-26.32,423.75,7.97
9/3/26,Rolling 3 Months,3/1/26,5/31/26,7800,City,"Haworth, NJ",Haworth,NJ,7,-12.5,1435000,4.36,133,71,8,-27.27,17,-5.56,10,42.86,553.51,11.56
9/3/26,Rolling 3 Months,3/1/26,5/31/26,7806,City,"Hawthorne, NJ",Hawthorne,NJ,35,25,641500,4.73,27,-36,61,45.24,80,29.03,54,28.57,361.82,3.78
9/3/26,Rolling 3 Months,3/1/26,5/31/26,23114,City,"Heathcote, NJ",Heathcote,NJ,27,-6.9,595000,-0.83,66,18,34,-8.11,51,2,29,-9.38,332.44,2.29
9/3/26,Rolling 3 Months,3/1/26,5/31/26,37177,City,"Heislerville, NJ",Heislerville,NJ,NA,NA,NA,NA,NA,NA,NA,NA,1,-50,NA,NA,NA,NA
9/3/26,Rolling 3 Months,3/1/26,5/31/26,7886,City,"Helmetta, NJ",Helmetta,NJ,11,10,352500,-2.08,68,31,12,-29.41,24,4.35,12,-25,304.67,2.28
9/3/26,Rolling 3 Months,3/1/26,5/31/26,37779,City,"Hewitt, NJ",Hewitt,NJ,2,-71.43,867500,77.4,55,-34,8,-27.27,15,-16.67,5,-37.5,327.81,-4.63
9/3/26,Rolling 3 Months,3/1/26,5/31/26,8009,City,"High Bridge, NJ",High Bridge,NJ,12,20,443000,8.05,26,10,27,92.86,30,57.89,21,61.54,286.7,-1.68
9/3/26,Rolling 3 Months,3/1/26,5/31/26,23160,City,"Highland Lake, NJ",Highland Lake,NJ,23,53.33,399000,10.83,20,-29,51,70,66,65,34,54.55,294.44,-2.28
9/3/26,Rolling 3 Months,3/1/26,5/31/26,35875,City,"Highland Lakes, NJ",Highland Lakes,NJ,24,50,399500,10.21,22,-28,51,75.86,66,73.68,34,54.55,294.44,-8.05
9/3/26,Rolling 3 Months,3/1/26,5/31/26,8051,City,"Highland Park, NJ",Highland Park,NJ,16,-11.11,528500,-14.9,66,-36,31,-20.51,49,-14.04,23,-8,332.22,7.6
9/3/26,Rolling 3 Months,3/1/26,5/31/26,8059,City,"Highlands, NJ",Highlands,NJ,26,8.33,694500,16.72,24,7,45,9.76,49,-12.5,28,3.7,450.63,-1.08
9/3/26,Rolling 3 Months,3/1/26,5/31/26,8084,City,"Hightstown, NJ",Hightstown,NJ,12,0,467000,7.48,41,16,17,-22.73,25,-19.35,9,-43.75,260.27,-11.73
9/3/26,Rolling 3 Months,3/1/26,5/31/26,8229,City,"Highway-Nella, NJ",Highway-Nella,NJ,NA,NA,NA,NA,NA,NA,1,0,3,50,2,0,205.4,-1.27
9/3/26,Rolling 3 Months,3/1/26,5/31/26,37767,City,"Hillsborough, NJ",Hillsborough,NJ,51,-25,435000,-6.45,22,3,109,19.78,132,22.22,74,-3.9,325.78,2.6
9/3/26,Rolling 3 Months,3/1/26,5/31/26,8153,City,"Hillsdale, NJ",Hillsdale,NJ,17,30.77,915000,8.93,47,-1,30,-3.23,41,7.89,26,0,412.1,0.62
9/3/26,Rolling 3 Months,3/1/26,5/31/26,8255,City,"Ho-Ho-Kus, NJ",Ho-Ho-Kus,NJ,12,50,1562500,28.65,60,3,26,0,35,12.9,24,50,571.84,7.36
9/3/26,Rolling 3 Months,3/1/26,5/31/26,8238,City,"Hoboken, NJ",Hoboken,NJ,156,9.86,996000,19.14,30,4,274,13.69,368,14.29,190,-4.04,947.76,8.81
9/3/26,Rolling 3 Months,3/1/26,5/31/26,23219,City,"Holiday City South, NJ",Holiday City South,NJ,31,24,360000,-2.44,21,-6,64,23.08,83,16.9,47,38.24,262.35,4.26
9/3/26,Rolling 3 Months,3/1/26,5/31/26,23218,City,"Holiday City-Berkeley, NJ",Holiday City-Berkeley,NJ,121,-11.03,330000,1.23,49,13,181,7.74,284,6.37,137,-18.45,271.92,6.11
9/3/26,Rolling 3 Months,3/1/26,5/31/26,23220,City,"Holiday Heights, NJ",Holiday Heights,NJ,14,-22.22,366500,3.24,41,22,32,-17.95,45,2.27,17,-45.16,256.64,2.87
9/3/26,Rolling 3 Months,3/1/26,5/31/26,8413,City,"Hopatcong, NJ",Hopatcong,NJ,51,-3.77,485000,18.29,25,-10,109,41.56,136,28.3,72,9.09,347.15,-9.96
9/3/26,Rolling 3 Months,3/1/26,5/31/26,33031,City,"Hope, NJ",Hope,NJ,NA,NA,NA,NA,NA,NA,1,0,1,-50,1,NA,282.71,NA
9/3/26,Rolling 3 Months,3/1/26,5/31/26,37800,City,"Hopelawn, NJ",Hopelawn,NJ,2,-50,392500,-14.67,109,64,4,-42.86,9,0,5,-37.5,432.61,34.59
9/3/26,Rolling 3 Months,3/1/26,5/31/26,8474,City,"Hopewell, NJ",Hopewell,NJ,3,-50,600000,12.15,117,83,8,-20,12,20,3,-57.14,315.97,-9.16
9/3/26,Rolling 3 Months,3/1/26,5/31/26,33060,City,"Hutchinson, NJ",Hutchinson,NJ,1,NA,560000,NA,11,NA,1,0,1,0,1,NA,558.4,30.16
9/3/26,Rolling 3 Months,3/1/26,5/31/26,8737,City,"Interlaken, NJ",Interlaken,NJ,3,50,1499000,21.13,20,-4,7,600,8,700,3,NA,870.84,-36.44
9/3/26,Rolling 3 Months,3/1/26,5/31/26,23338,City,"Iselin, NJ",Iselin,NJ,25,-7.41,515000,-6.36,79,3,55,22.22,85,8.97,34,-2.86,416.33,0.25
9/3/26,Rolling 3 Months,3/1/26,5/31/26,8813,City,"Island Heights, NJ",Island Heights,NJ,5,150,555000,2.12,26,-81,9,-30.77,14,-22.22,9,28.57,351.17,-13.09
9/3/26,Rolling 3 Months,3/1/26,5/31/26,8884,City,"Jamesburg, NJ",Jamesburg,NJ,17,41.67,400000,-26.27,47,-32,20,53.85,32,45.45,16,14.29,290.02,-8.13
9/3/26,Rolling 3 Months,3/1/26,5/31/26,9168,City,"Jersey City, NJ",Jersey City,NJ,496,-0.4,720000,-1.37,56,8,986,3.46,1578,3,583,1.04,568.29,1.69
9/3/26,Rolling 3 Months,3/1/26,5/31/26,37375,City,"Jobstown, NJ",Jobstown,NJ,NA,NA,NA,NA,NA,NA,NA,NA,1,-50,NA,NA,NA,NA
9/3/26,Rolling 3 Months,3/1/26,5/31/26,33174,City,"Johnsonburg, NJ",Johnsonburg,NJ,NA,NA,NA,NA,NA,NA,1,NA,1,-50,1,NA,208.2,NA
9/3/26,Rolling 3 Months,3/1/26,5/31/26,33183,City,"Juliustown, NJ",Juliustown,NJ,2,0,419950,-12.42,29,-135,NA,NA,3,50,NA,NA,NA,NA
9/3/26,Rolling 3 Months,3/1/26,5/31/26,9287,City,"Keansburg, NJ",Keansburg,NJ,25,-32.43,410000,7.47,39,15,58,13.73,88,8.64,56,24.44,297.46,-3.19
9/3/26,Rolling 3 Months,3/1/26,5/31/26,9295,City,"Kearny, NJ",Kearny,NJ,36,-20,579500,-0.09,68,6,75,1.35,120,6.19,67,19.64,379.18,5.84
9/3/26,Rolling 3 Months,3/1/26,5/31/26,37788,City,"Keasbey, NJ",Keasbey,NJ,1,0,1160000,513.76,9,-117,4,300,8,166.67,4,NA,204.81,NA
9/3/26,Rolling 3 Months,3/1/26,5/31/26,23483,City,"Kendall Park, NJ",Kendall Park,NJ,17,70,760000,18.75,87,25,33,73.68,48,71.43,21,23.53,355.85,-0.2
9/3/26,Rolling 3 Months,3/1/26,5/31/26,9341,City,"Kenilworth, NJ",Kenilworth,NJ,22,46.67,662500,10.42,22,-3,32,23.08,42,31.25,30,150,416.67,13.61
9/3/26,Rolling 3 Months,3/1/26,5/31/26,31213,City,"Kenvil, NJ",Kenvil,NJ,5,150,650000,49.08,28,15,5,66.67,6,50,5,66.67,339.5,23.09
9/3/26,Rolling 3 Months,3/1/26,5/31/26,9369,City,"Keyport, NJ",Keyport,NJ,15,-6.25,511000,1.19,14,-5,35,59.09,47,46.88,23,-8,338.91,8.47
9/3/26,Rolling 3 Months,3/1/26,5/31/26,33218,City,"Kingston Estates, NJ",Kingston Estates,NJ,17,41.67,450000,-1.1,39,15,19,-13.64,29,-6.45,19,11.76,226.99,-2.74
9/3/26,Rolling 3 Months,3/1/26,5/31/26,33215,City,"Kingston, NJ",Kingston,NJ,2,-75,450000,26.76,80,45,6,-45.45,8,-42.86,5,-44.44,334.09,7.79
9/3/26,Rolling 3 Months,3/1/26,5/31/26,9434,City,"Kinnelon, NJ",Kinnelon,NJ,19,-32.14,975000,18.92,34,-61,37,-5.13,50,-1.96,24,-25,332.7,10.65
9/3/26,Rolling 3 Months,3/1/26,5/31/26,9530,City,"Lake Como, NJ",Lake Como,NJ,6,-53.85,845000,4.32,35,-7,9,50,13,0,9,12.5,656.58,21.54
9/3/26,Rolling 3 Months,3/1/26,5/31/26,37682,City,"Lake Hiawatha, NJ",Lake Hiawatha,NJ,15,7.14,650000,25,12,-11,27,0,31,-8.82,18,20,363.13,11.51
9/3/26,Rolling 3 Months,3/1/26,5/31/26,37827,City,"Lake Hopatcong, NJ",Lake Hopatcong,NJ,27,35,640000,24.27,21,-9,54,31.71,70,29.63,39,50,329.5,-11.56
9/3/26,Rolling 3 Months,3/1/26,5/31/26,23576,City,"Lake Mohawk, NJ",Lake Mohawk,NJ,29,-12.12,490000,-24.03,25,-10,61,5.17,78,-2.5,41,-10.87,316.9,4.14
9/3/26,Rolling 3 Months,3/1/26,5/31/26,23606,City,"Lake Telemark, NJ",Lake Telemark,NJ,2,-33.33,535000,-10.83,9,-13,5,0,7,16.67,2,-50,349.67,17.23
9/3/26,Rolling 3 Months,3/1/26,5/31/26,9579,City,"Lakehurst, NJ",Lakehurst,NJ,5,0,398999,22.77,40,13,3,-40,4,-55.56,3,0,379.68,38.87
9/3/26,Rolling 3 Months,3/1/26,5/31/26,37208,City,"Lakeside-Beebe Run, NJ",Lakeside-Beebe Run,NJ,NA,NA,NA,NA,NA,NA,1,-75,3,-50,2,-50,169.67,-38.73
9/3/26,Rolling 3 Months,3/1/26,5/31/26,23620,City,"Lakewood, NJ",Lakewood,NJ,27,22.73,500000,-25.82,56,-31,54,10.2,92,5.75,32,28,374.23,-12.16
9/3/26,Rolling 3 Months,3/1/26,5/31/26,9794,City,"Lambertville, NJ",Lambertville,NJ,14,7.69,715000,34.28,21,-18,26,13.04,34,-12.82,15,-21.05,390.23,12.36
9/3/26,Rolling 3 Months,3/1/26,5/31/26,37821,City,"Landing, NJ",Landing,NJ,13,0,545000,1.87,17,1,22,4.76,28,0,16,14.29,343.51,-7.14
9/3/26,Rolling 3 Months,3/1/26,5/31/26,36965,City,"Laurel Heights, NJ",Laurel Heights,NJ,NA,NA,NA,NA,NA,NA,NA,NA,1,-75,NA,NA,NA,NA
9/3/26,Rolling 3 Months,3/1/26,5/31/26,23651,City,"Laurel Lake, NJ",Laurel Lake,NJ,13,0,185000,-1.33,54,-6,16,77.78,33,-2.94,11,-26.67,199.22,3.37
9/3/26,Rolling 3 Months,3/1/26,5/31/26,9954,City,"Laurel Springs, NJ",Laurel Springs,NJ,10,150,332450,-7.78,40,27,10,11.11,15,7.14,10,-16.67,188.94,10.19
9/3/26,Rolling 3 Months,3/1/26,5/31/26,23672,City,"Laurence Harbor, NJ",Laurence Harbor,NJ,19,18.75,505000,21.69,63,-6,44,51.72,59,28.26,26,13.04,365.81,9.58
9/3/26,Rolling 3 Months,3/1/26,5/31/26,10007,City,"Lavallette, NJ",Lavallette,NJ,9,-52.63,2349999,66.08,39,11,9,-65.38,19,-52.5,8,-57.89,980.86,-2.69
9/3/26,Rolling 3 Months,3/1/26,5/31/26,10015,City,"Lawnside, NJ",Lawnside,NJ,5,-50,315000,-1.56,84,64,14,27.27,18,20,7,-41.67,191.43,10.26
9/3/26,Rolling 3 Months,3/1/26,5/31/26,23692,City,"Lawrenceville, NJ",Lawrenceville,NJ,16,14.29,407500,-3.44,25,12,12,-36.84,20,-9.09,11,-42.11,300.46,1.04
9/3/26,Rolling 3 Months,3/1/26,5/31/26,37628,City,"Layton, NJ",Layton,NJ,NA,NA,NA,NA,NA,NA,4,33.33,7,16.67,2,-50,280.67,5.36
9/3/26,Rolling 3 Months,3/1/26,5/31/26,10082,City,"Lebanon, NJ",Lebanon,NJ,17,142.86,405000,-0.61,17,-2,23,155.56,27,125,21,250,277.34,8.61
9/3/26,Rolling 3 Months,3/1/26,5/31/26,37554,City,"Ledgewood, NJ",Ledgewood,NJ,14,-26.32,450000,0,18,3,21,-27.59,27,-25,16,-36,311.52,2.25
9/3/26,Rolling 3 Months,3/1/26,5/31/26,37352,City,"Leeds Point, NJ",Leeds Point,NJ,1,NA,599995,NA,176,NA,3,200,4,100,2,NA,123.92,-46.84
9/3/26,Rolling 3 Months,3/1/26,5/31/26,37388,City,"Leesburg, NJ",Leesburg,NJ,1,0,269520,-0.14,67,61,2,NA,6,500,2,100,77.78,NA
9/3/26,Rolling 3 Months,3/1/26,5/31/26,23721,City,"Leisure Knoll, NJ",Leisure Knoll,NJ,29,7.41,320000,-4.48,43,18,33,-25,51,-12.07,33,17.86,230.96,-1.32
9/3/26,Rolling 3 Months,3/1/26,5/31/26,23725,City,"Leisure Village East, NJ",Leisure Village East,NJ,46,-16.36,311000,12.68,45,21,69,11.29,103,18.39,61,5.17,243.89,4.68
9/3/26,Rolling 3 Months,3/1/26,5/31/26,35637,City,"Leisure Village West, NJ",Leisure Village West,NJ,37,-2.63,245000,-11.79,44,4,64,10.34,97,-3,43,-10.42,207.82,-3.31
9/3/26,Rolling 3 Months,3/1/26,5/31/26,23724,City,"Leisure Village, NJ",Leisure Village,NJ,45,28.57,195000,8.33,40,4,74,32.14,124,34.78,52,36.84,194.13,-2.02
9/3/26,Rolling 3 Months,3/1/26,5/31/26,23723,City,"Leisuretowne, NJ",Leisuretowne,NJ,41,0,310000,-4.62,41,6,48,14.29,69,9.52,34,-10.53,250.73,3.75
9/3/26,Rolling 3 Months,3/1/26,5/31/26,23734,City,"Leonardo, NJ",Leonardo,NJ,5,-44.44,640000,0.79,21,-13,6,-25,10,-16.67,7,-12.5,398.96,-5.81
9/3/26,Rolling 3 Months,3/1/26,5/31/26,10204,City,"Leonia, NJ",Leonia,NJ,11,57.14,750000,-3.23,75,13,22,-33.33,35,-22.22,13,-55.17,477.13,17.29
9/3/26,Rolling 3 Months,3/1/26,5/31/26,37816,City,"Liberty Corner, NJ",Liberty Corner,NJ,4,33.33,2012500,107.47,16,4,6,20,7,-12.5,5,-16.67,434.45,7.89
9/3/26,Rolling 3 Months,3/1/26,5/31/26,10278,City,"Lincoln Park, NJ",Lincoln Park,NJ,28,7.69,490000,-6.67,36,-8,39,34.48,51,13.33,37,19.35,322.44,-6.29
9/3/26,Rolling 3 Months,3/1/26,5/31/26,23754,City,"Lincroft, NJ",Lincroft,NJ,10,-47.37,1287500,32.05,14,1,25,-19.35,28,-22.22,19,-32.14,411.67,8.22
9/3/26,Rolling 3 Months,3/1/26,5/31/26,10296,City,"Linden, NJ",Linden,NJ,56,-6.67,562500,2.74,41,9,105,1.94,164,10.81,68,-13.92,437.72,-5.29
9/3/26,Rolling 3 Months,3/1/26,5/31/26,10320,City,"Lindenwold, NJ",Lindenwold,NJ,41,36.67,250000,9.63,41,1,42,-8.7,77,2.67,43,0,170.93,10.57
9/3/26,Rolling 3 Months,3/1/26,5/31/26,10335,City,"Linwood, NJ",Linwood,NJ,34,100,627000,29.28,55,-43,44,4.76,77,14.93,31,19.23,290.17,7.78
9/3/26,Rolling 3 Months,3/1/26,5/31/26,10381,City,"Little Ferry, NJ",Little Ferry,NJ,22,29.41,593000,1.37,79,-19,28,21.74,49,22.5,21,5,385.64,0.44
9/3/26,Rolling 3 Months,3/1/26,5/31/26,10402,City,"Little Silver, NJ",Little Silver,NJ,16,-20,1299000,36.74,13,-1,28,47.37,31,40.91,22,10,556.81,12.97
9/3/26,Rolling 3 Months,3/1/26,5/31/26,37168,City,"Llewellyn Park, NJ",Llewellyn Park,NJ,5,400,1950000,44.34,91,49,NA,NA,4,0,4,100,NA,NA
9/3/26,Rolling 3 Months,3/1/26,5/31/26,10458,City,"Loch Arbour, NJ",Loch Arbour,NJ,NA,NA,NA,NA,NA,NA,1,NA,6,NA,NA,NA,1941.75,NA
9/3/26,Rolling 3 Months,3/1/26,5/31/26,10469,City,"Lodi, NJ",Lodi,NJ,21,-36.36,672000,-4.07,77,-7,50,31.58,71,1.43,35,-16.67,414.36,-0.36
9/3/26,Rolling 3 Months,3/1/26,5/31/26,10520,City,"Long Branch, NJ",Long Branch,NJ,67,1.52,825000,12.63,31,-2,133,3.1,243,6.11,90,9.76,550.74,-0.95
9/3/26,Rolling 3 Months,3/1/26,5/31/26,23853,City,"Long Valley, NJ",Long Valley,NJ,3,0,850000,120.78,15,-31,6,-14.29,6,-14.29,3,-40,248.02,-3.32
9/3/26,Rolling 3 Months,3/1/26,5/31/26,10540,City,"Longport, NJ",Longport,NJ,6,-33.33,2837438,59.86,107,6,20,150,33,22.22,7,0,1096.33,22.78
9/3/26,Rolling 3 Months,3/1/26,5/31/26,33475,City,"Lopatcong Overlook, NJ",Lopatcong Overlook,NJ,4,-50,382500,4.08,17,-1,3,-66.67,5,-54.55,3,-57.14,227.58,-10.08
9/3/26,Rolling 3 Months,3/1/26,5/31/26,37552,City,"Lower Berkshire Valley, NJ",Lower Berkshire Valley,NJ,NA,NA,NA,NA,NA,NA,5,25,7,75,4,33.33,288.28,-2.44
9/3/26,Rolling 3 Months,3/1/26,5/31/26,37740,City,"Lyons, NJ",Lyons,NJ,6,-62.5,1082500,37.9,18,3,18,-10,19,-26.92,14,-39.13,423.45,11.66
9/3/26,Rolling 3 Months,3/1/26,5/31/26,37608,City,"Macopin, NJ",Macopin,NJ,1,-66.67,561000,2.94,179,113,10,400,12,140,5,NA,347.88,3.88
9/3/26,Rolling 3 Months,3/1/26,5/31/26,23952,City,"Madison Park, NJ",Madison Park,NJ,5,66.67,532000,-5,43,8,11,0,13,18.18,5,0,414.36,2.36
9/3/26,Rolling 3 Months,3/1/26,5/31/26,10822,City,"Madison, NJ",Madison,NJ,60,7.14,1275000,30.77,23,-8,86,-7.53,122,2.52,90,12.5,452.49,4.54
9/3/26,Rolling 3 Months,3/1/26,5/31/26,10850,City,"Magnolia, NJ",Magnolia,NJ,13,-27.78,322000,3.87,36,8,15,-28.57,22,-18.52,15,-31.82,245.37,-2.8
9/3/26,Rolling 3 Months,3/1/26,5/31/26,37282,City,"Malaga, NJ",Malaga,NJ,2,-50,68500,-14.27,179,46,7,75,15,36.36,7,0,233.9,3.7
9/3/26,Rolling 3 Months,3/1/26,5/31/26,23981,City,"Manahawkin, NJ",Manahawkin,NJ,8,-63.64,527500,-3.74,13,-22,19,-17.39,23,-28.13,7,-61.11,237.92,-6.7
9/3/26,Rolling 3 Months,3/1/26,5/31/26,10954,City,"Manasquan, NJ",Manasquan,NJ,9,-18.18,1610000,12.98,15,-24,22,15.79,27,3.85,16,14.29,774.5,11.04
9/3/26,Rolling 3 Months,3/1/26,5/31/26,11049,City,"Mantoloking, NJ",Mantoloking,NJ,1,-50,7000000,77.22,7,-98,10,-9.09,17,13.33,4,-20,1833.68,32.37
9/3/26,Rolling 3 Months,3/1/26,5/31/26,11106,City,"Manville, NJ",Manville,NJ,19,-34.48,489900,7.67,76,53,42,20,52,0,27,-10,353.54,6.81
9/3/26,Rolling 3 Months,3/1/26,5/31/26,11173,City,"Margate City, NJ",Margate City,NJ,43,-17.31,999000,-16.75,96,-6,80,-2.44,169,4.32,56,-6.67,689.99,-13.78
9/3/26,Rolling 3 Months,3/1/26,5/31/26,33611,City,"Marksboro, NJ",Marksboro,NJ,NA,NA,NA,NA,NA,NA,1,0,2,100,1,0,376.14,19.47
9/3/26,Rolling 3 Months,3/1/26,5/31/26,24052,City,"Marlton, NJ",Marlton,NJ,18,-30.77,473750,18.44,28,8,32,-15.79,45,-8.16,25,-35.9,284.46,14.9
9/3/26,Rolling 3 Months,3/1/26,5/31/26,37075,City,"Marmora, NJ",Marmora,NJ,4,-33.33,569000,26.59,97,-53,6,-50,13,-31.58,7,40,297.76,6.68
9/3/26,Rolling 3 Months,3/1/26,5/31/26,37086,City,"Marshallville, NJ",Marshallville,NJ,1,-66.67,800000,105.18,283,227,1,-50,2,-60,2,-33.33,337.42,8.14
9/3/26,Rolling 3 Months,3/1/26,5/31/26,33636,City,"Martinsville, NJ",Martinsville,NJ,19,-29.63,750000,-16.2,20,4,55,-6.78,65,-5.8,41,-6.82,341.83,-4.88
9/3/26,Rolling 3 Months,3/1/26,5/31/26,11355,City,"Matawan, NJ",Matawan,NJ,11,-54.17,615000,5.81,40,18,15,-44.44,26,-39.53,14,-46.15,405.69,24.99
9/3/26,Rolling 3 Months,3/1/26,5/31/26,36928,City,"Mauricetown, NJ",Mauricetown,NJ,3,50,240000,60,70,32,2,-66.67,7,16.67,2,0,189.28,68.48
9/3/26,Rolling 3 Months,3/1/26,5/31/26,24107,City,"Mays Landing, NJ",Mays Landing,NJ,25,19.05,194000,-31.93,53,-3,39,14.71,64,12.28,31,6.9,191.56,-3.91
9/3/26,Rolling 3 Months,3/1/26,5/31/26,11429,City,"Maywood, NJ",Maywood,NJ,12,-25,757500,5.57,56,-6,27,42.11,34,9.68,24,60,422.1,-0.08
9/3/26,Rolling 3 Months,3/1/26,5/31/26,37055,City,"McKee City, NJ",McKee City,NJ,28,3.7,230945,9.4,95,41,51,88.89,94,67.86,26,0,212.52,7.44
9/3/26,Rolling 3 Months,3/1/26,5/31/26,11523,City,"Medford Lakes, NJ",Medford Lakes,NJ,9,0,629900,21.13,38,24,11,-15.38,15,-28.57,9,-10,298.63,13.14
9/3/26,Rolling 3 Months,3/1/26,5/31/26,11557,City,"Mendham, NJ",Mendham,NJ,17,-5.56,1250000,47.15,14,-3,30,15.38,33,6.45,22,22.22,400.05,2.35
9/3/26,Rolling 3 Months,3/1/26,5/31/26,37646,City,"Menlo Park Terrace, NJ",Menlo Park Terrace,NJ,1,-66.67,515000,-4.63,28,-123,2,-75,2,-81.82,1,-83.33,545.54,36.93
9/3/26,Rolling 3 Months,3/1/26,5/31/26,31245,City,"Mercerville, NJ",Mercerville,NJ,29,31.82,430000,-3.47,33,-1,38,-9.52,47,-18.97,36,-7.69,305.18,8.18
9/3/26,Rolling 3 Months,3/1/26,5/31/26,11606,City,"Merchantville, NJ",Merchantville,NJ,11,-21.43,401150,10.81,12,-14,17,-26.09,21,-30,9,-59.09,196.08,-4.93
9/3/26,Rolling 3 Months,3/1/26,5/31/26,11649,City,"Metuchen, NJ",Metuchen,NJ,34,9.68,768000,7.87,56,6,55,37.5,82,43.86,50,51.52,468.67,14.02
9/3/26,Rolling 3 Months,3/1/26,5/31/26,37148,City,"Mickleton, NJ",Mickleton,NJ,11,37.5,375000,-14.29,32,15,7,-41.67,11,-21.43,8,-20,251.8,6.37
9/3/26,Rolling 3 Months,3/1/26,5/31/26,33696,City,"Middlebush, NJ",Middlebush,NJ,2,-60,937500,36.86,135,71,4,-60,10,-23.08,5,-16.67,350.99,30.03
9/3/26,Rolling 3 Months,3/1/26,5/31/26,11707,City,"Middlesex, NJ",Middlesex,NJ,29,-12.12,550000,10,57,24,34,-22.73,53,-20.9,35,-18.6,334.6,1.38
9/3/26,Rolling 3 Months,3/1/26,5/31/26,11766,City,"Midland Park, NJ",Midland Park,NJ,9,28.57,720000,-8.28,15,-53,21,90.91,26,52.94,17,54.55,409.18,14.95
9/3/26,Rolling 3 Months,3/1/26,5/31/26,11802,City,"Milford, NJ",Milford,NJ,4,-42.86,328000,-2.09,29,-48,13,30,23,76.92,7,-36.36,264.47,5.61
9/3/26,Rolling 3 Months,3/1/26,5/31/26,37721,City,"Millington, NJ",Millington,NJ,3,-62.5,830000,-4.05,10,-12,15,50,17,70,16,128.57,386.31,3.33
9/3/26,Rolling 3 Months,3/1/26,5/31/26,11892,City,"Millstone, NJ",Millstone,NJ,2,0,680500,-51.04,136,-190,4,33.33,5,66.67,5,400,301.68,-11.26
9/3/26,Rolling 3 Months,3/1/26,5/31/26,11901,City,"Milltown, NJ",Milltown,NJ,17,6.25,560000,0.9,58,7,17,-55.26,33,-28.26,18,-37.93,352.61,-4.56
9/3/26,Rolling 3 Months,3/1/26,5/31/26,11914,City,"Millville, NJ",Millville,NJ,84,-22.94,255000,-0.39,48,14,130,-7.14,216,-0.46,119,1.71,165.8,-5.22
9/3/26,Rolling 3 Months,3/1/26,5/31/26,37262,City,"Milmay, NJ",Milmay,NJ,4,33.33,405000,-11.96,116,-35,4,33.33,10,150,4,300,202.71,113.06
9/3/26,Rolling 3 Months,3/1/26,5/31/26,37192,City,"Mizpah, NJ",Mizpah,NJ,NA,NA,NA,NA,NA,NA,1,-50,1,-75,NA,NA,130.12,-47.73
9/3/26,Rolling 3 Months,3/1/26,5/31/26,12037,City,"Monmouth Beach, NJ",Monmouth Beach,NJ,15,50,1510000,-1.79,41,28,24,-14.29,39,2.63,20,5.26,615.05,10.95
9/3/26,Rolling 3 Months,3/1/26,5/31/26,24265,City,"Monmouth Junction, NJ",Monmouth Junction,NJ,15,7.14,536000,-2.46,66,17,24,-22.58,42,0,22,-8.33,350.23,4.96
9/3/26,Rolling 3 Months,3/1/26,5/31/26,37664,City,"Monroe Manor, NJ",Monroe Manor,NJ,2,0,816250,172.08,29,-6,5,-50,8,-46.67,4,-42.86,403.6,-0.68
9/3/26,Rolling 3 Months,3/1/26,5/31/26,35939,City,"Montclair, NJ",Montclair,NJ,93,-1.06,1375000,14.58,22,-25,189,18.12,225,6.64,150,4.17,478.16,6.76
9/3/26,Rolling 3 Months,3/1/26,5/31/26,12165,City,"Montvale, NJ",Montvale,NJ,10,-16.67,1175000,21.2,82,27,28,-12.5,39,-11.36,25,4.17,446.82,16.09
9/3/26,Rolling 3 Months,3/1/26,5/31/26,35825,City,"Montville, NJ",Montville,NJ,42,5,726250,-6.08,17,-29,106,15.22,133,10.83,78,21.88,355.56,-0.57
9/3/26,Rolling 3 Months,3/1/26,5/31/26,12189,City,"Moonachie, NJ",Moonachie,NJ,1,-75,75000,-82.26,186,103,4,-33.33,5,-37.5,4,0,344.35,-3.4
9/3/26,Rolling 3 Months,3/1/26,5/31/26,24316,City,"Moorestown-Lenola, NJ",Moorestown-Lenola,NJ,32,-20,527000,-9.91,33,2,57,32.56,83,22.06,44,2.33,274.09,-3.98
9/3/26,Rolling 3 Months,3/1/26,5/31/26,24325,City,"Morganville, NJ",Morganville,NJ,13,30,850000,74.36,91,40,22,10,31,10.71,16,33.33,373.51,7.21
9/3/26,Rolling 3 Months,3/1/26,5/31/26,12321,City,"Morris Plains, NJ",Morris Plains,NJ,23,-4.17,710000,-1.39,15,-6,34,6.25,39,-11.36,29,16,407.8,7.58
9/3/26,Rolling 3 Months,3/1/26,5/31/26,12345,City,"Morristown, NJ",Morristown,NJ,27,-27.03,810000,8,18,4,63,36.96,79,27.42,39,-15.22,442.27,10.73
9/3/26,Rolling 3 Months,3/1/26,5/31/26,12461,City,"Mount Arlington, NJ",Mount Arlington,NJ,28,55.56,501000,4.37,19,-2,46,58.62,60,62.16,34,30.77,296.74,-6.07
9/3/26,Rolling 3 Months,3/1/26,5/31/26,12481,City,"Mount Ephraim, NJ",Mount Ephraim,NJ,6,-66.67,360000,9.92,25,-13,18,-28,22,-26.67,14,-26.32,260.52,17.49
9/3/26,Rolling 3 Months,3/1/26,5/31/26,33829,City,"Mount Hermon, NJ",Mount Hermon,NJ,NA,NA,NA,NA,NA,NA,1,0,1,0,1,NA,180.3,8.4
9/3/26,Rolling 3 Months,3/1/26,5/31/26,37672,City,"Mount Hope, NJ",Mount Hope,NJ,22,0,338501,-20.73,47,23,27,12.5,42,16.67,27,22.73,299.38,-4.97
9/3/26,Rolling 3 Months,3/1/26,5/31/26,37202,City,"Mount Royal, NJ",Mount Royal,NJ,2,0,380000,19.69,25,-68,6,0,6,-25,4,-33.33,246.62,14.94
9/3/26,Rolling 3 Months,3/1/26,5/31/26,37562,City,"Mount Tabor, NJ",Mount Tabor,NJ,3,200,574000,-32.07,17,-10,5,25,6,20,5,66.67,408.39,18.09
9/3/26,Rolling 3 Months,3/1/26,5/31/26,33808,City,"Mountain Lake, NJ",Mountain Lake,NJ,1,-75,93000,-71.05,155,124,1,-50,2,-33.33,1,-66.67,NA,NA
9/3/26,Rolling 3 Months,3/1/26,5/31/26,12394,City,"Mountain Lakes, NJ",Mountain Lakes,NJ,10,42.86,1253152,-6.48,18,-24,30,20,34,17.24,19,-20.83,437.58,4.19
9/3/26,Rolling 3 Months,3/1/26,5/31/26,12406,City,"Mountainside, NJ",Mountainside,NJ,12,-7.69,1140000,-2.09,14,-1,29,26.09,34,25.93,22,37.5,451.24,5.17
9/3/26,Rolling 3 Months,3/1/26,5/31/26,24443,City,"Mullica Hill, NJ",Mullica Hill,NJ,15,-44.44,444000,-6.53,70,34,20,-48.72,36,-44.62,19,-5,234.34,-11.72
9/3/26,Rolling 3 Months,3/1/26,5/31/26,24450,City,"Mystic Island, NJ",Mystic Island,NJ,57,-8.06,408625,2.18,37,1,93,1.09,132,-7.04,73,8.96,358.61,20.67
9/3/26,Rolling 3 Months,3/1/26,5/31/26,12744,City,"National Park, NJ",National Park,NJ,10,-23.08,305000,-3.79,52,38,18,63.64,26,44.44,11,-15.38,249.31,17.74
9/3/26,Rolling 3 Months,3/1/26,5/31/26,24462,City,"Navesink, NJ",Navesink,NJ,4,100,947500,84.88,15,-15,12,140,12,71.43,8,33.33,435.88,21.89
9/3/26,Rolling 3 Months,3/1/26,5/31/26,12812,City,"Neptune City, NJ",Neptune City,NJ,10,-16.67,558250,-4.78,21,7,26,-23.53,30,-25,22,-21.43,512.79,-7.32
9/3/26,Rolling 3 Months,3/1/26,5/31/26,36960,City,"Nesco, NJ",Nesco,NJ,NA,NA,NA,NA,NA,NA,1,NA,1,NA,1,NA,146.75,NA
9/3/26,Rolling 3 Months,3/1/26,5/31/26,37622,City,"Neshanic Station, NJ",Neshanic Station,NJ,5,-28.57,849900,24.07,28,10,14,27.27,16,14.29,8,0,325.25,-0.98
9/3/26,Rolling 3 Months,3/1/26,5/31/26,37689,City,"Neshanic, NJ",Neshanic,NJ,1,0,590000,38.82,175,166,2,0,2,0,1,0,507.74,-6.8
9/3/26,Rolling 3 Months,3/1/26,5/31/26,12874,City,"Netcong, NJ",Netcong,NJ,NA,NA,NA,NA,NA,NA,7,-50,8,-60,3,-75,336.6,12.96
9/3/26,Rolling 3 Months,3/1/26,5/31/26,13201,City,"New Brunswick, NJ",New Brunswick,NJ,44,0,485500,7.06,84,-13,72,10.77,145,9.02,61,52.5,343.39,6.65
9/3/26,Rolling 3 Months,3/1/26,5/31/26,24568,City,"New Egypt, NJ",New Egypt,NJ,8,-65.22,558000,-5.74,92,49,18,-33.33,29,-40.82,18,-28,277.34,1.75
9/3/26,Rolling 3 Months,3/1/26,5/31/26,37199,City,"New Gretna, NJ",New Gretna,NJ,1,NA,125000,NA,54,NA,NA,NA,NA,NA,NA,NA,NA,NA
9/3/26,Rolling 3 Months,3/1/26,5/31/26,13318,City,"New Milford, NJ",New Milford,NJ,38,-28.3,585000,-6.4,54,-10,93,1.09,127,-4.51,73,-10.98,334.88,5.94
9/3/26,Rolling 3 Months,3/1/26,5/31/26,13364,City,"New Providence, NJ",New Providence,NJ,35,59.09,1288000,58.72,13,-1,57,50,68,44.68,49,28.95,480.56,5.73
9/3/26,Rolling 3 Months,3/1/26,5/31/26,37574,City,"New Vernon, NJ",New Vernon,NJ,NA,NA,NA,NA,NA,NA,3,0,5,-16.67,3,-40,529.56,43.77
9/3/26,Rolling 3 Months,3/1/26,5/31/26,34006,City,"New Village, NJ",New Village,NJ,NA,NA,NA,NA,NA,NA,2,0,2,0,1,NA,301.03,1.17
9/3/26,Rolling 3 Months,3/1/26,5/31/26,13136,City,"Newark, NJ",Newark,NJ,301,-1.63,595000,-1.57,64,-9,491,13.39,958,15.56,396,-1,225.54,1.32
9/3/26,Rolling 3 Months,3/1/26,5/31/26,13247,City,"Newfield, NJ",Newfield,NJ,8,100,379750,3.9,80,30,13,160,24,100,13,116.67,261.43,38.41
9/3/26,Rolling 3 Months,3/1/26,5/31/26,37578,City,"Newfoundland, NJ",Newfoundland,NJ,1,0,549000,9.8,136,48,5,66.67,7,0,3,50,320.79,2.87
9/3/26,Rolling 3 Months,3/1/26,5/31/26,38282,City,"Newport, NJ",Newport,NJ,NA,NA,NA,NA,NA,NA,2,0,3,-57.14,NA,NA,187.54,-54.41
9/3/26,Rolling 3 Months,3/1/26,5/31/26,13396,City,"Newton, NJ",Newton,NJ,26,4,391500,5.81,21,3,38,2.7,49,-5.77,29,3.57,267.26,4.66
9/3/26,Rolling 3 Months,3/1/26,5/31/26,37358,City,"Newtonville, NJ",Newtonville,NJ,NA,NA,NA,NA,NA,NA,1,-75,3,-40,NA,NA,241.1,45.5
9/3/26,Rolling 3 Months,3/1/26,5/31/26,13485,City,"North Arlington, NJ",North Arlington,NJ,20,11.11,633500,6.03,59,1,43,0,66,20,33,-2.94,408.77,1.04
9/3/26,Rolling 3 Months,3/1/26,5/31/26,24650,City,"North Beach Haven, NJ",North Beach Haven,NJ,28,-34.88,1995000,4.89,62,6,55,-3.51,86,0,35,-16.67,1159.55,14.69
9/3/26,Rolling 3 Months,3/1/26,5/31/26,35940,City,"North Bergen, NJ",North Bergen,NJ,105,-4.55,590000,-6.16,62,-12,211,-18.85,385,-15.57,131,-18.13,424.45,-0.12
9/3/26,Rolling 3 Months,3/1/26,5/31/26,13559,City,"North Caldwell, NJ",North Caldwell,NJ,11,-15.38,1260000,13.62,15,-19,24,-20,33,-13.16,18,-28,393.95,-3.23
9/3/26,Rolling 3 Months,3/1/26,5/31/26,24662,City,"North Cape May, NJ",North Cape May,NJ,26,100,560000,11.11,22,-3,35,84.21,43,19.44,29,93.33,509.48,1.32
9/3/26,Rolling 3 Months,3/1/26,5/31/26,13665,City,"North Haledon, NJ",North Haledon,NJ,14,-6.67,765000,-3.65,19,-30,28,3.7,39,-2.5,20,0,379.6,8.52
9/3/26,Rolling 3 Months,3/1/26,5/31/26,24695,City,"North Middletown, NJ",North Middletown,NJ,7,0,370000,-17.78,17,3,18,100,23,76.92,14,75,343.88,-3.48
9/3/26,Rolling 3 Months,3/1/26,5/31/26,13740,City,"North Plainfield, NJ",North Plainfield,NJ,38,31.03,520000,8.33,33,11,46,0,84,37.7,43,30.3,333.58,4.61
9/3/26,Rolling 3 Months,3/1/26,5/31/26,13815,City,"North Wildwood, NJ",North Wildwood,NJ,44,-43.59,580000,-0.34,117,53,64,-26.44,150,-16.2,53,-30.26,583.01,-11.08
9/3/26,Rolling 3 Months,3/1/26,5/31/26,13632,City,"Northfield, NJ",Northfield,NJ,29,61.11,420000,-7.69,81,22,36,38.46,61,48.78,28,27.27,262.72,-4.19
9/3/26,Rolling 3 Months,3/1/26,5/31/26,13790,City,"Northvale, NJ",Northvale,NJ,12,-25,735000,-11.39,60,-20,12,-36.84,18,-41.94,12,-36.84,394.01,3.36
9/3/26,Rolling 3 Months,3/1/26,5/31/26,13856,City,"Norwood, NJ",Norwood,NJ,14,55.56,1185000,19.7,59,-13,32,60,40,14.29,27,17.39,475.35,6.66
9/3/26,Rolling 3 Months,3/1/26,5/31/26,35824,City,"Nutley, NJ",Nutley,NJ,52,-7.14,680900,5.16,28,-34,104,2.97,139,-2.8,71,5.97,403.9,5.45
9/3/26,Rolling 3 Months,3/1/26,5/31/26,37804,City,"Oak Ridge, NJ",Oak Ridge,NJ,25,-3.85,580000,16.58,19,-21,63,75,73,40.38,38,18.75,288.96,-2.2
9/3/26,Rolling 3 Months,3/1/26,5/31/26,24779,City,"Oak Valley, NJ",Oak Valley,NJ,17,21.43,355000,1.43,37,19,19,0,26,13.04,20,17.65,218.98,2.19
9/3/26,Rolling 3 Months,3/1/26,5/31/26,24752,City,"Oakhurst, NJ",Oakhurst,NJ,18,63.64,887500,-22.83,47,21,21,-34.38,35,-43.55,12,-40,609.28,17.21
9/3/26,Rolling 3 Months,3/1/26,5/31/26,13917,City,"Oakland, NJ",Oakland,NJ,15,-25,731000,-2.86,34,-23,40,-2.44,59,9.26,27,-15.63,399.54,12.5
9/3/26,Rolling 3 Months,3/1/26,5/31/26,13929,City,"Oaklyn, NJ",Oaklyn,NJ,13,-7.14,460000,16.91,33,14,14,-41.67,23,-20.69,13,-27.78,254.53,15.06
9/3/26,Rolling 3 Months,3/1/26,5/31/26,24799,City,"Ocean Acres, NJ",Ocean Acres,NJ,51,-40,505000,4.12,22,-5,95,-28.57,130,-28.18,72,-35.71,286.72,2.88
9/3/26,Rolling 3 Months,3/1/26,5/31/26,14076,City,"Ocean City, NJ",Ocean City,NJ,174,-0.57,1065000,6.71,78,-17,260,-2.26,523,3.36,201,2.03,879.21,16.61
9/3/26,Rolling 3 Months,3/1/26,5/31/26,14095,City,"Ocean Gate, NJ",Ocean Gate,NJ,5,-28.57,379000,-1.56,33,-54,15,15.38,22,15.79,12,-20,374.92,27.76
9/3/26,Rolling 3 Months,3/1/26,5/31/26,24813,City,"Ocean Grove, NJ",Ocean Grove,NJ,18,20,844500,12.6,22,5,39,30,46,12.2,27,28.57,625.99,3.72
9/3/26,Rolling 3 Months,3/1/26,5/31/26,38285,City,"Ocean View, NJ",Ocean View,NJ,7,-12.5,34000,-37.61,166,3,11,57.14,20,-4.76,9,-10,125,-0.44
9/3/26,Rolling 3 Months,3/1/26,5/31/26,14120,City,"Oceanport, NJ",Oceanport,NJ,15,-25,985000,17.73,23,-6,17,-26.09,26,-21.21,14,-36.36,481.03,2.12
9/3/26,Rolling 3 Months,3/1/26,5/31/26,37277,City,"Oceanville, NJ",Oceanville,NJ,NA,NA,NA,NA,NA,NA,3,0,5,-28.57,1,-66.67,459.44,96.28
9/3/26,Rolling 3 Months,3/1/26,5/31/26,14146,City,"Ogdensburg, NJ",Ogdensburg,NJ,6,20,475000,-5.94,18,4,9,-40,12,-29.41,7,-30,289.22,4.93
9/3/26,Rolling 3 Months,3/1/26,5/31/26,24831,City,"Old Bridge, NJ",Old Bridge,NJ,51,21.43,620000,3.51,64,14,79,2.6,117,8.33,67,13.56,367.86,2.31
9/3/26,Rolling 3 Months,3/1/26,5/31/26,14195,City,"Old Tappan, NJ",Old Tappan,NJ,15,25,1080000,5.88,57,-20,22,29.41,40,8.11,18,12.5,461.14,8.03
9/3/26,Rolling 3 Months,3/1/26,5/31/26,37731,City,"Oldwick, NJ",Oldwick,NJ,NA,NA,NA,NA,NA,NA,2,0,3,50,2,100,524.11,93.54
9/3/26,Rolling 3 Months,3/1/26,5/31/26,24844,City,"Olivet, NJ",Olivet,NJ,3,-40,467000,26.22,25,7,5,0,6,-25,3,-40,208.47,8.51
9/3/26,Rolling 3 Months,3/1/26,5/31/26,14231,City,"Oradell, NJ",Oradell,NJ,10,-23.08,1087500,27.96,54,-7,25,-10.71,36,2.86,18,-18.18,447.54,0.9
9/3/26,Rolling 3 Months,3/1/26,5/31/26,36939,City,"Othello, NJ",Othello,NJ,NA,NA,NA,NA,NA,NA,NA,NA,1,0,NA,NA,NA,NA
9/3/26,Rolling 3 Months,3/1/26,5/31/26,24875,City,"Oxford, NJ",Oxford,NJ,7,40,273000,-30.71,86,52,5,-16.67,11,22.22,5,-16.67,151.21,-41.41
9/3/26,Rolling 3 Months,3/1/26,5/31/26,37727,City,"Packanack Lake, NJ",Packanack Lake,NJ,11,-15.38,765000,19.53,20,-54,24,60,26,13.04,15,7.14,395.43,2.23
9/3/26,Rolling 3 Months,3/1/26,5/31/26,37227,City,"Palermo, NJ",Palermo,NJ,7,-36.36,519000,-1.14,81,21,15,36.36,30,50,10,-16.67,258.3,-4.93
9/3/26,Rolling 3 Months,3/1/26,5/31/26,14436,City,"Palisades Park, NJ",Palisades Park,NJ,30,42.86,999500,-2.96,79,-53,54,35,97,32.88,35,0,489.2,6.41
9/3/26,Rolling 3 Months,3/1/26,5/31/26,14448,City,"Palmyra, NJ",Palmyra,NJ,31,6.9,315000,-5.97,48,31,37,8.82,56,21.74,34,0,206.2,-10.37
9/3/26,Rolling 3 Months,3/1/26,5/31/26,31279,City,"Panther Valley, NJ",Panther Valley,NJ,26,4,420750,3.89,24,-2,38,-2.56,45,-13.46,33,-5.71,304.64,7.67
9/3/26,Rolling 3 Months,3/1/26,5/31/26,14484,City,"Paramus, NJ",Paramus,NJ,49,-16.95,1220000,8.93,79,19,86,1.18,134,8.94,58,-7.94,497.18,0.03
9/3/26,Rolling 3 Months,3/1/26,5/31/26,14533,City,"Park Ridge, NJ",Park Ridge,NJ,17,30.77,1050000,7.14,68,-21,26,52.94,42,23.53,23,64.29,383.79,5.93
9/3/26,Rolling 3 Months,3/1/26,5/31/26,37598,City,"Parsippany, NJ",Parsippany,NJ,21,-12.5,675000,0,21,-11,31,-13.89,45,-11.76,30,-6.25,354.92,1.71
9/3/26,Rolling 3 Months,3/1/26,5/31/26,14646,City,"Passaic, NJ",Passaic,NJ,20,-35.48,543500,-3.81,70,-1,71,24.56,107,9.18,41,-22.64,332.71,8.95
9/3/26,Rolling 3 Months,3/1/26,5/31/26,14759,City,"Paterson, NJ",Paterson,NJ,115,-12.88,560000,0,69,5,270,20,481,19.35,176,9.32,296.92,3.92
9/3/26,Rolling 3 Months,3/1/26,5/31/26,14807,City,"Paulsboro, NJ",Paulsboro,NJ,28,12,241950,7.53,56,7,38,46.15,59,43.9,37,76.19,179,9.29
9/3/26,Rolling 3 Months,3/1/26,5/31/26,14857,City,"Peapack & Gladstone, NJ",Peapack & Gladstone,NJ,3,-25,710000,-58.62,84,55,9,-18.18,12,-29.41,2,-75,394.14,10.05
9/3/26,Rolling 3 Months,3/1/26,5/31/26,34260,City,"Pedricktown, NJ",Pedricktown,NJ,NA,NA,NA,NA,NA,NA,3,0,6,50,1,-50,182.22,-18.04
9/3/26,Rolling 3 Months,3/1/26,5/31/26,25023,City,"Pemberton Heights, NJ",Pemberton Heights,NJ,7,-22.22,390000,5.41,38,1,7,-41.67,12,-29.41,9,-25,233.84,1.96
9/3/26,Rolling 3 Months,3/1/26,5/31/26,14896,City,"Pemberton, NJ",Pemberton,NJ,3,-50,300000,22.45,294,241,6,-62.5,10,-50,6,-40,218.69,6.23
9/3/26,Rolling 3 Months,3/1/26,5/31/26,14930,City,"Pennington, NJ",Pennington,NJ,6,-14.29,577500,-25.77,36,6,19,-5,25,-7.41,17,6.25,369.73,5.04
9/3/26,Rolling 3 Months,3/1/26,5/31/26,14978,City,"Penns Grove, NJ",Penns Grove,NJ,7,-56.25,216000,25.22,72,2,19,-17.39,36,-14.29,14,-48.15,168.38,28.31
9/3/26,Rolling 3 Months,3/1/26,5/31/26,25032,City,"Pennsauken, NJ",Pennsauken,NJ,76,-12.64,342798,7.12,41,19,92,-14.81,154,-3.75,89,-11.88,219.3,2.06
9/3/26,Rolling 3 Months,3/1/26,5/31/26,25038,City,"Pennsville, NJ",Pennsville,NJ,54,1.89,272000,2.64,45,-5,71,10.94,123,32.26,71,31.48,201.56,13.27
9/3/26,Rolling 3 Months,3/1/26,5/31/26,15081,City,"Perth Amboy, NJ",Perth Amboy,NJ,42,-6.67,442500,-1.67,102,-7,70,18.64,123,7.89,61,10.91,321.56,5.27
9/3/26,Rolling 3 Months,3/1/26,5/31/26,15108,City,"Phillipsburg, NJ",Phillipsburg,NJ,36,-12.2,282500,-8.87,24,-5,73,25.86,108,24.14,46,-22.03,206.43,0.03
9/3/26,Rolling 3 Months,3/1/26,5/31/26,15170,City,"Pine Beach, NJ",Pine Beach,NJ,2,-33.33,705000,56.67,109,95,11,-21.43,12,-29.41,7,-22.22,371.62,19.3
9/3/26,Rolling 3 Months,3/1/26,5/31/26,37588,City,"Pine Brook, NJ",Pine Brook,NJ,8,300,807500,9.75,18,4,18,100,22,120,17,112.5,354.83,8.9
9/3/26,Rolling 3 Months,3/1/26,5/31/26,15215,City,"Pine Hill, NJ",Pine Hill,NJ,31,0,267000,-11,27,9,40,-2.44,62,14.81,46,27.78,238.94,13.52
9/3/26,Rolling 3 Months,3/1/26,5/31/26,31285,City,"Pine Lake Park, NJ",Pine Lake Park,NJ,30,-3.23,517500,-7.59,45,26,63,12.5,90,18.42,37,2.78,359.78,1.6
9/3/26,Rolling 3 Months,3/1/26,5/31/26,25103,City,"Pine Ridge at Crestwood, NJ",Pine Ridge at Crestwood,NJ,20,-28.57,187500,-6.48,96,54,35,-12.5,64,-12.33,40,11.11,170.98,-11.74
9/3/26,Rolling 3 Months,3/1/26,5/31/26,37632,City,"Pines Lake, NJ",Pines Lake,NJ,4,0,747500,-25.99,22,-46,8,0,10,0,6,-33.33,314.25,-15.66
9/3/26,Rolling 3 Months,3/1/26,5/31/26,15295,City,"Pitman, NJ",Pitman,NJ,16,-56.76,355000,12.7,23,7,32,-31.91,39,-37.1,26,-43.48,239.58,6.73
9/3/26,Rolling 3 Months,3/1/26,5/31/26,15325,City,"Plainfield, NJ",Plainfield,NJ,67,-9.46,530000,0.47,56,22,94,-22.31,167,-10.22,68,-32.67,329.72,-3.04
9/3/26,Rolling 3 Months,3/1/26,5/31/26,25136,City,"Plainsboro Center, NJ",Plainsboro Center,NJ,5,400,990000,52.31,54,-6,7,0,14,75,7,250,407,43.45
9/3/26,Rolling 3 Months,3/1/26,5/31/26,34384,City,"Pleasant Plains, NJ",Pleasant Plains,NJ,2,NA,897500,NA,51,NA,2,100,4,100,2,100,400.73,50.04
9/3/26,Rolling 3 Months,3/1/26,5/31/26,37183,City,"Pleasantdale, NJ",Pleasantdale,NJ,6,0,644500,-1.3,36,-3,8,60,17,88.89,9,80,375.29,-2.52
9/3/26,Rolling 3 Months,3/1/26,5/31/26,15433,City,"Pleasantville, NJ",Pleasantville,NJ,40,8.11,242500,5.43,70,8,64,28,111,12.12,46,-6.12,207.81,10.18
9/3/26,Rolling 3 Months,3/1/26,5/31/26,37751,City,"Pluckemin, NJ",Pluckemin,NJ,2,0,732500,13.57,32,22,2,0,3,0,2,0,352.37,13.07
9/3/26,Rolling 3 Months,3/1/26,5/31/26,15482,City,"Point Pleasant Beach, NJ",Point Pleasant Beach,NJ,24,26.32,936250,-21.16,23,-1,35,-2.78,51,-8.93,31,29.17,773.32,8.54
9/3/26,Rolling 3 Months,3/1/26,5/31/26,15477,City,"Point Pleasant, NJ",Point Pleasant,NJ,55,12.24,765000,0.66,16,1,86,26.47,111,18.09,72,9.09,502.11,7.05
9/3/26,Rolling 3 Months,3/1/26,5/31/26,25180,City,"Pomona, NJ",Pomona,NJ,16,77.78,357500,8.17,68,-22,14,7.69,31,34.78,21,133.33,251.57,15.77
9/3/26,Rolling 3 Months,3/1/26,5/31/26,15521,City,"Pompton Lakes, NJ",Pompton Lakes,NJ,25,0,525110,2.96,25,-26,51,41.67,66,20,37,-2.63,346.48,1.74
9/3/26,Rolling 3 Months,3/1/26,5/31/26,37758,City,"Pompton Plains, NJ",Pompton Plains,NJ,22,57.14,555000,8.29,17,-26,29,31.82,34,-5.56,24,20,374.86,-1.3
9/3/26,Rolling 3 Months,3/1/26,5/31/26,34417,City,"Port Colden, NJ",Port Colden,NJ,NA,NA,NA,NA,NA,NA,NA,NA,1,NA,NA,NA,NA,NA
9/3/26,Rolling 3 Months,3/1/26,5/31/26,36945,City,"Port Elizabeth, NJ",Port Elizabeth,NJ,3,NA,80000,NA,66,NA,2,100,3,50,3,200,85.24,-0.04
9/3/26,Rolling 3 Months,3/1/26,5/31/26,25205,City,"Port Monmouth, NJ",Port Monmouth,NJ,6,-25,438000,-33.89,35,8,12,0,14,-6.67,9,-10,454.04,38.66
9/3/26,Rolling 3 Months,3/1/26,5/31/26,34436,City,"Port Murray, NJ",Port Murray,NJ,NA,NA,NA,NA,NA,NA,1,NA,2,NA,NA,NA,318.85,NA
9/3/26,Rolling 3 Months,3/1/26,5/31/26,25219,City,"Port Norris, NJ",Port Norris,NJ,6,-25,110000,-39.23,22,-5,12,0,17,-26.09,10,-9.09,101.85,-28.14
9/3/26,Rolling 3 Months,3/1/26,5/31/26,25225,City,"Port Reading, NJ",Port Reading,NJ,8,-27.27,550000,-1.79,83,-1,12,50,19,-13.64,12,33.33,397.36,1.37
9/3/26,Rolling 3 Months,3/1/26,5/31/26,15626,City,"Port Republic, NJ",Port Republic,NJ,2,100,487500,74.11,114,87,7,250,9,200,1,0,224.76,-8.55
9/3/26,Rolling 3 Months,3/1/26,5/31/26,37739,City,"Pottersville, NJ",Pottersville,NJ,1,0,740000,-18.41,103,89,1,NA,1,NA,1,NA,537.98,NA
9/3/26,Rolling 3 Months,3/1/26,5/31/26,37763,City,"Preakness, NJ",Preakness,NJ,49,22.5,725000,1.9,22,-30,58,20.83,81,26.56,54,25.58,373.25,3.51
9/3/26,Rolling 3 Months,3/1/26,5/31/26,25238,City,"Presidential Lakes Estates, NJ",Presidential Lakes Estates,NJ,4,-63.64,362495,3.57,121,92,15,25,18,5.88,13,-7.14,235.72,14.14
9/3/26,Rolling 3 Months,3/1/26,5/31/26,25249,City,"Princeton Junction, NJ",Princeton Junction,NJ,6,-40,842500,-0.94,26,-26,10,-52.38,13,-65.79,6,-62.5,386.61,-19.21
9/3/26,Rolling 3 Months,3/1/26,5/31/26,25251,City,"Princeton Meadows, NJ",Princeton Meadows,NJ,25,-37.5,520000,-26.66,78,-11,37,-28.85,59,-28.05,24,-47.83,411.55,5.47
9/3/26,Rolling 3 Months,3/1/26,5/31/26,15686,City,"Princeton, NJ",Princeton,NJ,51,-28.17,1201000,-14.21,50,6,108,-7.69,151,-6.21,82,-20.39,542.99,0.5
9/3/26,Rolling 3 Months,3/1/26,5/31/26,15750,City,"Prospect Park, NJ",Prospect Park,NJ,13,0,590000,19.2,46,-3,13,-53.57,27,-22.86,17,-29.17,265.67,-8.67
9/3/26,Rolling 3 Months,3/1/26,5/31/26,34480,City,"Quinton, NJ",Quinton,NJ,2,NA,316500,NA,139,NA,1,-50,4,33.33,3,50,235.18,45.65
9/3/26,Rolling 3 Months,3/1/26,5/31/26,15819,City,"Rahway, NJ",Rahway,NJ,51,-15,576500,11.4,42,22,86,-4.44,140,7.69,71,9.23,389.98,9.8
9/3/26,Rolling 3 Months,3/1/26,5/31/26,37797,City,"Rainbow Lakes, NJ",Rainbow Lakes,NJ,2,100,795000,37.07,15,-125,6,20,7,40,4,33.33,468.21,-0.88
9/3/26,Rolling 3 Months,3/1/26,5/31/26,25299,City,"Ramblewood, NJ",Ramblewood,NJ,7,-61.11,400000,-1.54,19,-7,16,-33.33,17,-45.16,8,-66.67,247.88,1.44
9/3/26,Rolling 3 Months,3/1/26,5/31/26,15862,City,"Ramsey, NJ",Ramsey,NJ,27,-28.95,695000,-13.77,57,-2,44,4.76,69,-5.48,37,-17.78,422.03,5.06
9/3/26,Rolling 3 Months,3/1/26,5/31/26,25310,City,"Ramtown, NJ",Ramtown,NJ,22,4.76,605000,2.02,30,12,41,20.59,53,23.26,33,22.22,351.76,3.26
9/3/26,Rolling 3 Months,3/1/26,5/31/26,15927,City,"Raritan, NJ",Raritan,NJ,6,-60,642500,31.12,47,30,9,-47.06,13,-38.1,7,-46.15,288.46,-11.97
9/3/26,Rolling 3 Months,3/1/26,5/31/26,16034,City,"Red Bank, NJ",Red Bank,NJ,35,-39.66,800000,22.14,24,-2,78,-30.97,98,-31.94,57,-32.14,406.32,8.3
9/3/26,Rolling 3 Months,3/1/26,5/31/26,37825,City,"Regency at Monroe, NJ",Regency at Monroe,NJ,7,-36.36,769000,-5.76,101,35,10,-28.57,14,-30,9,-30.77,361.93,16.67
9/3/26,Rolling 3 Months,3/1/26,5/31/26,37613,City,"Renaissance at Monroe, NJ",Renaissance at Monroe,NJ,2,-50,630000,1.53,126,30,4,0,7,16.67,3,0,314.32,-7.17
9/3/26,Rolling 3 Months,3/1/26,5/31/26,38295,City,"Richland, NJ",Richland,NJ,3,50,275000,25,91,27,2,0,3,50,4,NA,206.59,32.25
9/3/26,Rolling 3 Months,3/1/26,5/31/26,34545,City,"Richwood, NJ",Richwood,NJ,7,-22.22,780000,11.43,58,46,11,-31.25,16,-11.11,9,-18.18,214.29,-9.28
9/3/26,Rolling 3 Months,3/1/26,5/31/26,16148,City,"Ridgefield Park, NJ",Ridgefield Park,NJ,13,-27.78,615000,0,85,22,40,17.65,72,46.94,31,10.71,412.85,14.91
9/3/26,Rolling 3 Months,3/1/26,5/31/26,16142,City,"Ridgefield, NJ",Ridgefield,NJ,38,40.74,833000,-10.43,55,-14,62,0,88,-1.12,49,25.64,398.71,5.82
9/3/26,Rolling 3 Months,3/1/26,5/31/26,16161,City,"Ridgewood, NJ",Ridgewood,NJ,47,-35.62,1400000,8.53,57,2,91,-6.19,126,-8.7,76,-11.63,574.4,12.4
9/3/26,Rolling 3 Months,3/1/26,5/31/26,37132,City,"Ringoes, NJ",Ringoes,NJ,NA,NA,NA,NA,NA,NA,5,66.67,6,100,4,300,401.32,32.67
9/3/26,Rolling 3 Months,3/1/26,5/31/26,16205,City,"Ringwood, NJ",Ringwood,NJ,17,13.33,645000,8.4,17,-41,29,-27.5,35,-31.37,17,-50,277.22,4.42
9/3/26,Rolling 3 Months,3/1/26,5/31/26,25412,City,"Rio Grande, NJ",Rio Grande,NJ,16,700,452490,22.29,218,120,16,-5.88,41,95.24,21,110,241.41,-0.05
9/3/26,Rolling 3 Months,3/1/26,5/31/26,16248,City,"River Edge, NJ",River Edge,NJ,18,38.46,870000,2.23,86,31,23,-23.33,45,15.38,21,0,474.03,9.05
9/3/26,Rolling 3 Months,3/1/26,5/31/26,16238,City,"Riverdale, NJ",Riverdale,NJ,15,7.14,460000,-4.76,20,-27,21,-38.24,28,-31.71,17,-37.04,350.74,-7.01
9/3/26,Rolling 3 Months,3/1/26,5/31/26,16313,City,"Riverton, NJ",Riverton,NJ,4,-73.33,667500,48.33,31,4,11,-15.38,12,-33.33,7,-36.36,289.67,23.69
9/3/26,Rolling 3 Months,3/1/26,5/31/26,37115,City,"Roadstown, NJ",Roadstown,NJ,NA,NA,NA,NA,NA,NA,1,0,2,100,1,NA,125.95,8.49
9/3/26,Rolling 3 Months,3/1/26,5/31/26,37713,City,"Robbinsville Center, NJ",Robbinsville Center,NJ,11,-35.29,410000,4.59,71,27,25,4.17,42,2.44,17,-10.53,311.31,3.01
9/3/26,Rolling 3 Months,3/1/26,5/31/26,34589,City,"Robbinsville, NJ",Robbinsville,NJ,11,-35.29,410000,4.59,71,27,25,4.17,42,2.44,17,-10.53,311.31,3.01
9/3/26,Rolling 3 Months,3/1/26,5/31/26,34591,City,"Robertsville, NJ",Robertsville,NJ,15,0,752000,-8.85,21,-9,26,-18.75,32,-21.95,22,-29.03,366.15,6.87
9/3/26,Rolling 3 Months,3/1/26,5/31/26,16420,City,"Rockaway, NJ",Rockaway,NJ,13,-27.78,525000,2.94,24,6,20,17.65,23,0,15,-16.67,335.01,-4.29
9/3/26,Rolling 3 Months,3/1/26,5/31/26,16458,City,"Rockleigh, NJ",Rockleigh,NJ,NA,NA,NA,NA,NA,NA,5,NA,10,NA,3,NA,463.63,NA
9/3/26,Rolling 3 Months,3/1/26,5/31/26,16498,City,"Rocky Hill, NJ",Rocky Hill,NJ,1,-75,740000,3.86,104,60,5,66.67,5,25,4,33.33,324.96,-0.55
9/3/26,Rolling 3 Months,3/1/26,5/31/26,31296,City,"Roebling, NJ",Roebling,NJ,13,0,265000,-3.64,25,-24,17,21.43,25,25,17,0,225.78,-5.74
9/3/26,Rolling 3 Months,3/1/26,5/31/26,16515,City,"Roosevelt, NJ",Roosevelt,NJ,1,-75,450000,14.65,50,-158,3,50,4,-33.33,1,-50,283.96,12.86
9/3/26,Rolling 3 Months,3/1/26,5/31/26,16563,City,"Roseland, NJ",Roseland,NJ,18,125,700000,2.94,20,-24,23,0,32,14.29,21,40,402.37,5.51
9/3/26,Rolling 3 Months,3/1/26,5/31/26,16576,City,"Roselle Park, NJ",Roselle Park,NJ,15,-21.05,590000,11.53,61,39,27,-25,40,-23.08,22,-29.03,354.5,-1.47
9/3/26,Rolling 3 Months,3/1/26,5/31/26,16572,City,"Roselle, NJ",Roselle,NJ,38,0,555000,13.27,44,17,56,14.29,88,2.33,48,-2.04,345.48,-2.52
9/3/26,Rolling 3 Months,3/1/26,5/31/26,25529,City,"Rosenhayn, NJ",Rosenhayn,NJ,1,NA,400000,NA,81,NA,2,-50,6,-14.29,3,200,250.02,27.1
9/3/26,Rolling 3 Months,3/1/26,5/31/26,25536,City,"Rossmoor, NJ",Rossmoor,NJ,39,2.63,259900,-17.62,94,23,49,-15.52,89,-5.32,41,-6.82,237.4,5.44
9/3/26,Rolling 3 Months,3/1/26,5/31/26,16703,City,"Rumson, NJ",Rumson,NJ,19,-32.14,2310000,-7.6,10,-15,45,4.65,57,5.56,33,6.45,798.22,12.03
9/3/26,Rolling 3 Months,3/1/26,5/31/26,16710,City,"Runnemede, NJ",Runnemede,NJ,34,78.95,344000,2.69,56,33,59,37.21,78,50,50,100,237.16,2.09
9/3/26,Rolling 3 Months,3/1/26,5/31/26,16741,City,"Rutherford, NJ",Rutherford,NJ,33,37.5,800000,-1.72,75,7,62,55,89,36.92,55,66.67,464.35,15.25
9/3/26,Rolling 3 Months,3/1/26,5/31/26,35950,City,"Saddle Brook Township, NJ",Saddle Brook Township,NJ,21,-32.26,700000,19.66,53,-20,48,140,59,20.41,35,29.63,420.06,4.36
9/3/26,Rolling 3 Months,3/1/26,5/31/26,16766,City,"Saddle River, NJ",Saddle River,NJ,10,66.67,3445000,-19.88,136,-40,24,0,47,20.51,23,76.92,624.49,27.32
9/3/26,Rolling 3 Months,3/1/26,5/31/26,16784,City,"Salem, NJ",Salem,NJ,24,33.33,168000,10.34,91,62,47,-9.62,85,18.06,34,0,85.16,-7.27
9/3/26,Rolling 3 Months,3/1/26,5/31/26,16859,City,"Sayreville, NJ",Sayreville,NJ,88,2.33,550000,5.59,63,3,142,16.39,218,12.37,122,9.91,349.65,7.53
9/3/26,Rolling 3 Months,3/1/26,5/31/26,16966,City,"Sea Bright, NJ",Sea Bright,NJ,8,-20,822000,-40.24,79,63,17,-15,24,-25,10,-23.08,761.98,11.04
9/3/26,Rolling 3 Months,3/1/26,5/31/26,16987,City,"Sea Girt, NJ",Sea Girt,NJ,3,0,3300000,6.45,10,-57,10,100,15,87.5,7,40,1438.15,3.59
9/3/26,Rolling 3 Months,3/1/26,5/31/26,17006,City,"Sea Isle City, NJ",Sea Isle City,NJ,45,55.17,1780000,27.14,52,-27,31,-3.13,71,-12.35,41,0,932.98,7.15
9/3/26,Rolling 3 Months,3/1/26,5/31/26,25638,City,"Seabrook Farms, NJ",Seabrook Farms,NJ,1,0,383000,4.93,52,-86,6,50,7,16.67,4,100,203.88,9.2
9/3/26,Rolling 3 Months,3/1/26,5/31/26,17029,City,"Seaside Heights, NJ",Seaside Heights,NJ,40,-4.76,772500,46.31,32,-53,73,58.7,135,60.71,42,7.69,501.78,1.54
9/3/26,Rolling 3 Months,3/1/26,5/31/26,17036,City,"Seaside Park, NJ",Seaside Park,NJ,9,12.5,635000,-11.47,21,-26,18,-10,26,-27.78,11,-15.38,686.98,3.54
9/3/26,Rolling 3 Months,3/1/26,5/31/26,37346,City,"Seaville, NJ",Seaville,NJ,9,28.57,403000,25.94,75,11,11,-21.43,26,23.81,9,12.5,262.62,6.64
9/3/26,Rolling 3 Months,3/1/26,5/31/26,17057,City,"Secaucus, NJ",Secaucus,NJ,31,-11.43,675000,10.66,40,-35,59,-6.35,109,12.37,47,-2.08,370.39,6.95
9/3/26,Rolling 3 Months,3/1/26,5/31/26,37324,City,"Seeley, NJ",Seeley,NJ,NA,NA,NA,NA,NA,NA,1,NA,2,100,NA,NA,288.37,NA
9/3/26,Rolling 3 Months,3/1/26,5/31/26,25660,City,"Sewaren, NJ",Sewaren,NJ,2,-71.43,388750,-11.45,56,-52,3,-40,10,0,4,-33.33,352.29,5.42
9/3/26,Rolling 3 Months,3/1/26,5/31/26,36277,City,"Sewell, NJ",Sewell,NJ,98,-16.95,383030,4.65,22,-1,163,5.84,201,-1.47,129,-16.23,221.8,6.51
9/3/26,Rolling 3 Months,3/1/26,5/31/26,25665,City,"Shark River Hills, NJ",Shark River Hills,NJ,9,0,749000,5.49,14,-1,22,46.67,24,50,14,55.56,481.69,2.23
9/3/26,Rolling 3 Months,3/1/26,5/31/26,37029,City,"Sheppards Mill, NJ",Sheppards Mill,NJ,1,NA,145000,NA,91,NA,NA,NA,1,NA,1,NA,NA,NA
9/3/26,Rolling 3 Months,3/1/26,5/31/26,17159,City,"Shiloh, NJ",Shiloh,NJ,2,100,195000,18.18,75,37,1,-75,2,-60,2,-50,232.26,63.35
9/3/26,Rolling 3 Months,3/1/26,5/31/26,17175,City,"Ship Bottom, NJ",Ship Bottom,NJ,9,80,1450000,9.43,38,-116,11,22.22,18,-21.74,8,33.33,932.14,13.73
9/3/26,Rolling 3 Months,3/1/26,5/31/26,34746,City,"Short Hills, NJ",Short Hills,NJ,36,80,2307500,-1.81,11,-5,68,15.25,92,21.05,61,22,690.81,2.82
9/3/26,Rolling 3 Months,3/1/26,5/31/26,17245,City,"Shrewsbury, NJ",Shrewsbury,NJ,10,-41.18,1299500,30.08,11,-8,19,46.15,21,23.53,17,21.43,481.79,6.04
9/3/26,Rolling 3 Months,3/1/26,5/31/26,37313,City,"Sicklerville, NJ",Sicklerville,NJ,167,31.5,365000,6.41,44,15,249,22.66,357,25.26,215,26.47,202.92,0.88
9/3/26,Rolling 3 Months,3/1/26,5/31/26,34767,City,"Silver Lake, NJ",Silver Lake,NJ,3,NA,340000,NA,49,NA,2,100,3,50,1,NA,417.89,32.07
9/3/26,Rolling 3 Months,3/1/26,5/31/26,37214,City,"Silver Lake, NJ",Silver Lake,NJ,2,100,407450,4.47,21,18,7,16.67,9,28.57,4,0,214.52,-8.22
9/3/26,Rolling 3 Months,3/1/26,5/31/26,34761,City,"Silver Lake, NJ",Silver Lake,NJ,6,100,587500,-2.08,51,-81,7,-36.36,23,64.29,9,50,283.71,-4.77
9/3/26,Rolling 3 Months,3/1/26,5/31/26,25722,City,"Silver Ridge, NJ",Silver Ridge,NJ,12,33.33,300000,7.18,72,39,16,23.08,23,43.75,9,-10,268.6,7.74
9/3/26,Rolling 3 Months,3/1/26,5/31/26,34772,City,"Singac, NJ",Singac,NJ,17,41.67,520000,10.64,20,-32,23,-8,32,-8.57,18,5.88,382.05,-1.22
9/3/26,Rolling 3 Months,3/1/26,5/31/26,34777,City,"Six Mile Run, NJ",Six Mile Run,NJ,5,-16.67,560000,12,25,2,10,150,13,85.71,9,12.5,305.02,0.24
9/3/26,Rolling 3 Months,3/1/26,5/31/26,34778,City,"Skillman, NJ",Skillman,NJ,NA,NA,NA,NA,NA,NA,6,NA,7,250,1,NA,406.98,NA
9/3/26,Rolling 3 Months,3/1/26,5/31/26,34788,City,"Smithville, NJ",Smithville,NJ,44,37.5,263750,28.66,80,26,89,71.15,151,73.56,63,31.25,210.18,1.16
9/3/26,Rolling 3 Months,3/1/26,5/31/26,25764,City,"Society Hill, NJ",Society Hill,NJ,8,60,790000,75.56,56,-69,19,46.15,22,15.79,10,0,355.89,1.66
9/3/26,Rolling 3 Months,3/1/26,5/31/26,17512,City,"Somerdale, NJ",Somerdale,NJ,21,50,330000,-1.79,47,24,34,54.55,46,27.78,25,13.64,260.42,9.51
9/3/26,Rolling 3 Months,3/1/26,5/31/26,17534,City,"Somers Point, NJ",Somers Point,NJ,40,11.11,442500,-3.28,84,31,63,18.87,114,28.09,46,9.52,373.48,-0.63
9/3/26,Rolling 3 Months,3/1/26,5/31/26,25771,City,"Somerset, NJ",Somerset,NJ,61,8.93,480000,-1.23,19,-1,86,10.26,115,13.86,81,19.12,332.07,2.57
9/3/26,Rolling 3 Months,3/1/26,5/31/26,17539,City,"Somerville, NJ",Somerville,NJ,16,-38.46,554500,-7.43,24,-1,34,-17.07,46,-8,28,0,371.09,0.85
9/3/26,Rolling 3 Months,3/1/26,5/31/26,17563,City,"South Amboy, NJ",South Amboy,NJ,22,0,502500,1.52,52,-43,49,28.95,86,32.31,31,34.78,342.85,8.94
9/3/26,Rolling 3 Months,3/1/26,5/31/26,17606,City,"South Bound Brook, NJ",South Bound Brook,NJ,6,50,472500,5,14,2,13,62.5,17,88.89,10,42.86,380.91,9.83
9/3/26,Rolling 3 Months,3/1/26,5/31/26,36969,City,"South Dennis, NJ",South Dennis,NJ,NA,NA,NA,NA,NA,NA,3,200,6,0,1,-75,317.8,18.5
9/3/26,Rolling 3 Months,3/1/26,5/31/26,17747,City,"South Plainfield, NJ",South Plainfield,NJ,42,13.51,565000,7.62,53,-1,68,30.77,92,19.48,49,-5.77,354.03,4
9/3/26,Rolling 3 Months,3/1/26,5/31/26,17755,City,"South River, NJ",South River,NJ,22,29.41,499500,-4.86,70,16,57,46.15,83,45.61,43,79.17,323.64,-4.09
9/3/26,Rolling 3 Months,3/1/26,5/31/26,37221,City,"South Seaville, NJ",South Seaville,NJ,2,-66.67,161950,-61.89,18,6,4,0,5,-28.57,3,-50,268.25,2.46
9/3/26,Rolling 3 Months,3/1/26,5/31/26,17773,City,"South Toms River, NJ",South Toms River,NJ,6,100,422500,-1.74,14,-8,5,-50,8,-33.33,6,-25,358.7,2.06
9/3/26,Rolling 3 Months,3/1/26,5/31/26,17842,City,"Spotswood, NJ",Spotswood,NJ,21,5,450000,1.29,84,22,30,42.86,51,18.6,23,-8,395.04,9.31
9/3/26,Rolling 3 Months,3/1/26,5/31/26,17920,City,"Spring Lake Heights, NJ",Spring Lake Heights,NJ,14,-39.13,1073500,11.82,11,-10,20,17.65,24,-11.11,19,-17.39,748.33,24.41
9/3/26,Rolling 3 Months,3/1/26,5/31/26,17915,City,"Spring Lake, NJ",Spring Lake,NJ,13,0,4900000,52.84,27,1,15,-25,23,-25.81,10,-28.57,1489.22,14.72
9/3/26,Rolling 3 Months,3/1/26,5/31/26,25863,City,"Springdale, NJ",Springdale,NJ,46,4.55,642500,3.3,20,-5,75,47.06,94,25.33,61,22,246.68,4.2
9/3/26,Rolling 3 Months,3/1/26,5/31/26,35938,City,"Springfield, NJ",Springfield,NJ,9,0,497000,10.44,40,-4,9,-18.18,17,-22.73,7,-50,243.12,-8.07
9/3/26,Rolling 3 Months,3/1/26,5/31/26,35943,City,"Springfield, NJ",Springfield,NJ,31,3.33,630000,-3.96,22,8,58,-13.43,68,-10.53,45,-13.46,392.42,2.75
9/3/26,Rolling 3 Months,3/1/26,5/31/26,17985,City,"Stanhope, NJ",Stanhope,NJ,22,69.23,451000,38.77,19,3,25,4.17,33,17.86,18,0,302.77,3.01
9/3/26,Rolling 3 Months,3/1/26,5/31/26,34910,City,"Stewartsville, NJ",Stewartsville,NJ,2,-33.33,410000,-31.67,75,57,4,-33.33,5,-37.5,2,-66.67,249.44,0.4
9/3/26,Rolling 3 Months,3/1/26,5/31/26,37637,City,"Stirling, NJ",Stirling,NJ,8,-11.11,741000,-5,18,6,8,-27.27,12,0,9,-25,407.44,-1.69
9/3/26,Rolling 3 Months,3/1/26,5/31/26,18135,City,"Stockton, NJ",Stockton,NJ,2,100,519000,-42.33,96,-45,4,-33.33,8,14.29,4,300,393.32,16.6
9/3/26,Rolling 3 Months,3/1/26,5/31/26,18146,City,"Stone Harbor, NJ",Stone Harbor,NJ,12,-29.41,3017500,-14.4,84,34,30,76.47,53,-1.85,16,6.67,1679.1,-5.95
9/3/26,Rolling 3 Months,3/1/26,5/31/26,37604,City,"Stonebridge, NJ",Stonebridge,NJ,5,25,790000,4.64,70,-77,9,12.5,12,0,9,28.57,297.11,12.67
9/3/26,Rolling 3 Months,3/1/26,5/31/26,18191,City,"Stratford, NJ",Stratford,NJ,15,-37.5,405000,26.37,30,11,27,12.5,35,9.38,23,-4.17,220.4,-0.11
9/3/26,Rolling 3 Months,3/1/26,5/31/26,25956,City,"Strathmere, NJ",Strathmere,NJ,5,400,1999999,-35.48,136,114,1,-50,6,100,3,200,942.92,-35.25
9/3/26,Rolling 3 Months,3/1/26,5/31/26,25959,City,"Strathmore, NJ",Strathmore,NJ,13,-27.78,765000,4.72,18,8,25,-21.88,27,-27.03,11,-59.26,357.71,-0.94
9/3/26,Rolling 3 Months,3/1/26,5/31/26,31313,City,"Succasunna, NJ",Succasunna,NJ,31,24,682000,4.92,17,2,53,82.76,63,80,44,120,305.86,-1.59
9/3/26,Rolling 3 Months,3/1/26,5/31/26,18243,City,"Summit, NJ",Summit,NJ,36,-30.77,1452500,5.58,12,0,66,-36.54,79,-36.8,59,-31.4,627.75,2.9
9/3/26,Rolling 3 Months,3/1/26,5/31/26,37325,City,"Sunset Lake, NJ",Sunset Lake,NJ,1,NA,500000,NA,86,NA,2,NA,3,NA,NA,NA,206.66,NA
9/3/26,Rolling 3 Months,3/1/26,5/31/26,18294,City,"Surf City, NJ",Surf City,NJ,11,-31.25,2760000,28.37,56,-64,20,150,28,33.33,12,71.43,1115.79,28.64
9/3/26,Rolling 3 Months,3/1/26,5/31/26,18305,City,"Sussex, NJ",Sussex,NJ,6,200,395000,7.56,20,-23,8,-20,14,-6.67,7,0,245.76,25.8
9/3/26,Rolling 3 Months,3/1/26,5/31/26,18343,City,"Swedesboro, NJ",Swedesboro,NJ,13,0,355000,5.97,30,-5,8,-20,12,-33.33,10,-9.09,159.06,-14.05
9/3/26,Rolling 3 Months,3/1/26,5/31/26,37295,City,"Sweetwater, NJ",Sweetwater,NJ,2,-50,235000,-55.97,13,-14,4,-63.64,8,-33.33,3,-57.14,204.12,-31.3
9/3/26,Rolling 3 Months,3/1/26,5/31/26,35000,City,"Ten Mile Run, NJ",Ten Mile Run,NJ,5,150,1001000,30.94,41,17,3,50,7,75,4,100,341.38,-10.45
9/3/26,Rolling 3 Months,3/1/26,5/31/26,18484,City,"Tenafly, NJ",Tenafly,NJ,26,-29.73,1532500,2.99,76,-5,67,21.82,94,1.08,49,19.51,619.33,3.08
9/3/26,Rolling 3 Months,3/1/26,5/31/26,37732,City,"The Hills, NJ",The Hills,NJ,45,21.62,537000,11.87,17,3,83,5.06,94,6.82,63,18.87,428.61,5.81
9/3/26,Rolling 3 Months,3/1/26,5/31/26,37771,City,"The Ponds, NJ",The Ponds,NJ,10,-9.09,407500,-6.3,60,-6,14,7.69,23,0,13,-23.53,246.83,-0.03
9/3/26,Rolling 3 Months,3/1/26,5/31/26,37081,City,"Thorofare, NJ",Thorofare,NJ,5,-66.67,305000,-19.53,55,30,10,-58.33,13,-53.57,7,-61.11,206.97,-4.95
9/3/26,Rolling 3 Months,3/1/26,5/31/26,18609,City,"Tinton Falls, NJ",Tinton Falls,NJ,59,-22.37,515000,-1.9,16,-3,83,-3.49,94,-18.26,77,1.32,352.3,1.79
9/3/26,Rolling 3 Months,3/1/26,5/31/26,36920,City,"Titusville, NJ",Titusville,NJ,1,0,830000,176.67,72,11,2,-60,3,-40,1,-66.67,259.73,6.21
9/3/26,Rolling 3 Months,3/1/26,5/31/26,26079,City,"Toms River, NJ",Toms River,NJ,272,-1.45,500000,6.61,30,1,525,15.38,735,12.9,356,2.01,300.72,-0.63
9/3/26,Rolling 3 Months,3/1/26,5/31/26,18639,City,"Totowa, NJ",Totowa,NJ,20,53.85,792500,27.82,18,-40,26,-21.21,45,9.76,22,29.41,378.97,-0.44
9/3/26,Rolling 3 Months,3/1/26,5/31/26,37702,City,"Towaco, NJ",Towaco,NJ,19,90,650000,-39.65,24,-29,32,28,47,46.88,20,150,370.89,1.63
9/3/26,Rolling 3 Months,3/1/26,5/31/26,18807,City,"Trenton, NJ",Trenton,NJ,126,-11.89,246250,9.44,65,12,198,2.59,348,2.65,155,0,177.14,5.43
9/3/26,Rolling 3 Months,3/1/26,5/31/26,37794,City,"Troy Hills, NJ",Troy Hills,NJ,9,12.5,860006,16.14,16,-1,13,30,17,41.67,11,37.5,361.25,13.97
9/3/26,Rolling 3 Months,3/1/26,5/31/26,37243,City,"Tuckahoe, NJ",Tuckahoe,NJ,1,-50,459500,14.87,340,206,3,0,3,-50,NA,NA,50.54,-80.79
9/3/26,Rolling 3 Months,3/1/26,5/31/26,18853,City,"Tuckerton, NJ",Tuckerton,NJ,12,-29.41,570000,35.71,97,77,33,50,47,23.68,25,66.67,367.02,16.91
9/3/26,Rolling 3 Months,3/1/26,5/31/26,26159,City,"Turnersville, NJ",Turnersville,NJ,5,150,565000,10.68,33,-4,6,-33.33,13,18.18,4,-33.33,233.87,9.2
9/3/26,Rolling 3 Months,3/1/26,5/31/26,26163,City,"Twin Rivers, NJ",Twin Rivers,NJ,25,56.25,365000,-5.32,36,-1,39,8.33,58,20.83,30,-9.09,267.55,0.82
9/3/26,Rolling 3 Months,3/1/26,5/31/26,18909,City,"Union Beach, NJ",Union Beach,NJ,19,-5,580000,28.18,32,3,39,-9.3,55,-3.51,25,-30.56,326.63,-6.53
9/3/26,Rolling 3 Months,3/1/26,5/31/26,18931,City,"Union City, NJ",Union City,NJ,58,-20.55,540000,1.89,56,4,136,-7.48,242,-8.68,87,-9.38,451.48,2.58
9/3/26,Rolling 3 Months,3/1/26,5/31/26,37783,City,"Union, NJ",Union,NJ,3,50,510000,18.46,20,-3,5,400,6,200,4,100,287.13,NA
9/3/26,Rolling 3 Months,3/1/26,5/31/26,37806,City,"Upper Greenwood Lake, NJ",Upper Greenwood Lake,NJ,10,-33.33,510000,18.6,58,9,21,-19.23,30,-14.29,16,-11.11,331.39,10.56
9/3/26,Rolling 3 Months,3/1/26,5/31/26,35134,City,"Upper Montclair, NJ",Upper Montclair,NJ,36,16.13,1390000,-16.77,14,-30,67,9.84,75,4.17,57,3.64,501.53,11.77
9/3/26,Rolling 3 Months,3/1/26,5/31/26,35136,City,"Upper Pohatcong, NJ",Upper Pohatcong,NJ,7,-12.5,410000,7.19,13,-4,11,120,12,20,9,125,251.84,-3.96
9/3/26,Rolling 3 Months,3/1/26,5/31/26,19045,City,"Upper Saddle River, NJ",Upper Saddle River,NJ,16,-51.52,1801000,30.37,94,-39,36,-5.26,54,-25,30,30.43,447.08,8.31
9/3/26,Rolling 3 Months,3/1/26,5/31/26,35137,City,"Upper Stewartsville, NJ",Upper Stewartsville,NJ,NA,NA,NA,NA,NA,NA,2,NA,2,NA,1,NA,209.92,NA
9/3/26,Rolling 3 Months,3/1/26,5/31/26,37835,City,"Vauxhall, NJ",Vauxhall,NJ,10,233.33,447125,30.74,32,15,14,-12.5,23,15,10,11.11,305,-20.78
9/3/26,Rolling 3 Months,3/1/26,5/31/26,19150,City,"Ventnor City, NJ",Ventnor City,NJ,53,-14.52,749500,35.66,84,12,88,3.53,183,12.27,61,15.09,469.31,-1.85
9/3/26,Rolling 3 Months,3/1/26,5/31/26,35177,City,"Vernon Center, NJ",Vernon Center,NJ,23,-17.86,218000,-3.11,73,15,33,-26.67,65,-19.75,27,-3.57,262.19,-8.87
9/3/26,Rolling 3 Months,3/1/26,5/31/26,26269,City,"Vernon Valley, NJ",Vernon Valley,NJ,4,33.33,509950,-0.98,56,-45,10,0,14,0,10,11.11,234.42,-3.18
9/3/26,Rolling 3 Months,3/1/26,5/31/26,19223,City,"Victory Gardens, NJ",Victory Gardens,NJ,2,-33.33,297500,-0.83,93,60,2,-33.33,4,-20,2,-33.33,387.1,38.01
9/3/26,Rolling 3 Months,3/1/26,5/31/26,26283,City,"Victory Lakes, NJ",Victory Lakes,NJ,11,10,450000,-3.17,98,77,18,157.14,24,84.62,14,27.27,242.15,25.62
9/3/26,Rolling 3 Months,3/1/26,5/31/26,31323,City,"Vienna, NJ",Vienna,NJ,3,200,480000,15.36,22,-6,4,300,6,20,4,33.33,108.7,-52.4
9/3/26,Rolling 3 Months,3/1/26,5/31/26,26290,City,"Villas, NJ",Villas,NJ,47,-21.67,495000,27.74,40,-5,51,-34.62,93,-19.13,49,-24.62,463.88,16.56
9/3/26,Rolling 3 Months,3/1/26,5/31/26,37297,City,"Vincentown, NJ",Vincentown,NJ,4,0,420000,7.83,65,15,3,0,4,-42.86,3,-40,261.19,13.05
9/3/26,Rolling 3 Months,3/1/26,5/31/26,19265,City,"Vineland, NJ",Vineland,NJ,126,4.13,328500,7.18,44,-7,169,-7.14,287,2.5,143,-8.33,194.15,-1.19
9/3/26,Rolling 3 Months,3/1/26,5/31/26,26301,City,"Vista Center, NJ",Vista Center,NJ,10,11.11,685000,10.13,88,69,8,-60,15,-48.28,11,-15.38,257.55,-5.58
9/3/26,Rolling 3 Months,3/1/26,5/31/26,35197,City,"Voorhees, NJ",Voorhees,NJ,2,-33.33,534000,-22.16,94,30,3,0,4,-20,1,0,349.26,22.03
9/3/26,Rolling 3 Months,3/1/26,5/31/26,19331,City,"Waldwick, NJ",Waldwick,NJ,21,31.25,750000,13.12,50,-8,31,0,44,-8.33,24,-4,396.99,1.69
9/3/26,Rolling 3 Months,3/1/26,5/31/26,19346,City,"Wallington, NJ",Wallington,NJ,9,50,765000,-14.04,77,23,13,-35,25,-13.79,13,-18.75,374.03,-2.19
9/3/26,Rolling 3 Months,3/1/26,5/31/26,26329,City,"Wanamassa, NJ",Wanamassa,NJ,7,-30,840000,30.64,23,-3,14,-6.67,18,-10,9,-18.18,485.54,9.83
9/3/26,Rolling 3 Months,3/1/26,5/31/26,19408,City,"Wanaque, NJ",Wanaque,NJ,33,-21.43,520000,4.96,58,5,62,19.23,99,22.22,47,0,314.01,3.2
9/3/26,Rolling 3 Months,3/1/26,5/31/26,26337,City,"Waretown, NJ",Waretown,NJ,12,100,592500,78.2,99,-13,14,7.69,25,25,16,128.57,346.31,4.16
9/3/26,Rolling 3 Months,3/1/26,5/31/26,35942,City,"Warren, NJ",Warren,NJ,38,-20.83,1189500,21.07,25,-1,62,-34.04,90,-33.82,48,-36.84,425,8.73
9/3/26,Rolling 3 Months,3/1/26,5/31/26,37004,City,"Washington Crossing, NJ",Washington Crossing,NJ,3,200,499000,-2.35,10,-136,3,NA,4,NA,2,NA,296.98,NA
9/3/26,Rolling 3 Months,3/1/26,5/31/26,19516,City,"Washington, NJ",Washington,NJ,18,5.88,364000,-9,35,-8,25,8.7,39,18.18,20,17.65,222.89,-15.61
9/3/26,Rolling 3 Months,3/1/26,5/31/26,19588,City,"Watchung, NJ",Watchung,NJ,10,-9.09,1437500,-1.88,16,-2,39,95,47,56.67,23,27.78,377.31,-4.15
9/3/26,Rolling 3 Months,3/1/26,5/31/26,37118,City,"Watsessing, NJ",Watsessing,NJ,11,-21.43,630000,-19.75,34,-22,24,33.33,30,-9.09,18,-14.29,354.74,-1.46
9/3/26,Rolling 3 Months,3/1/26,5/31/26,19698,City,"Wenonah, NJ",Wenonah,NJ,6,-33.33,417450,-1.78,23,-12,12,50,15,36.36,6,20,232.56,5.21
9/3/26,Rolling 3 Months,3/1/26,5/31/26,26442,City,"West Belmar, NJ",West Belmar,NJ,6,0,627500,-2.33,25,-27,9,125,10,66.67,6,0,450.29,-4.98
9/3/26,Rolling 3 Months,3/1/26,5/31/26,37089,City,"West Berlin, NJ",West Berlin,NJ,6,-45.45,412000,55.47,47,-14,8,-27.27,11,-38.89,6,-25,230.15,-14.75
9/3/26,Rolling 3 Months,3/1/26,5/31/26,35823,City,"West Caldwell, NJ",West Caldwell,NJ,18,-18.18,747500,-2.29,17,-28,32,-3.03,40,-6.98,29,7.41,405.28,14.09
9/3/26,Rolling 3 Months,3/1/26,5/31/26,19788,City,"West Cape May, NJ",West Cape May,NJ,10,42.86,1850000,48,109,7,9,-10,16,-40.74,9,28.57,776.87,10.37
9/3/26,Rolling 3 Months,3/1/26,5/31/26,26491,City,"West Freehold, NJ",West Freehold,NJ,28,-33.33,630100,-5.25,20,2,55,1.85,64,0,45,7.14,333.17,3.54
9/3/26,Rolling 3 Months,3/1/26,5/31/26,19947,City,"West Long Branch, NJ",West Long Branch,NJ,13,-31.58,900000,6.51,29,-5,22,-48.84,35,-51.39,13,-31.58,590.83,16.93
9/3/26,Rolling 3 Months,3/1/26,5/31/26,20004,City,"West New York, NJ",West New York,NJ,42,-12.5,587500,0.43,42,-24,117,17,200,12.99,75,2.74,514.35,14.67
9/3/26,Rolling 3 Months,3/1/26,5/31/26,37128,City,"West Park, NJ",West Park,NJ,7,75,301900,11.2,98,21,7,133.33,13,62.5,7,133.33,180.29,-14.92
9/3/26,Rolling 3 Months,3/1/26,5/31/26,20137,City,"West Wildwood, NJ",West Wildwood,NJ,5,-44.44,575000,0.88,76,50,4,-50,15,15.38,6,-40,422.75,-6.81
9/3/26,Rolling 3 Months,3/1/26,5/31/26,19891,City,"Westfield, NJ",Westfield,NJ,77,-15.38,1335000,8.54,12,-1,119,-18.49,147,-16,114,-3.39,518.78,6.95
9/3/26,Rolling 3 Months,3/1/26,5/31/26,37270,City,"Westmont, NJ",Westmont,NJ,42,0,516000,-11.79,14,2,62,5.08,72,-2.7,51,-5.56,328.13,6.72
9/3/26,Rolling 3 Months,3/1/26,5/31/26,35341,City,"Weston, NJ",Weston,NJ,16,0,632500,-11.54,41,14,33,17.86,45,18.42,25,13.64,339.05,2.02
9/3/26,Rolling 3 Months,3/1/26,5/31/26,20117,City,"Westville, NJ",Westville,NJ,15,87.5,315000,11.5,35,18,21,0,34,30.77,24,118.18,211.49,8.5
9/3/26,Rolling 3 Months,3/1/26,5/31/26,20151,City,"Westwood, NJ",Westwood,NJ,12,-40,770000,3.7,55,2,27,42.11,38,15.15,22,15.79,454.25,17.65
9/3/26,Rolling 3 Months,3/1/26,5/31/26,20179,City,"Wharton, NJ",Wharton,NJ,16,6.67,562500,3.91,25,5,15,66.67,21,10.53,13,-7.14,337.09,32.3
9/3/26,Rolling 3 Months,3/1/26,5/31/26,37754,City,"Whippany, NJ",Whippany,NJ,17,6.25,775000,14.22,17,1,26,0,31,-31.11,22,0,412.53,13.76
9/3/26,Rolling 3 Months,3/1/26,5/31/26,26566,City,"White Horse, NJ",White Horse,NJ,24,-4,494750,37.43,42,2,34,-15,56,-15.15,35,-14.63,270.48,0.45
9/3/26,Rolling 3 Months,3/1/26,5/31/26,26572,City,"White House Station, NJ",White House Station,NJ,11,37.5,608000,-18.66,16,2,18,100,27,125,14,75,328.61,3.44
9/3/26,Rolling 3 Months,3/1/26,5/31/26,26576,City,"White Meadow Lake, NJ",White Meadow Lake,NJ,19,-9.52,585000,-4.1,15,0,40,21.21,50,28.21,30,7.14,321.24,-7.83
9/3/26,Rolling 3 Months,3/1/26,5/31/26,35660,City,"Whitesboro, NJ",Whitesboro,NJ,6,0,367500,-1.8,73,-19,2,-60,8,-55.56,5,-44.44,210.13,-33.76
9/3/26,Rolling 3 Months,3/1/26,5/31/26,26604,City,"Whittingham, NJ",Whittingham,NJ,25,47.06,515000,11.96,53,-2,43,59.26,55,27.91,38,35.71,265.7,-3.18
9/3/26,Rolling 3 Months,3/1/26,5/31/26,20320,City,"Wildwood Crest, NJ",Wildwood Crest,NJ,45,-10,575000,13.86,38,-19,75,22.95,130,20.37,50,11.11,711.97,16.87
9/3/26,Rolling 3 Months,3/1/26,5/31/26,20315,City,"Wildwood, NJ",Wildwood,NJ,82,10.81,620500,36.56,68,26,82,-2.38,155,-12.92,75,17.19,494.08,16.32
9/3/26,Rolling 3 Months,3/1/26,5/31/26,26617,City,"Williamstown, NJ",Williamstown,NJ,51,-3.77,350000,4.48,40,13,62,10.71,99,8.79,60,27.66,219.66,0.64
9/3/26,Rolling 3 Months,3/1/26,5/31/26,38322,City,"Windsor, NJ",Windsor,NJ,1,NA,480000,NA,244,NA,NA,NA,1,NA,1,NA,NA,NA
9/3/26,Rolling 3 Months,3/1/26,5/31/26,20508,City,"Wood-Ridge, NJ",Wood-Ridge,NJ,21,-12.5,825000,17.1,71,14,47,14.63,64,18.52,32,-13.51,439.96,9.37
9/3/26,Rolling 3 Months,3/1/26,5/31/26,20407,City,"Woodbine, NJ",Woodbine,NJ,1,-66.67,210000,68,92,38,6,-33.33,8,-33.33,4,-42.86,139.95,-33.55
9/3/26,Rolling 3 Months,3/1/26,5/31/26,26641,City,"Woodbridge, NJ",Woodbridge,NJ,59,18,510000,4.08,72,17,84,-3.45,143,8.33,74,5.71,343.42,-4.32
9/3/26,Rolling 3 Months,3/1/26,5/31/26,20446,City,"Woodbury Heights, NJ",Woodbury Heights,NJ,9,50,320000,-16.88,22,4,17,6.25,24,26.32,11,10,191.52,-11.27
9/3/26,Rolling 3 Months,3/1/26,5/31/26,20437,City,"Woodbury, NJ",Woodbury,NJ,28,-17.65,365000,14.33,24,-3,48,14.29,59,-14.49,30,-25,193.61,1.79
9/3/26,Rolling 3 Months,3/1/26,5/31/26,20461,City,"Woodcliff Lake, NJ",Woodcliff Lake,NJ,18,200,1325000,56.34,93,30,20,-13.04,38,22.58,15,-11.76,435.32,10.2
9/3/26,Rolling 3 Months,3/1/26,5/31/26,35458,City,"Woodland Park, NJ",Woodland Park,NJ,31,34.78,640000,6.67,35,-13,41,17.14,59,28.26,37,23.33,378.07,9.83
9/3/26,Rolling 3 Months,3/1/26,5/31/26,20489,City,"Woodlynne, NJ",Woodlynne,NJ,8,60,212500,28.79,31,-83,10,-44.44,25,0,12,20,193.87,-4.5
9/3/26,Rolling 3 Months,3/1/26,5/31/26,20528,City,"Woodstown, NJ",Woodstown,NJ,11,22.22,282500,-19.29,78,58,18,28.57,28,33.33,16,33.33,209.63,11.5
9/3/26,Rolling 3 Months,3/1/26,5/31/26,20574,City,"Wrightstown, NJ",Wrightstown,NJ,2,100,377000,169.48,86,55,5,25,7,75,4,300,305.85,141.36
9/3/26,Rolling 3 Months,3/1/26,5/31/26,31342,City,"Yardville, NJ",Yardville,NJ,10,-23.08,414500,-4.91,22,-10,32,23.08,36,16.13,21,-8.7,301.05,0.35
9/3/26,Rolling 3 Months,3/1/26,5/31/26,26686,City,"Yorketown, NJ",Yorketown,NJ,16,33.33,782500,6.17,18,-3,22,-31.25,28,-31.71,21,-27.59,363.25,2.34
9/3/26,Rolling 3 Months,2/1/26,4/30/26,37334,City,"Absecon Highlands, NJ",Absecon Highlands,NJ,3,NA,380000,NA,114,NA,6,-14.29,8,-20,3,200,211.91,4.8
9/3/26,Rolling 3 Months,2/1/26,4/30/26,14,City,"Absecon, NJ",Absecon,NJ,26,4,260000,-4.76,65,2,32,-3.03,71,29.09,34,17.24,210.47,-3.32
9/3/26,Rolling 3 Months,2/1/26,4/30/26,162,City,"Allendale, NJ",Allendale,NJ,10,-28.57,972500,-2.99,59,-19,16,-20,27,-18.18,15,-25,434.15,8.5
9/3/26,Rolling 3 Months,2/1/26,4/30/26,168,City,"Allenhurst, NJ",Allenhurst,NJ,1,NA,5600000,NA,14,NA,3,-25,6,-14.29,1,-50,1347.75,16.03
9/3/26,Rolling 3 Months,2/1/26,4/30/26,177,City,"Allentown, NJ",Allentown,NJ,6,-14.29,388841,-9.57,18,-8,9,-10,11,-21.43,8,-11.11,249.56,-8.44
9/3/26,Rolling 3 Months,2/1/26,4/30/26,21143,City,"Allenwood, NJ",Allenwood,NJ,1,0,900000,-5.26,133,5,2,-50,3,-50,2,-33.33,352.98,-0.88
9/3/26,Rolling 3 Months,2/1/26,4/30/26,21146,City,"Alloway, NJ",Alloway,NJ,2,-33.33,565000,121.57,87,9,6,-25,13,-13.33,4,-20,167.88,-7.76
9/3/26,Rolling 3 Months,2/1/26,4/30/26,262,City,"Alpha, NJ",Alpha,NJ,5,150,355000,21.37,100,90,7,-12.5,12,20,9,80,209.82,-23.3
9/3/26,Rolling 3 Months,2/1/26,4/30/26,280,City,"Alpine, NJ",Alpine,NJ,2,-50,4499000,-5.78,104,-186,6,100,18,50,2,-50,949.29,19.75
9/3/26,Rolling 3 Months,2/1/26,4/30/26,37068,City,"Ampere North, NJ",Ampere North,NJ,6,100,650000,-3.49,118,-2,10,25,16,60,7,250,369.21,9.79
9/3/26,Rolling 3 Months,2/1/26,4/30/26,31403,City,"Anderson, NJ",Anderson,NJ,1,NA,395000,NA,132,NA,1,-50,2,-33.33,2,100,359.38,39.07
9/3/26,Rolling 3 Months,2/1/26,4/30/26,338,City,"Andover, NJ",Andover,NJ,1,0,730000,82.5,18,-103,5,66.67,5,25,3,0,262.43,31.99
9/3/26,Rolling 3 Months,2/1/26,4/30/26,21186,City,"Annandale, NJ",Annandale,NJ,3,200,580000,-36.26,8,-86,11,450,12,200,4,300,275.09,16.87
9/3/26,Rolling 3 Months,2/1/26,4/30/26,501,City,"Asbury Park, NJ",Asbury Park,NJ,47,23.68,727000,7.78,27,-16,70,-28.57,133,-0.75,57,-3.39,606.47,9.01
9/3/26,Rolling 3 Months,2/1/26,4/30/26,21220,City,"Ashland, NJ",Ashland,NJ,29,-6.45,399900,1.24,38,26,49,2.08,67,11.67,38,-5,254.65,3.04
9/3/26,Rolling 3 Months,2/1/26,4/30/26,37139,City,"Atco, NJ",Atco,NJ,22,57.14,330000,-15.65,43,16,18,28.57,33,43.48,18,12.5,214.41,6.07
9/3/26,Rolling 3 Months,2/1/26,4/30/26,538,City,"Atlantic City, NJ",Atlantic City,NJ,104,-0.95,220000,-10.93,106,4,189,-15.25,464,2.65,123,13.89,221.32,-4.24
9/3/26,Rolling 3 Months,2/1/26,4/30/26,546,City,"Atlantic Highlands, NJ",Atlantic Highlands,NJ,6,-53.85,687500,-30.56,49,26,20,42.86,30,20,13,-18.75,444.86,1.15
9/3/26,Rolling 3 Months,2/1/26,4/30/26,38227,City,"Auburn, NJ",Auburn,NJ,2,-50,622500,4.62,9,-124,3,-25,4,-50,2,-33.33,250.58,46.48
9/3/26,Rolling 3 Months,2/1/26,4/30/26,575,City,"Audubon, NJ",Audubon,NJ,19,-26.92,417000,-0.48,33,3,21,-40,32,-28.89,22,-24.14,274.55,6.07
9/3/26,Rolling 3 Months,2/1/26,4/30/26,610,City,"Avalon, NJ",Avalon,NJ,29,3.57,2400000,-27,74,-71,40,-39.39,83,-31.97,34,3.03,1381.36,-0.06
9/3/26,Rolling 3 Months,2/1/26,4/30/26,21240,City,"Avenel, NJ",Avenel,NJ,15,-28.57,460000,-12.38,80,15,26,-18.75,52,6.12,24,-7.69,371.17,-2.06
9/3/26,Rolling 3 Months,2/1/26,4/30/26,641,City,"Avon-By-the-Sea, NJ",Avon-By-the-Sea,NJ,4,-20,1075000,-16.02,24,-39,18,63.64,31,138.46,7,75,714.29,-32.5
9/3/26,Rolling 3 Months,2/1/26,4/30/26,31122,City,"Barclay, NJ",Barclay,NJ,7,-63.16,600000,0.84,15,-1,14,7.69,16,-15.79,13,-23.53,259.75,6.9
9/3/26,Rolling 3 Months,2/1/26,4/30/26,36984,City,"Bargaintown, NJ",Bargaintown,NJ,10,-28.57,532500,47.92,41,5,21,31.25,31,40.91,17,30.77,245.55,11.49
9/3/26,Rolling 3 Months,2/1/26,4/30/26,832,City,"Barnegat Light, NJ",Barnegat Light,NJ,5,-37.5,1940000,23.17,125,35,8,-42.86,12,-36.84,8,-11.11,1105.69,51.89
9/3/26,Rolling 3 Months,2/1/26,4/30/26,21288,City,"Barnegat, NJ",Barnegat,NJ,15,-6.25,465000,21.57,19,-10,15,-48.28,34,-8.11,18,12.5,265.27,-8.73
9/3/26,Rolling 3 Months,2/1/26,4/30/26,872,City,"Barrington, NJ",Barrington,NJ,19,11.76,375000,8.7,43,22,24,4.35,34,0,24,-4,256.19,10.43
9/3/26,Rolling 3 Months,2/1/26,4/30/26,37791,City,"Basking Ridge, NJ",Basking Ridge,NJ,8,-42.86,1382500,101.09,20,-1,23,0,28,3.7,20,5.26,451.51,15.02
9/3/26,Rolling 3 Months,2/1/26,4/30/26,952,City,"Bay Head, NJ",Bay Head,NJ,3,0,3900000,95.98,24,-20,6,-50,8,-50,3,-57.14,1379.55,-4.75
9/3/26,Rolling 3 Months,2/1/26,4/30/26,970,City,"Bayonne, NJ",Bayonne,NJ,76,2.7,632500,-2.69,49,16,116,-20.55,205,-10.48,97,-13.39,344.25,-0.13
9/3/26,Rolling 3 Months,2/1/26,4/30/26,21342,City,"Beach Haven West, NJ",Beach Haven West,NJ,18,-33.33,811250,-3.31,30,14,42,-6.67,63,-13.7,38,5.56,722.59,24.82
9/3/26,Rolling 3 Months,2/1/26,4/30/26,1052,City,"Beach Haven, NJ",Beach Haven,NJ,13,0,2700000,77.63,85,17,22,-4.35,35,-14.63,17,-5.56,1033.17,8.26
9/3/26,Rolling 3 Months,2/1/26,4/30/26,1121,City,"Beachwood, NJ",Beachwood,NJ,28,-3.45,470500,6.93,42,1,38,8.57,52,1.96,32,-8.57,311.16,-0.49
9/3/26,Rolling 3 Months,2/1/26,4/30/26,31548,City,"Beattystown, NJ",Beattystown,NJ,7,133.33,510000,29.11,14,-4,12,140,14,100,11,120,278.95,-4.98
9/3/26,Rolling 3 Months,2/1/26,4/30/26,21365,City,"Beckett, NJ",Beckett,NJ,14,133.33,376000,-1.31,22,10,11,0,15,36.36,9,-10,216.67,-0.95
9/3/26,Rolling 3 Months,2/1/26,4/30/26,37786,City,"Bedminster, NJ",Bedminster,NJ,NA,NA,NA,NA,NA,NA,1,-75,2,-66.67,NA,NA,505.66,28.18
9/3/26,Rolling 3 Months,2/1/26,4/30/26,37382,City,"Beesleys Point, NJ",Beesleys Point,NJ,3,0,670000,25.23,17,-5,2,-66.67,4,-50,2,-50,385.41,28.48
9/3/26,Rolling 3 Months,2/1/26,4/30/26,21377,City,"Belford, NJ",Belford,NJ,5,25,625000,32.28,33,-25,8,-20,11,-31.25,9,12.5,406.8,-0.38
9/3/26,Rolling 3 Months,2/1/26,4/30/26,31566,City,"Belle Mead, NJ",Belle Mead,NJ,5,25,765000,-6.42,43,33,3,-40,7,16.67,4,0,364.93,-1.12
9/3/26,Rolling 3 Months,2/1/26,4/30/26,31569,City,"Belleplain, NJ",Belleplain,NJ,NA,NA,NA,NA,NA,NA,NA,NA,1,-50,1,NA,NA,NA
9/3/26,Rolling 3 Months,2/1/26,4/30/26,1257,City,"Bellmawr, NJ",Bellmawr,NJ,22,-24.14,334950,4.67,23,-11,25,-34.21,39,-22,31,-6.06,238.04,3.65
9/3/26,Rolling 3 Months,2/1/26,4/30/26,1306,City,"Belmar, NJ",Belmar,NJ,13,0,800000,-38.46,60,-10,25,4.17,30,-16.67,17,41.67,710.91,15.2
9/3/26,Rolling 3 Months,2/1/26,4/30/26,1330,City,"Belvidere, NJ",Belvidere,NJ,5,-28.57,290000,-19.85,57,31,8,-33.33,15,-31.82,6,-45.45,195.92,-3.6
9/3/26,Rolling 3 Months,2/1/26,4/30/26,1381,City,"Bergenfield, NJ",Bergenfield,NJ,30,30.43,709500,6.69,94,-6,47,-17.54,80,-3.61,36,-10,451.45,8.47
9/3/26,Rolling 3 Months,2/1/26,4/30/26,1452,City,"Berlin, NJ",Berlin,NJ,22,46.67,397500,4.61,19,-21,26,13.04,38,5.56,29,52.63,211.93,-8.46
9/3/26,Rolling 3 Months,2/1/26,4/30/26,1489,City,"Bernardsville, NJ",Bernardsville,NJ,15,-11.76,650000,-33.33,22,9,23,-39.47,35,-23.91,16,-36,394.79,2.45
9/3/26,Rolling 3 Months,2/1/26,4/30/26,1532,City,"Beverly, NJ",Beverly,NJ,8,14.29,330000,1.54,49,30,9,-30.77,21,5,12,33.33,194.31,8.71
9/3/26,Rolling 3 Months,2/1/26,4/30/26,31652,City,"Blackwells Mills, NJ",Blackwells Mills,NJ,11,22.22,840000,-14.29,18,5,22,-18.52,24,-22.58,16,-27.27,354.3,3.11
9/3/26,Rolling 3 Months,2/1/26,4/30/26,21462,City,"Blackwood, NJ",Blackwood,NJ,19,137.5,330000,11.11,74,29,17,41.67,39,143.75,24,118.18,212.67,2.36
9/3/26,Rolling 3 Months,2/1/26,4/30/26,31658,City,"Blairstown, NJ",Blairstown,NJ,1,NA,480000,NA,59,NA,2,-33.33,6,50,2,0,234.73,94.31
9/3/26,Rolling 3 Months,2/1/26,4/30/26,31660,City,"Blawenburg, NJ",Blawenburg,NJ,1,NA,1250000,NA,219,NA,NA,NA,NA,NA,NA,NA,NA,NA
9/3/26,Rolling 3 Months,2/1/26,4/30/26,1676,City,"Bloomingdale, NJ",Bloomingdale,NJ,13,30,485000,-19.17,52,6,16,6.67,27,17.39,19,111.11,345.7,-14.75
9/3/26,Rolling 3 Months,2/1/26,4/30/26,1682,City,"Bloomsbury, NJ",Bloomsbury,NJ,1,-50,520000,198.42,170,105,1,-66.67,5,66.67,3,50,290.05,34.5
9/3/26,Rolling 3 Months,2/1/26,4/30/26,1706,City,"Bogota, NJ",Bogota,NJ,13,85.71,607000,4.66,70,-24,20,100,31,72.22,18,63.64,420.17,5.16
9/3/26,Rolling 3 Months,2/1/26,4/30/26,1732,City,"Boonton, NJ",Boonton,NJ,13,-13.33,599000,4.17,28,6,21,16.67,31,19.23,22,46.67,360.4,9.34
9/3/26,Rolling 3 Months,2/1/26,4/30/26,1749,City,"Bordentown, NJ",Bordentown,NJ,8,0,337500,-2.17,58,23,16,23.08,23,43.75,14,55.56,284.68,7.2
9/3/26,Rolling 3 Months,2/1/26,4/30/26,1769,City,"Bound Brook, NJ",Bound Brook,NJ,17,21.43,540000,15.26,76,53,25,-7.41,37,8.82,19,-13.64,309.86,-0.55
9/3/26,Rolling 3 Months,2/1/26,4/30/26,1817,City,"Bradley Beach, NJ",Bradley Beach,NJ,8,-27.27,857500,-12.05,26,11,11,-8.33,14,-30,5,-68.75,736.11,-6.06
9/3/26,Rolling 3 Months,2/1/26,4/30/26,31705,City,"Bradley Gardens, NJ",Bradley Gardens,NJ,28,-12.5,590500,17.51,17,1,50,13.64,58,-3.33,43,7.5,368.08,5.23
9/3/26,Rolling 3 Months,2/1/26,4/30/26,31707,City,"Brainards, NJ",Brainards,NJ,1,0,275000,102.21,8,-13,NA,NA,NA,NA,NA,NA,NA,NA
9/3/26,Rolling 3 Months,2/1/26,4/30/26,1907,City,"Branchville, NJ",Branchville,NJ,2,-33.33,532500,25.59,7,-8,2,100,2,-33.33,2,-33.33,210.4,-2.83
9/3/26,Rolling 3 Months,2/1/26,4/30/26,21552,City,"Brass Castle, NJ",Brass Castle,NJ,3,-25,546000,38.93,15,-27,1,-80,4,-20,3,50,344.49,44.95
9/3/26,Rolling 3 Months,2/1/26,4/30/26,38231,City,"Bridgeport, NJ",Bridgeport,NJ,1,NA,361000,NA,68,NA,2,NA,3,NA,NA,NA,228.63,NA
9/3/26,Rolling 3 Months,2/1/26,4/30/26,1973,City,"Bridgeton, NJ",Bridgeton,NJ,20,17.65,191500,9.43,35,-14,48,108.7,72,60,32,77.78,132.07,-17.32
9/3/26,Rolling 3 Months,2/1/26,4/30/26,37543,City,"Bridgewater Center, NJ",Bridgewater Center,NJ,7,0,1220000,60.53,29,11,11,-15.38,13,-13.33,8,-11.11,365.8,20.68
9/3/26,Rolling 3 Months,2/1/26,4/30/26,35941,City,"Bridgewater, NJ",Bridgewater,NJ,79,-19.39,650000,6.47,21,-1,155,-7.74,191,-9.05,114,-10.94,365.41,4.94
9/3/26,Rolling 3 Months,2/1/26,4/30/26,2004,City,"Brielle, NJ",Brielle,NJ,12,-14.29,1167500,14.18,24,5,12,-29.41,21,-22.22,12,-33.33,640.95,26.44
9/3/26,Rolling 3 Months,2/1/26,4/30/26,2014,City,"Brigantine, NJ",Brigantine,NJ,69,15,637500,17.78,114,44,115,6.48,189,-9.13,85,7.59,484.11,2.21
9/3/26,Rolling 3 Months,2/1/26,4/30/26,31757,City,"Broadway, NJ",Broadway,NJ,2,100,322500,-38.34,279,78,1,NA,4,100,4,300,NA,NA
9/3/26,Rolling 3 Months,2/1/26,4/30/26,31765,City,"Brookdale, NJ",Brookdale,NJ,19,35.71,769000,10.17,18,-40,23,-14.81,32,-3.03,18,-14.29,466.37,14.39
9/3/26,Rolling 3 Months,2/1/26,4/30/26,31767,City,"Brookfield, NJ",Brookfield,NJ,6,-14.29,464500,6.78,34,-15,12,50,15,0,12,140,253.57,8.3
9/3/26,Rolling 3 Months,2/1/26,4/30/26,2124,City,"Brooklawn, NJ",Brooklawn,NJ,4,0,227500,-5.24,40,34,5,-44.44,10,0,5,-37.5,203.5,-2.32
9/3/26,Rolling 3 Months,2/1/26,4/30/26,37775,City,"Brookside, NJ",Brookside,NJ,4,-20,1315000,-26,19,4,4,-75,6,-64.71,4,-55.56,433.98,-6.34
9/3/26,Rolling 3 Months,2/1/26,4/30/26,21625,City,"Browns Mills, NJ",Browns Mills,NJ,42,-10.64,300000,-14.29,30,-16,52,-1.89,95,20.25,60,13.21,242.14,7.76
9/3/26,Rolling 3 Months,2/1/26,4/30/26,21630,City,"Brownville, NJ",Brownville,NJ,8,33.33,422500,1.81,40,-18,10,-33.33,17,-10.53,11,0,337.84,3.82
9/3/26,Rolling 3 Months,2/1/26,4/30/26,21637,City,"Budd Lake, NJ",Budd Lake,NJ,17,-5.56,550000,-12.35,18,-14,26,30,37,12.12,14,-22.22,304.23,5.23
9/3/26,Rolling 3 Months,2/1/26,4/30/26,2259,City,"Buena, NJ",Buena,NJ,13,-27.78,330000,7.49,47,6,25,108.33,37,60.87,23,43.75,246.77,26.72
9/3/26,Rolling 3 Months,2/1/26,4/30/26,31140,City,"Burleigh, NJ",Burleigh,NJ,2,NA,494000,NA,213,NA,2,NA,5,400,1,NA,439.56,NA
9/3/26,Rolling 3 Months,2/1/26,4/30/26,2313,City,"Burlington, NJ",Burlington,NJ,36,28.57,256000,-0.58,40,-14,57,14,102,15.91,56,21.74,183.95,3.01
9/3/26,Rolling 3 Months,2/1/26,4/30/26,2341,City,"Butler, NJ",Butler,NJ,15,-16.67,620000,30.53,17,-25,35,59.09,36,12.5,23,27.78,334.14,3.31
9/3/26,Rolling 3 Months,2/1/26,4/30/26,31822,City,"Buttzville, NJ",Buttzville,NJ,NA,NA,NA,NA,NA,NA,1,0,1,0,NA,NA,283.51,15.32
9/3/26,Rolling 3 Months,2/1/26,4/30/26,31825,City,"Byram Center, NJ",Byram Center,NJ,4,33.33,532500,9.57,39,20,7,-36.36,7,-36.36,2,-75,259.65,1.26
9/3/26,Rolling 3 Months,2/1/26,4/30/26,2392,City,"Caldwell, NJ",Caldwell,NJ,18,50,588500,-5.92,16,-31,28,21.74,35,12.9,24,84.62,382.92,10.61
9/3/26,Rolling 3 Months,2/1/26,4/30/26,2400,City,"Califon, NJ",Califon,NJ,1,0,701000,29.81,10,-313,4,-33.33,6,-14.29,3,-25,268.21,-16.27
9/3/26,Rolling 3 Months,2/1/26,4/30/26,2570,City,"Camden, NJ",Camden,NJ,99,-1,173050,9.87,55,20,141,-3.42,269,12.55,141,11.9,139.22,0.77
9/3/26,Rolling 3 Months,2/1/26,4/30/26,21745,City,"Cape May Court House, NJ",Cape May Court House,NJ,16,14.29,564500,34.4,96,0,18,-33.33,36,-25,20,0,313.34,3.91
9/3/26,Rolling 3 Months,2/1/26,4/30/26,2668,City,"Cape May Point, NJ",Cape May Point,NJ,3,50,2489000,93.25,102,64,4,33.33,10,42.86,3,200,1052.31,-28.22
9/3/26,Rolling 3 Months,2/1/26,4/30/26,2652,City,"Cape May, NJ",Cape May,NJ,19,-5,830000,-13.09,62,8,29,3.57,49,22.5,14,-30,927.87,8.01
9/3/26,Rolling 3 Months,2/1/26,4/30/26,36992,City,"Carlls Corner, NJ",Carlls Corner,NJ,2,100,273000,-10.49,92,58,NA,NA,3,-40,1,0,NA,NA
9/3/26,Rolling 3 Months,2/1/26,4/30/26,2701,City,"Carlstadt, NJ",Carlstadt,NJ,7,-12.5,800000,-3.9,84,39,14,7.69,18,-5.26,8,-38.46,396.83,3.36
9/3/26,Rolling 3 Months,2/1/26,4/30/26,21764,City,"Carneys Point, NJ",Carneys Point,NJ,25,66.67,240000,0.21,57,31,28,0,53,43.24,27,12.5,195.09,4.62
9/3/26,Rolling 3 Months,2/1/26,4/30/26,2768,City,"Carteret, NJ",Carteret,NJ,31,-16.22,560000,7.69,97,23,48,17.07,88,4.76,38,-2.56,367.63,5.23
9/3/26,Rolling 3 Months,2/1/26,4/30/26,21791,City,"Cedar Glen Lakes, NJ",Cedar Glen Lakes,NJ,12,100,117500,-0.63,63,17,13,-23.53,29,-12.12,13,62.5,116.67,-10.9
9/3/26,Rolling 3 Months,2/1/26,4/30/26,21792,City,"Cedar Glen West, NJ",Cedar Glen West,NJ,9,0,74500,-21.58,26,-79,25,78.57,49,40,11,-8.33,109.19,6.72
9/3/26,Rolling 3 Months,2/1/26,4/30/26,37692,City,"Cedar Knolls, NJ",Cedar Knolls,NJ,6,500,685000,-37.73,17,-3,12,140,14,180,10,233.33,382.13,-6.14
9/3/26,Rolling 3 Months,2/1/26,4/30/26,21810,City,"Cedarville, NJ",Cedarville,NJ,1,-50,240000,66.96,87,-4,2,-33.33,6,-25,3,-25,103.65,25.85
9/3/26,Rolling 3 Months,2/1/26,4/30/26,37303,City,"Centre Grove, NJ",Centre Grove,NJ,7,133.33,280000,-17.65,36,25,13,30,17,30.77,8,60,226.53,-1.03
9/3/26,Rolling 3 Months,2/1/26,4/30/26,3129,City,"Chatham, NJ",Chatham,NJ,16,-27.27,1312500,14.78,11,-3,38,8.57,44,15.79,33,32,687.54,16.18
9/3/26,Rolling 3 Months,2/1/26,4/30/26,21871,City,"Cherry Hill Mall, NJ",Cherry Hill Mall,NJ,39,-7.14,359000,-18.04,37,21,62,26.53,85,18.06,46,-8,239.73,8.06
9/3/26,Rolling 3 Months,2/1/26,4/30/26,3267,City,"Chesilhurst, NJ",Chesilhurst,NJ,1,0,325000,8.33,49,30,3,-57.14,6,-33.33,3,-62.5,321.88,49.25
9/3/26,Rolling 3 Months,2/1/26,4/30/26,3274,City,"Chester, NJ",Chester,NJ,3,-40,180000,-72.31,69,14,4,0,7,0,2,-50,371.98,30.27
9/3/26,Rolling 3 Months,2/1/26,4/30/26,3482,City,"Clayton, NJ",Clayton,NJ,23,-23.33,359750,5.81,36,-14,34,36,50,-7.41,26,-27.78,196.72,-0.16
9/3/26,Rolling 3 Months,2/1/26,4/30/26,21940,City,"Clearbrook Park, NJ",Clearbrook Park,NJ,34,30.77,360000,5.57,76,-11,59,1.72,101,13.48,43,26.47,293.18,6.23
9/3/26,Rolling 3 Months,2/1/26,4/30/26,37747,City,"Clearbrook, NJ",Clearbrook,NJ,34,30.77,360000,5.57,76,-11,59,1.72,101,13.48,43,26.47,293.18,6.23
9/3/26,Rolling 3 Months,2/1/26,4/30/26,3500,City,"Clementon, NJ",Clementon,NJ,20,122.22,273000,7.06,48,25,38,18.75,60,46.34,34,78.95,206.78,-0.1
9/3/26,Rolling 3 Months,2/1/26,4/30/26,3533,City,"Cliffside Park, NJ",Cliffside Park,NJ,45,-23.73,530000,-30.72,95,9,93,-1.06,161,-1.83,75,-5.06,461.61,-5.17
9/3/26,Rolling 3 Months,2/1/26,4/30/26,21964,City,"Cliffwood Beach, NJ",Cliffwood Beach,NJ,6,-14.29,489000,5.16,25,-43,10,-33.33,20,-4.76,13,-13.33,380.49,-7.37
9/3/26,Rolling 3 Months,2/1/26,4/30/26,3564,City,"Clifton, NJ",Clifton,NJ,126,0.8,615000,4.95,45,-20,170,0,282,5.22,145,-7.64,409.9,10.09
9/3/26,Rolling 3 Months,2/1/26,4/30/26,3570,City,"Clinton, NJ",Clinton,NJ,3,-57.14,595000,-12.5,32,5,13,116.67,15,87.5,6,50,383.3,42.47
9/3/26,Rolling 3 Months,2/1/26,4/30/26,3589,City,"Closter, NJ",Closter,NJ,11,-8.33,1660000,-1.04,110,16,39,69.57,63,53.66,31,138.46,540.9,2.17
9/3/26,Rolling 3 Months,2/1/26,4/30/26,22003,City,"Collings Lakes, NJ",Collings Lakes,NJ,8,33.33,327500,15.93,36,-40,9,28.57,12,9.09,11,120,238.46,12.12
9/3/26,Rolling 3 Months,2/1/26,4/30/26,3715,City,"Collingswood, NJ",Collingswood,NJ,35,16.67,455000,12.35,29,11,47,20.51,65,16.07,46,24.32,273.68,-1.56
9/3/26,Rolling 3 Months,2/1/26,4/30/26,36977,City,"Cologne, NJ",Cologne,NJ,3,200,430000,0,60,3,3,0,5,66.67,4,300,218.1,10.13
9/3/26,Rolling 3 Months,2/1/26,4/30/26,22015,City,"Colonia, NJ",Colonia,NJ,33,13.79,667000,22.16,94,38,54,1.89,87,6.1,46,12.2,378.78,-1.82
9/3/26,Rolling 3 Months,2/1/26,4/30/26,32112,City,"Columbia, NJ",Columbia,NJ,1,0,320000,12.28,94,51,1,NA,1,NA,NA,NA,NA,NA
9/3/26,Rolling 3 Months,2/1/26,4/30/26,22035,City,"Concordia, NJ",Concordia,NJ,21,-32.26,424000,21.14,60,-9,34,-12.82,64,-4.48,26,-35,278.24,1.31
9/3/26,Rolling 3 Months,2/1/26,4/30/26,37834,City,"Connecticut Farms, NJ",Connecticut Farms,NJ,2,NA,509998,NA,48,NA,2,100,3,50,2,100,355.95,NA
9/3/26,Rolling 3 Months,2/1/26,4/30/26,37341,City,"Cookstown, NJ",Cookstown,NJ,1,NA,470000,NA,16,NA,4,33.33,4,33.33,2,100,224.52,-15.66
9/3/26,Rolling 3 Months,2/1/26,4/30/26,3920,City,"Corbin City, NJ",Corbin City,NJ,2,NA,437500,NA,228,NA,2,NA,5,400,NA,NA,277.61,NA
9/3/26,Rolling 3 Months,2/1/26,4/30/26,22068,City,"Country Lake Estates, NJ",Country Lake Estates,NJ,15,36.36,410000,12.33,27,-16,23,43.75,27,28.57,18,38.46,234.09,-11.51
9/3/26,Rolling 3 Months,2/1/26,4/30/26,22091,City,"Cranbury, NJ",Cranbury,NJ,NA,NA,NA,NA,NA,NA,8,0,13,8.33,8,60,413.74,6.26
9/3/26,Rolling 3 Months,2/1/26,4/30/26,22095,City,"Crandon Lakes, NJ",Crandon Lakes,NJ,6,500,464500,9.29,108,91,7,133.33,9,28.57,4,0,313.01,-24.33
9/3/26,Rolling 3 Months,2/1/26,4/30/26,37655,City,"Cranford, NJ",Cranford,NJ,5,66.67,475000,0,24,9,2,-33.33,2,-33.33,1,-50,NA,NA
9/3/26,Rolling 3 Months,2/1/26,4/30/26,37831,City,"Cream Ridge, NJ",Cream Ridge,NJ,1,0,590000,-46.36,79,49,1,0,1,-50,1,0,327.26,19.78
9/3/26,Rolling 3 Months,2/1/26,4/30/26,4098,City,"Cresskill, NJ",Cresskill,NJ,15,-16.67,1285000,-11.81,92,19,36,28.57,62,14.81,23,-14.81,523.69,8.26
9/3/26,Rolling 3 Months,2/1/26,4/30/26,22109,City,"Crestwood Village, NJ",Crestwood Village,NJ,66,4.76,140000,-2.1,49,21,108,-5.26,194,7.18,77,-14.44,173.26,-2.89
9/3/26,Rolling 3 Months,2/1/26,4/30/26,37161,City,"Crosswicks, NJ",Crosswicks,NJ,2,0,485500,20.62,23,-138,2,-50,5,-16.67,4,33.33,317.98,67.09
9/3/26,Rolling 3 Months,2/1/26,4/30/26,37234,City,"Cumberland-Hesstown, NJ",Cumberland-Hesstown,NJ,1,NA,385000,NA,123,NA,NA,NA,1,0,1,0,NA,NA
9/3/26,Rolling 3 Months,2/1/26,4/30/26,22158,City,"Dayton, NJ",Dayton,NJ,18,28.57,537500,-10.19,93,50,21,0,37,8.82,25,31.58,355.76,4.67
9/3/26,Rolling 3 Months,2/1/26,4/30/26,4348,City,"Deal, NJ",Deal,NJ,NA,NA,NA,NA,NA,NA,3,50,9,12.5,1,-75,1786.43,89.6
9/3/26,Rolling 3 Months,2/1/26,4/30/26,37819,City,"Deans, NJ",Deans,NJ,2,100,1007500,-4.05,70,9,4,-42.86,6,-25,5,66.67,375.86,-14.94
9/3/26,Rolling 3 Months,2/1/26,4/30/26,32232,City,"Delaware Park, NJ",Delaware Park,NJ,1,-75,235000,-30.88,8,-27,4,33.33,6,20,4,-20,211.86,-7.92
9/3/26,Rolling 3 Months,2/1/26,4/30/26,32226,City,"Delaware, NJ",Delaware,NJ,1,0,348900,74.45,294,260,1,0,2,100,1,0,199.96,NA
9/3/26,Rolling 3 Months,2/1/26,4/30/26,37370,City,"Delmont, NJ",Delmont,NJ,NA,NA,NA,NA,NA,NA,NA,NA,1,0,NA,NA,NA,NA
9/3/26,Rolling 3 Months,2/1/26,4/30/26,4548,City,"Demarest, NJ",Demarest,NJ,14,40,1687500,4.49,68,-21,26,0,41,-21.15,17,-26.09,656.95,14.77
9/3/26,Rolling 3 Months,2/1/26,4/30/26,37035,City,"Dennisville, NJ",Dennisville,NJ,3,50,380000,105.46,31,-31,2,-33.33,2,-60,1,-75,368.81,119.07
9/3/26,Rolling 3 Months,2/1/26,4/30/26,22215,City,"Diamond Beach, NJ",Diamond Beach,NJ,4,100,972500,25.28,37,-195,9,-30.77,14,-36.36,7,-12.5,651.03,-4.04
9/3/26,Rolling 3 Months,2/1/26,4/30/26,36953,City,"Dividing Creek, NJ",Dividing Creek,NJ,1,0,35000,-82.05,32,-25,3,50,6,50,2,100,215.32,89.76
9/3/26,Rolling 3 Months,2/1/26,4/30/26,37045,City,"Dorchester, NJ",Dorchester,NJ,NA,NA,NA,NA,NA,NA,1,-50,2,-33.33,1,0,195.18,62
9/3/26,Rolling 3 Months,2/1/26,4/30/26,37258,City,"Dorothy, NJ",Dorothy,NJ,3,-25,206000,-46.84,73,-22,2,0,4,-20,1,-80,224.29,54.72
9/3/26,Rolling 3 Months,2/1/26,4/30/26,22238,City,"Dover Beaches North, NJ",Dover Beaches North,NJ,16,-44.83,825000,10,41,24,28,0,39,-18.75,19,-32.14,933.2,4.91
9/3/26,Rolling 3 Months,2/1/26,4/30/26,22240,City,"Dover Beaches South, NJ",Dover Beaches South,NJ,9,-30.77,999900,29.02,12,-32,23,-8,34,-5.56,12,-42.86,731.54,5.36
9/3/26,Rolling 3 Months,2/1/26,4/30/26,4682,City,"Dover, NJ",Dover,NJ,17,41.67,465000,-11,28,-20,26,8.33,37,19.35,17,-10.53,332.71,10.13
9/3/26,Rolling 3 Months,2/1/26,4/30/26,4760,City,"Dumont, NJ",Dumont,NJ,19,11.76,710000,16.39,74,12,38,-20.83,57,-5,33,-8.33,400.95,-4.5
9/3/26,Rolling 3 Months,2/1/26,4/30/26,4785,City,"Dunellen, NJ",Dunellen,NJ,17,30.77,510000,4.08,51,-25,23,27.78,43,34.38,25,92.31,327.57,0.85
9/3/26,Rolling 3 Months,2/1/26,4/30/26,36935,City,"Dutch Neck, NJ",Dutch Neck,NJ,NA,NA,NA,NA,NA,NA,2,0,2,0,1,-50,118.17,-42.53
9/3/26,Rolling 3 Months,2/1/26,4/30/26,32320,City,"East Franklin, NJ",East Franklin,NJ,11,10,505000,20.67,53,18,11,-8.33,17,-19.05,9,-30.77,300.11,-17.1
9/3/26,Rolling 3 Months,2/1/26,4/30/26,22309,City,"East Freehold, NJ",East Freehold,NJ,11,57.14,839250,19.38,30,4,19,-26.92,21,-27.59,13,-13.33,357.65,9.17
9/3/26,Rolling 3 Months,2/1/26,4/30/26,32334,City,"East Millstone, NJ",East Millstone,NJ,2,0,1105000,47.83,48,-97,1,-75,1,-80,NA,NA,317.12,20.13
9/3/26,Rolling 3 Months,2/1/26,4/30/26,4996,City,"East Newark, NJ",East Newark,NJ,1,-66.67,660000,1.54,64,-37,4,300,5,25,1,-50,316.89,2.84
9/3/26,Rolling 3 Months,2/1/26,4/30/26,5001,City,"East Orange, NJ",East Orange,NJ,81,-14.74,540000,3.85,77,-5,132,17.86,256,17.43,96,-18.64,236.22,-2.71
9/3/26,Rolling 3 Months,2/1/26,4/30/26,32338,City,"East Rocky Hill, NJ",East Rocky Hill,NJ,3,200,343000,5.54,190,184,1,-66.67,3,0,1,0,183.82,-55.88
9/3/26,Rolling 3 Months,2/1/26,4/30/26,5036,City,"East Rutherford, NJ",East Rutherford,NJ,7,-41.67,790000,54.45,50,-4,11,-35.29,20,-13.04,13,-13.33,434.15,14.61
9/3/26,Rolling 3 Months,2/1/26,4/30/26,37238,City,"East Vineland, NJ",East Vineland,NJ,2,100,281250,307.61,91,-48,3,0,10,100,8,166.67,237.74,22.36
9/3/26,Rolling 3 Months,2/1/26,4/30/26,5113,City,"Eatontown, NJ",Eatontown,NJ,21,10.53,600000,22.45,28,12,44,15.79,70,16.67,32,18.52,400.76,10.4
9/3/26,Rolling 3 Months,2/1/26,4/30/26,22363,City,"Echelon, NJ",Echelon,NJ,26,-3.7,222500,-12.27,38,17,30,-16.67,45,-10,23,-34.29,236.72,5.06
9/3/26,Rolling 3 Months,2/1/26,4/30/26,5164,City,"Edgewater, NJ",Edgewater,NJ,50,51.52,635000,7.63,107,6,84,20,171,30.53,53,32.5,529.41,0.24
9/3/26,Rolling 3 Months,2/1/26,4/30/26,35780,City,"Edison, NJ",Edison,NJ,123,-3.91,547500,-9.88,70,-2,261,13.97,419,17.04,155,-6.63,386.88,1.35
9/3/26,Rolling 3 Months,2/1/26,4/30/26,5265,City,"Egg Harbor City, NJ",Egg Harbor City,NJ,12,50,272500,0.93,86,39,19,72.73,35,59.09,16,60,206.25,12.58
9/3/26,Rolling 3 Months,2/1/26,4/30/26,5417,City,"Elizabeth, NJ",Elizabeth,NJ,87,-19.44,650000,-1.52,47,2,196,24.84,324,24.14,131,2.34,315.86,3.84
9/3/26,Rolling 3 Months,2/1/26,4/30/26,31169,City,"Ellisburg, NJ",Ellisburg,NJ,12,71.43,497500,77.68,15,-4,16,128.57,21,61.54,14,40,256.25,12.54
9/3/26,Rolling 3 Months,2/1/26,4/30/26,5477,City,"Elmer, NJ",Elmer,NJ,7,133.33,290000,-14.71,121,61,5,66.67,14,180,5,150,192.09,144.47
9/3/26,Rolling 3 Months,2/1/26,4/30/26,5497,City,"Elmwood Park, NJ",Elmwood Park,NJ,28,64.71,637500,21.43,67,7,41,36.67,66,40.43,37,42.31,373.75,0.67
9/3/26,Rolling 3 Months,2/1/26,4/30/26,31170,City,"Elwood, NJ",Elwood,NJ,NA,NA,NA,NA,NA,NA,5,0,7,-12.5,3,-25,249.55,-0.14
9/3/26,Rolling 3 Months,2/1/26,4/30/26,5543,City,"Emerson, NJ",Emerson,NJ,11,120,865000,31.06,81,27,12,-14.29,23,43.75,9,-10,414.22,15.63
9/3/26,Rolling 3 Months,2/1/26,4/30/26,37594,City,"Encore at Monroe, NJ",Encore at Monroe,NJ,2,0,672000,-11.58,102,62,5,25,7,75,2,-50,273.11,-3.41
9/3/26,Rolling 3 Months,2/1/26,4/30/26,5552,City,"Englewood Cliffs, NJ",Englewood Cliffs,NJ,6,-14.29,1612500,-36.76,147,56,14,-33.33,31,-27.91,13,-27.78,667.28,23.67
9/3/26,Rolling 3 Months,2/1/26,4/30/26,5544,City,"Englewood, NJ",Englewood,NJ,32,-5.88,637500,-6.25,101,21,84,12,147,8.09,49,-18.33,433.33,10.38
9/3/26,Rolling 3 Months,2/1/26,4/30/26,37252,City,"English Creek, NJ",English Creek,NJ,8,300,490000,-0.66,81,16,10,42.86,18,63.64,10,400,221.07,6.06
9/3/26,Rolling 3 Months,2/1/26,4/30/26,5564,City,"Englishtown, NJ",Englishtown,NJ,12,1100,460000,2.22,20,9,7,-30,18,63.64,13,550,301.52,-13.52
9/3/26,Rolling 3 Months,2/1/26,4/30/26,22474,City,"Erma, NJ",Erma,NJ,6,50,422500,-6.89,86,2,7,75,15,25,7,16.67,290.49,7.23
9/3/26,Rolling 3 Months,2/1/26,4/30/26,5632,City,"Essex Fells, NJ",Essex Fells,NJ,4,-33.33,1490000,4.56,33,-23,5,-16.67,9,-30.77,6,0,523.79,2.44
9/3/26,Rolling 3 Months,2/1/26,4/30/26,5639,City,"Estell Manor, NJ",Estell Manor,NJ,3,0,485000,-7.62,88,59,6,200,11,83.33,3,-25,308.12,54.36
9/3/26,Rolling 3 Months,2/1/26,4/30/26,22514,City,"Ewing, NJ",Ewing,NJ,78,-1.27,385000,6.35,43,-3,116,0.87,186,10.71,101,-9.01,250.49,2.58
9/3/26,Rolling 3 Months,2/1/26,4/30/26,5775,City,"Fair Haven, NJ",Fair Haven,NJ,12,-20,1490000,34.84,14,-2,10,-67.74,15,-57.14,13,-40.91,761.76,15.36
9/3/26,Rolling 3 Months,2/1/26,4/30/26,5779,City,"Fair Lawn, NJ",Fair Lawn,NJ,46,4.55,720000,5.49,53,-16,87,24.29,132,23.36,67,26.42,423.12,2.58
9/3/26,Rolling 3 Months,2/1/26,4/30/26,22546,City,"Fairton, NJ",Fairton,NJ,2,0,77500,19.23,76,34,3,200,12,140,4,300,122.25,-55.34
9/3/26,Rolling 3 Months,2/1/26,4/30/26,22563,City,"Fairview, NJ",Fairview,NJ,5,-54.55,795000,18.66,22,-27,12,9.09,14,-12.5,8,-27.27,450.01,-2.25
9/3/26,Rolling 3 Months,2/1/26,4/30/26,5804,City,"Fairview, NJ",Fairview,NJ,16,45.45,705000,7.63,92,28,27,107.69,51,121.74,19,72.73,396.09,4.05
9/3/26,Rolling 3 Months,2/1/26,4/30/26,5889,City,"Fanwood, NJ",Fanwood,NJ,20,0,770000,-6.44,16,3,28,33.33,38,18.75,28,21.74,430.87,-2.8
9/3/26,Rolling 3 Months,2/1/26,4/30/26,5899,City,"Far Hills, NJ",Far Hills,NJ,4,0,758750,-25.98,127,91,4,33.33,7,0,5,150,400.19,2.8
9/3/26,Rolling 3 Months,2/1/26,4/30/26,5909,City,"Farmingdale, NJ",Farmingdale,NJ,2,-33.33,522319,-24.85,38,-128,2,100,5,25,3,50,329.47,11.77
9/3/26,Rolling 3 Months,2/1/26,4/30/26,6000,City,"Fieldsboro, NJ",Fieldsboro,NJ,1,0,305000,-15.28,19,3,3,200,6,500,4,300,259.29,1
9/3/26,Rolling 3 Months,2/1/26,4/30/26,32535,City,"Finderne, NJ",Finderne,NJ,4,-66.67,615000,37.12,23,2,12,-25,15,-28.57,7,-41.67,327.54,-11.25
9/3/26,Rolling 3 Months,2/1/26,4/30/26,32536,City,"Finesville, NJ",Finesville,NJ,1,NA,330000,NA,16,NA,4,300,4,300,2,NA,254.39,23.71
9/3/26,Rolling 3 Months,2/1/26,4/30/26,37709,City,"Flagtown, NJ",Flagtown,NJ,1,NA,816000,NA,50,NA,2,100,2,100,1,0,440.43,NA
9/3/26,Rolling 3 Months,2/1/26,4/30/26,37813,City,"Flanders, NJ",Flanders,NJ,21,162.5,610000,-10.29,17,1,24,33.33,32,33.33,23,53.33,317.31,2.73
9/3/26,Rolling 3 Months,2/1/26,4/30/26,6109,City,"Flemington, NJ",Flemington,NJ,6,-50,524500,7.59,44,21,9,-30.77,15,-25,8,-20,302.47,6.46
9/3/26,Rolling 3 Months,2/1/26,4/30/26,31178,City,"Florence, NJ",Florence,NJ,19,-9.52,168900,-15.55,69,30,23,-17.86,45,0,20,-13.04,203.5,-3.68
9/3/26,Rolling 3 Months,2/1/26,4/30/26,6151,City,"Florham Park, NJ",Florham Park,NJ,15,-16.67,1199000,9,26,9,28,-9.68,38,-7.32,20,-28.57,453.59,3.95
9/3/26,Rolling 3 Months,2/1/26,4/30/26,6154,City,"Folsom, NJ",Folsom,NJ,9,200,389900,1.27,44,-20,8,166.67,19,171.43,9,80,266.75,48.11
9/3/26,Rolling 3 Months,2/1/26,4/30/26,22644,City,"Fords, NJ",Fords,NJ,20,-13.04,565000,-1.72,68,7,23,21.05,44,10,28,7.69,378.55,-2.93
9/3/26,Rolling 3 Months,2/1/26,4/30/26,22650,City,"Forked River, NJ",Forked River,NJ,26,-3.7,642450,21.22,42,-22,44,12.82,67,-1.47,33,-17.5,333.27,-7.43
9/3/26,Rolling 3 Months,2/1/26,4/30/26,37618,City,"Forsgate, NJ",Forsgate,NJ,2,-33.33,891000,1.83,225,205,7,40,8,14.29,6,500,307.04,-9.69
9/3/26,Rolling 3 Months,2/1/26,4/30/26,6283,City,"Fort Lee, NJ",Fort Lee,NJ,131,-0.76,408000,3.03,120,27,191,2.69,402,8.36,136,-20,476.19,0.73
9/3/26,Rolling 3 Months,2/1/26,4/30/26,37063,City,"Fortescue, NJ",Fortescue,NJ,5,NA,273000,NA,137,NA,6,50,8,0,7,250,175.41,-11.08
9/3/26,Rolling 3 Months,2/1/26,4/30/26,32629,City,"Franklin Center, NJ",Franklin Center,NJ,18,38.46,665000,7.28,67,39,24,-38.46,36,-28,21,-8.7,282.75,2.89
9/3/26,Rolling 3 Months,2/1/26,4/30/26,6433,City,"Franklin Lakes, NJ",Franklin Lakes,NJ,26,73.33,1912500,3.38,115,-8,40,2.56,76,13.43,30,-3.23,414.69,-5.5
9/3/26,Rolling 3 Months,2/1/26,4/30/26,32634,City,"Franklin Park, NJ",Franklin Park,NJ,18,-40,380000,-2.56,24,1,34,-5.56,45,-10,20,-44.44,314.5,-1.44
9/3/26,Rolling 3 Months,2/1/26,4/30/26,6420,City,"Franklin, NJ",Franklin,NJ,8,-27.27,309950,-20.53,22,-1,16,-23.81,23,-32.35,9,-59.09,270.14,-6.83
9/3/26,Rolling 3 Months,2/1/26,4/30/26,37287,City,"Franklinville, NJ",Franklinville,NJ,8,-11.11,286250,-11.92,52,17,10,400,17,70,8,0,207.68,15.28
9/3/26,Rolling 3 Months,2/1/26,4/30/26,6496,City,"Freehold, NJ",Freehold,NJ,37,85,489000,11.77,32,13,36,-18.18,55,-1.79,29,-12.12,342.52,-4.23
9/3/26,Rolling 3 Months,2/1/26,4/30/26,6526,City,"Frenchtown, NJ",Frenchtown,NJ,2,-60,475000,-7.77,36,-14,3,-25,7,40,2,-33.33,352.36,44.25
9/3/26,Rolling 3 Months,2/1/26,4/30/26,37157,City,"Gandys Beach, NJ",Gandys Beach,NJ,NA,NA,NA,NA,NA,NA,1,-50,2,-33.33,NA,NA,358.35,20.61
9/3/26,Rolling 3 Months,2/1/26,4/30/26,6627,City,"Garfield, NJ",Garfield,NJ,28,-28.21,667500,2.69,106,36,58,-4.92,89,-10.1,47,-27.69,370.02,-0.31
9/3/26,Rolling 3 Months,2/1/26,4/30/26,6634,City,"Garwood, NJ",Garwood,NJ,9,50,700000,-8.79,20,-23,17,54.55,21,40,12,20,405.8,9.93
9/3/26,Rolling 3 Months,2/1/26,4/30/26,37098,City,"Germania, NJ",Germania,NJ,NA,NA,NA,NA,NA,NA,NA,NA,1,0,1,0,NA,NA
9/3/26,Rolling 3 Months,2/1/26,4/30/26,6684,City,"Gibbsboro, NJ",Gibbsboro,NJ,12,100,442490,10.62,41,18,18,260,39,225,22,144.44,228.7,-12.29
9/3/26,Rolling 3 Months,2/1/26,4/30/26,22792,City,"Gibbstown, NJ",Gibbstown,NJ,8,-27.27,350850,18.93,16,-13,10,-37.5,15,-42.31,11,-45,218.01,16.55
9/3/26,Rolling 3 Months,2/1/26,4/30/26,37659,City,"Gillette, NJ",Gillette,NJ,8,100,689250,-11.92,30,16,8,-46.67,14,-12.5,7,-36.36,459.93,20.4
9/3/26,Rolling 3 Months,2/1/26,4/30/26,6749,City,"Glassboro, NJ",Glassboro,NJ,35,-41.67,355000,-3.39,32,3,49,-19.67,68,-26.09,45,-21.05,214.64,-4.38
9/3/26,Rolling 3 Months,2/1/26,4/30/26,6798,City,"Glen Gardner, NJ",Glen Gardner,NJ,5,-58.33,319700,-1.63,144,120,9,-35.71,18,-18.18,9,-47.06,225.55,-9.22
9/3/26,Rolling 3 Months,2/1/26,4/30/26,6809,City,"Glen Ridge, NJ",Glen Ridge,NJ,17,-26.09,1693000,73.64,18,-28,28,-41.67,36,-36.84,23,-20.69,510.9,11.6
9/3/26,Rolling 3 Months,2/1/26,4/30/26,6818,City,"Glen Rock, NJ",Glen Rock,NJ,23,76.92,1075000,10.26,43,-11,43,2.38,59,11.32,33,-2.94,497.5,2.95
9/3/26,Rolling 3 Months,2/1/26,4/30/26,22825,City,"Glendora, NJ",Glendora,NJ,16,33.33,325000,-5.8,51,15,25,19.05,38,15.15,27,50,240.14,6.21
9/3/26,Rolling 3 Months,2/1/26,4/30/26,6854,City,"Gloucester City, NJ",Gloucester City,NJ,27,-15.63,245140,0.06,56,20,45,-11.76,86,22.86,45,2.27,187.07,5.27
9/3/26,Rolling 3 Months,2/1/26,4/30/26,22855,City,"Golden Triangle, NJ",Golden Triangle,NJ,18,0,387500,-12.92,29,17,23,-25.81,36,-12.2,21,-4.55,273.95,3.19
9/3/26,Rolling 3 Months,2/1/26,4/30/26,37050,City,"Goshen, NJ",Goshen,NJ,NA,NA,NA,NA,NA,NA,NA,NA,1,-66.67,NA,NA,NA,NA
9/3/26,Rolling 3 Months,2/1/26,4/30/26,37318,City,"Gouldtown, NJ",Gouldtown,NJ,4,100,268500,95.27,260,222,6,20,9,0,4,100,193.81,-4.55
9/3/26,Rolling 3 Months,2/1/26,4/30/26,31188,City,"Great Meadows, NJ",Great Meadows,NJ,NA,NA,NA,NA,NA,NA,2,NA,2,NA,NA,NA,225.78,NA
9/3/26,Rolling 3 Months,2/1/26,4/30/26,37568,City,"Great Notch, NJ",Great Notch,NJ,6,20,736925,88.96,60,44,8,166.67,12,100,9,200,388.29,20.17
9/3/26,Rolling 3 Months,2/1/26,4/30/26,32764,City,"Green Knoll, NJ",Green Knoll,NJ,12,0,737500,-1.34,19,-7,10,-37.5,12,-50,8,-46.67,369.09,4.18
9/3/26,Rolling 3 Months,2/1/26,4/30/26,37809,City,"Green Village, NJ",Green Village,NJ,1,0,1895000,-5.96,NA,NA,2,0,2,0,3,200,378.66,-26.02
9/3/26,Rolling 3 Months,2/1/26,4/30/26,22933,City,"Greentree, NJ",Greentree,NJ,21,0,565888,2.89,48,22,30,-18.92,44,-13.73,28,-6.67,232.1,-1.18
9/3/26,Rolling 3 Months,2/1/26,4/30/26,32785,City,"Greenwich, NJ",Greenwich,NJ,5,-28.57,562000,13.54,18,-61,13,18.18,13,-13.33,6,-33.33,261.28,22.19
9/3/26,Rolling 3 Months,2/1/26,4/30/26,37024,City,"Greenwich, NJ",Greenwich,NJ,1,-50,275000,60.58,412,259,1,0,1,-66.67,2,0,177.4,267.53
9/3/26,Rolling 3 Months,2/1/26,4/30/26,37366,City,"Grenloch, NJ",Grenloch,NJ,NA,NA,NA,NA,NA,NA,1,0,1,-66.67,NA,NA,246.02,40.58
9/3/26,Rolling 3 Months,2/1/26,4/30/26,32794,City,"Griggstown, NJ",Griggstown,NJ,2,NA,702500,NA,20,NA,2,0,2,-33.33,1,NA,319.74,-2.69
9/3/26,Rolling 3 Months,2/1/26,4/30/26,31193,City,"Groveville, NJ",Groveville,NJ,6,50,387000,-29.44,67,13,5,-28.57,10,11.11,7,40,324.73,39
9/3/26,Rolling 3 Months,2/1/26,4/30/26,7302,City,"Guttenberg, NJ",Guttenberg,NJ,28,55.56,410000,10.07,93,47,48,-15.79,93,-7.92,34,70,398.82,14.47
9/3/26,Rolling 3 Months,2/1/26,4/30/26,7312,City,"Hackensack, NJ",Hackensack,NJ,71,1.43,350000,1.74,82,-16,102,25.93,197,23.9,87,-1.14,379.05,10.23
9/3/26,Rolling 3 Months,2/1/26,4/30/26,7319,City,"Hackettstown, NJ",Hackettstown,NJ,17,0,503000,16.98,19,-2,30,-6.25,32,-21.95,23,9.52,297.2,2.58
9/3/26,Rolling 3 Months,2/1/26,4/30/26,7341,City,"Haddon Heights, NJ",Haddon Heights,NJ,9,-47.06,450000,-10,12,-7,19,-24,26,-13.33,13,-38.1,280.5,-3.87
9/3/26,Rolling 3 Months,2/1/26,4/30/26,7331,City,"Haddonfield, NJ",Haddonfield,NJ,35,12.9,860000,-1.71,26,14,67,48.89,81,47.27,49,16.67,399.98,-2.19
9/3/26,Rolling 3 Months,2/1/26,4/30/26,32814,City,"Hainesburg, NJ",Hainesburg,NJ,1,NA,599999,NA,30,NA,1,0,2,0,1,-50,262.24,1.86
9/3/26,Rolling 3 Months,2/1/26,4/30/26,7405,City,"Haledon, NJ",Haledon,NJ,9,28.57,545000,18.48,51,-23,14,-33.33,26,-13.33,16,0,382.96,23.8
9/3/26,Rolling 3 Months,2/1/26,4/30/26,7453,City,"Hamburg, NJ",Hamburg,NJ,15,7.14,400000,-1.96,35,14,27,-15.63,35,-12.5,23,-8,235.53,-4.72
9/3/26,Rolling 3 Months,2/1/26,4/30/26,31196,City,"Hamilton Square, NJ",Hamilton Square,NJ,22,46.67,485000,-0.82,60,33,30,-23.08,46,-2.13,28,-3.45,306.74,3.69
9/3/26,Rolling 3 Months,2/1/26,4/30/26,7499,City,"Hammonton, NJ",Hammonton,NJ,26,-3.7,427495,28.96,33,13,50,25,68,33.33,26,-13.33,227.29,5.72
9/3/26,Rolling 3 Months,2/1/26,4/30/26,7508,City,"Hampton, NJ",Hampton,NJ,5,66.67,385000,10,41,29,6,50,11,120,7,133.33,244.87,2.54
9/3/26,Rolling 3 Months,2/1/26,4/30/26,32848,City,"Hancocks Bridge, NJ",Hancocks Bridge,NJ,1,NA,280000,NA,191,NA,1,-50,3,50,2,100,157.02,11.6
9/3/26,Rolling 3 Months,2/1/26,4/30/26,32870,City,"Harlingen, NJ",Harlingen,NJ,NA,NA,NA,NA,NA,NA,1,0,2,100,NA,NA,393.79,-5.43
9/3/26,Rolling 3 Months,2/1/26,4/30/26,32876,City,"Harmony, NJ",Harmony,NJ,2,NA,316250,NA,104,NA,1,-66.67,2,-50,2,100,381.42,106.87
9/3/26,Rolling 3 Months,2/1/26,4/30/26,7687,City,"Harrington Park, NJ",Harrington Park,NJ,8,14.29,1025000,32.26,63,3,13,-23.53,20,-13.04,13,-13.33,345.64,-11.24
9/3/26,Rolling 3 Months,2/1/26,4/30/26,7704,City,"Harrison, NJ",Harrison,NJ,5,-66.67,458000,-20.42,46,-35,22,-29.03,32,-31.91,11,-47.62,388.03,0.13
9/3/26,Rolling 3 Months,2/1/26,4/30/26,37107,City,"Harrisonville, NJ",Harrisonville,NJ,3,50,442000,116.67,103,-49,1,NA,4,100,2,NA,185.5,NA
9/3/26,Rolling 3 Months,2/1/26,4/30/26,7751,City,"Harvey Cedars, NJ",Harvey Cedars,NJ,3,-40,1575000,-35.58,59,38,8,-27.27,16,-5.88,6,0,1242,23.04
9/3/26,Rolling 3 Months,2/1/26,4/30/26,7763,City,"Hasbrouck Heights, NJ",Hasbrouck Heights,NJ,9,-18.18,725000,7.41,63,-10,19,-20.83,27,-18.18,15,-6.25,435.12,21.14
9/3/26,Rolling 3 Months,2/1/26,4/30/26,7800,City,"Haworth, NJ",Haworth,NJ,5,-44.44,1550000,3.33,84,-30,6,-50,16,-15.79,8,14.29,553.51,11.56
9/3/26,Rolling 3 Months,2/1/26,4/30/26,7806,City,"Hawthorne, NJ",Hawthorne,NJ,26,0,643000,9.45,36,-47,52,79.31,73,43.14,42,20,372.06,5.97
9/3/26,Rolling 3 Months,2/1/26,4/30/26,23114,City,"Heathcote, NJ",Heathcote,NJ,19,-13.64,375000,-44.85,66,12,30,-23.08,47,-4.08,29,-9.38,339.54,7.41
9/3/26,Rolling 3 Months,2/1/26,4/30/26,37177,City,"Heislerville, NJ",Heislerville,NJ,NA,NA,NA,NA,NA,NA,1,0,1,-50,NA,NA,135.87,-28.03
9/3/26,Rolling 3 Months,2/1/26,4/30/26,7886,City,"Helmetta, NJ",Helmetta,NJ,9,50,343000,-4.72,73,34,11,-21.43,22,37.5,13,30,304.67,0.3
9/3/26,Rolling 3 Months,2/1/26,4/30/26,37779,City,"Hewitt, NJ",Hewitt,NJ,1,-90,960000,101.26,99,31,10,11.11,15,15.38,4,0,294.91,-26.89
9/3/26,Rolling 3 Months,2/1/26,4/30/26,37679,City,"Hibernia, NJ",Hibernia,NJ,NA,NA,NA,NA,NA,NA,NA,NA,NA,NA,1,NA,NA,NA
9/3/26,Rolling 3 Months,2/1/26,4/30/26,8009,City,"High Bridge, NJ",High Bridge,NJ,10,-16.67,451500,10.12,29,14,25,47.06,29,31.82,13,-18.75,286.7,-5.62
9/3/26,Rolling 3 Months,2/1/26,4/30/26,23160,City,"Highland Lake, NJ",Highland Lake,NJ,17,30.77,355000,-2.74,26,-26,43,104.76,62,87.88,29,81.25,324.72,11.9
9/3/26,Rolling 3 Months,2/1/26,4/30/26,35875,City,"Highland Lakes, NJ",Highland Lakes,NJ,18,28.57,372500,0.68,28,-26,43,115,62,100,29,81.25,324.72,10.23
9/3/26,Rolling 3 Months,2/1/26,4/30/26,8051,City,"Highland Park, NJ",Highland Park,NJ,13,-27.78,558000,-8.15,73,-42,26,-3.7,43,-8.51,21,10.53,353.39,11.31
9/3/26,Rolling 3 Months,2/1/26,4/30/26,8059,City,"Highlands, NJ",Highlands,NJ,19,0,690000,25.48,21,4,36,2.86,43,-17.31,25,8.7,468.59,1.2
9/3/26,Rolling 3 Months,2/1/26,4/30/26,8084,City,"Hightstown, NJ",Hightstown,NJ,13,30,475000,9.32,64,38,15,-11.76,23,-14.81,13,18.18,250,-18
9/3/26,Rolling 3 Months,2/1/26,4/30/26,8229,City,"Highway-Nella, NJ",Highway-Nella,NJ,1,0,227850,-38.42,9,-60,NA,NA,2,0,1,0,NA,NA
9/3/26,Rolling 3 Months,2/1/26,4/30/26,37767,City,"Hillsborough, NJ",Hillsborough,NJ,45,-15.09,430000,-4.44,26,7,88,27.54,115,26.37,63,-5.97,325,1.36
9/3/26,Rolling 3 Months,2/1/26,4/30/26,8153,City,"Hillsdale, NJ",Hillsdale,NJ,14,100,867500,-8.68,48,-1,30,3.45,38,18.75,24,4.35,407.94,-0.96
9/3/26,Rolling 3 Months,2/1/26,4/30/26,8255,City,"Ho-Ho-Kus, NJ",Ho-Ho-Kus,NJ,10,11.11,1340000,15.92,90,34,26,36.84,35,45.83,18,63.64,571.84,12.2
9/3/26,Rolling 3 Months,2/1/26,4/30/26,8238,City,"Hoboken, NJ",Hoboken,NJ,133,19.82,912000,13.29,34,6,233,4.02,319,12.72,160,-1.84,952.38,10.49
9/3/26,Rolling 3 Months,2/1/26,4/30/26,23219,City,"Holiday City South, NJ",Holiday City South,NJ,26,-27.78,351000,-3.7,22,-24,52,44.44,67,17.54,34,-8.11,262.35,3.73
9/3/26,Rolling 3 Months,2/1/26,4/30/26,23218,City,"Holiday City-Berkeley, NJ",Holiday City-Berkeley,NJ,109,2.83,325000,0.62,60,23,170,17.24,275,17.52,123,-15.17,271.51,5.96
9/3/26,Rolling 3 Months,2/1/26,4/30/26,23220,City,"Holiday Heights, NJ",Holiday Heights,NJ,15,0,375000,8.7,43,24,25,-16.67,38,2.7,15,-6.25,258.83,6.92
9/3/26,Rolling 3 Months,2/1/26,4/30/26,8413,City,"Hopatcong, NJ",Hopatcong,NJ,42,-2.33,480000,13.07,44,16,87,40.32,113,22.83,65,30,341.88,2.99
9/3/26,Rolling 3 Months,2/1/26,4/30/26,33031,City,"Hope, NJ",Hope,NJ,NA,NA,NA,NA,NA,NA,1,NA,1,0,NA,NA,282.71,NA
9/3/26,Rolling 3 Months,2/1/26,4/30/26,37800,City,"Hopelawn, NJ",Hopelawn,NJ,2,-60,392500,-19.9,109,50,4,-50,8,-38.46,4,-33.33,392.45,19.88
9/3/26,Rolling 3 Months,2/1/26,4/30/26,8474,City,"Hopewell, NJ",Hopewell,NJ,2,-50,616000,-5.59,124,63,6,-33.33,9,-10,3,-50,287.38,-12.96
9/3/26,Rolling 3 Months,2/1/26,4/30/26,33060,City,"Hutchinson, NJ",Hutchinson,NJ,NA,NA,NA,NA,NA,NA,1,NA,1,NA,1,NA,558.4,NA
9/3/26,Rolling 3 Months,2/1/26,4/30/26,8737,City,"Interlaken, NJ",Interlaken,NJ,NA,NA,NA,NA,NA,NA,5,400,5,400,4,NA,870.84,-36.44
9/3/26,Rolling 3 Months,2/1/26,4/30/26,23338,City,"Iselin, NJ",Iselin,NJ,26,-16.13,505800,-8.04,88,12,46,12.2,79,16.18,31,10.71,436.22,-6.49
9/3/26,Rolling 3 Months,2/1/26,4/30/26,8813,City,"Island Heights, NJ",Island Heights,NJ,3,0,500000,-25.37,44,-47,4,-50,12,-25,8,60,334.14,-24.16
9/3/26,Rolling 3 Months,2/1/26,4/30/26,8884,City,"Jamesburg, NJ",Jamesburg,NJ,18,63.64,401000,-23.62,48,-44,16,14.29,30,30.43,15,25,290.02,-6.93
9/3/26,Rolling 3 Months,2/1/26,4/30/26,9168,City,"Jersey City, NJ",Jersey City,NJ,459,4.32,750000,7.91,67,4,902,0.11,1505,2.24,570,1.6,575.23,5.55
9/3/26,Rolling 3 Months,2/1/26,4/30/26,37375,City,"Jobstown, NJ",Jobstown,NJ,NA,NA,NA,NA,NA,NA,NA,NA,1,-50,NA,NA,NA,NA
9/3/26,Rolling 3 Months,2/1/26,4/30/26,33174,City,"Johnsonburg, NJ",Johnsonburg,NJ,NA,NA,NA,NA,NA,NA,1,NA,1,-50,1,NA,208.2,NA
9/3/26,Rolling 3 Months,2/1/26,4/30/26,33183,City,"Juliustown, NJ",Juliustown,NJ,2,0,419950,-6.16,29,-134,1,NA,3,200,1,0,266.67,NA
9/3/26,Rolling 3 Months,2/1/26,4/30/26,9287,City,"Keansburg, NJ",Keansburg,NJ,20,-31.03,394500,4.5,58,23,49,-5.77,78,-10.34,49,0,317.37,-1.88
9/3/26,Rolling 3 Months,2/1/26,4/30/26,9295,City,"Kearny, NJ",Kearny,NJ,26,-25.71,567500,-1.3,125,63,63,8.62,110,18.28,53,-8.62,390.39,7.96
9/3/26,Rolling 3 Months,2/1/26,4/30/26,37788,City,"Keasbey, NJ",Keasbey,NJ,1,0,1160000,513.76,9,-117,4,300,8,166.67,2,NA,204.81,NA
9/3/26,Rolling 3 Months,2/1/26,4/30/26,23483,City,"Kendall Park, NJ",Kendall Park,NJ,16,60,692500,10.27,98,15,28,133.33,46,100,21,40,381.83,4.83
9/3/26,Rolling 3 Months,2/1/26,4/30/26,9341,City,"Kenilworth, NJ",Kenilworth,NJ,19,18.75,625000,4.17,22,3,28,64.71,40,48.15,23,43.75,444.1,25.24
9/3/26,Rolling 3 Months,2/1/26,4/30/26,31213,City,"Kenvil, NJ",Kenvil,NJ,5,25,650000,44.93,28,15,5,66.67,7,40,3,50,338.17,22.61
9/3/26,Rolling 3 Months,2/1/26,4/30/26,9369,City,"Keyport, NJ",Keyport,NJ,9,-40,436000,-7.23,17,-2,31,34.78,40,37.93,19,5.56,345.41,10.17
9/3/26,Rolling 3 Months,2/1/26,4/30/26,33218,City,"Kingston Estates, NJ",Kingston Estates,NJ,17,142.86,395000,1.28,46,2,17,0,29,20.83,16,33.33,230.79,6.31
9/3/26,Rolling 3 Months,2/1/26,4/30/26,33215,City,"Kingston, NJ",Kingston,NJ,1,-87.5,570000,60.56,125,91,7,-36.36,8,-27.27,3,-70,301.86,-0.98
9/3/26,Rolling 3 Months,2/1/26,4/30/26,9434,City,"Kinnelon, NJ",Kinnelon,NJ,14,-30,897500,11.93,62,-53,33,3.13,43,-8.51,22,-21.43,325.59,8.13
9/3/26,Rolling 3 Months,2/1/26,4/30/26,9530,City,"Lake Como, NJ",Lake Como,NJ,2,-81.82,1300000,53.85,89,47,10,66.67,11,-26.67,7,-36.36,754.09,33
9/3/26,Rolling 3 Months,2/1/26,4/30/26,37682,City,"Lake Hiawatha, NJ",Lake Hiawatha,NJ,18,12.5,502500,0,18,-13,24,14.29,31,29.17,13,-7.14,392.86,10.73
9/3/26,Rolling 3 Months,2/1/26,4/30/26,37827,City,"Lake Hopatcong, NJ",Lake Hopatcong,NJ,25,56.25,639000,13.1,32,9,44,41.94,61,52.5,32,33.33,320.74,-11.5
9/3/26,Rolling 3 Months,2/1/26,4/30/26,23576,City,"Lake Mohawk, NJ",Lake Mohawk,NJ,23,-34.29,485000,-9.35,69,33,47,-4.08,67,-5.63,36,-10,300.09,-1.41
9/3/26,Rolling 3 Months,2/1/26,4/30/26,23606,City,"Lake Telemark, NJ",Lake Telemark,NJ,NA,NA,NA,NA,NA,NA,3,-40,3,-62.5,2,-60,422.3,39.43
9/3/26,Rolling 3 Months,2/1/26,4/30/26,9579,City,"Lakehurst, NJ",Lakehurst,NJ,6,20,414500,27.54,38,11,1,-75,6,-25,5,0,244.06,-4.96
9/3/26,Rolling 3 Months,2/1/26,4/30/26,37208,City,"Lakeside-Beebe Run, NJ",Lakeside-Beebe Run,NJ,NA,NA,NA,NA,NA,NA,1,-75,3,-40,1,-75,169.67,-33.12
9/3/26,Rolling 3 Months,2/1/26,4/30/26,23620,City,"Lakewood, NJ",Lakewood,NJ,26,0,580000,6.91,47,-30,43,-12.24,79,-4.82,24,-7.69,361.74,-9.97
9/3/26,Rolling 3 Months,2/1/26,4/30/26,9794,City,"Lambertville, NJ",Lambertville,NJ,10,11.11,727500,46.98,35,-2,21,-4.55,27,-27.03,12,-25,379.22,24.89
9/3/26,Rolling 3 Months,2/1/26,4/30/26,37821,City,"Landing, NJ",Landing,NJ,11,-8.33,526300,-9.73,19,4,20,-13.04,24,-11.11,13,-23.53,320.93,-11.5
9/3/26,Rolling 3 Months,2/1/26,4/30/26,36965,City,"Laurel Heights, NJ",Laurel Heights,NJ,1,NA,355000,NA,144,NA,NA,NA,2,-33.33,NA,NA,NA,NA
9/3/26,Rolling 3 Months,2/1/26,4/30/26,23651,City,"Laurel Lake, NJ",Laurel Lake,NJ,11,22.22,180000,63.64,104,42,12,-42.86,28,-20,11,-38.89,161.41,-16.91
9/3/26,Rolling 3 Months,2/1/26,4/30/26,9954,City,"Laurel Springs, NJ",Laurel Springs,NJ,6,20,325000,-19.75,30,12,9,28.57,12,0,9,28.57,189.4,4.61
9/3/26,Rolling 3 Months,2/1/26,4/30/26,23672,City,"Laurence Harbor, NJ",Laurence Harbor,NJ,17,54.55,485000,21.25,86,15,34,54.55,54,38.46,25,19.05,339.96,4.47
9/3/26,Rolling 3 Months,2/1/26,4/30/26,10007,City,"Lavallette, NJ",Lavallette,NJ,12,-42.86,1867500,31.98,41,-8,5,-79.17,18,-48.57,8,-42.86,1222.3,21.26
9/3/26,Rolling 3 Months,2/1/26,4/30/26,10015,City,"Lawnside, NJ",Lawnside,NJ,5,-28.57,270000,-31.65,84,67,10,-9.09,14,-12.5,6,-50,191.43,11.3
9/3/26,Rolling 3 Months,2/1/26,4/30/26,23692,City,"Lawrenceville, NJ",Lawrenceville,NJ,12,50,402500,7.35,37,18,12,-25,19,5.56,11,-26.67,294.3,-0.78
9/3/26,Rolling 3 Months,2/1/26,4/30/26,37628,City,"Layton, NJ",Layton,NJ,NA,NA,NA,NA,NA,NA,3,-40,8,33.33,2,-33.33,270.14,20.9
9/3/26,Rolling 3 Months,2/1/26,4/30/26,10082,City,"Lebanon, NJ",Lebanon,NJ,11,83.33,395000,7.48,23,6,19,137.5,23,91.67,17,88.89,265.43,-4.57
9/3/26,Rolling 3 Months,2/1/26,4/30/26,37554,City,"Ledgewood, NJ",Ledgewood,NJ,11,-26.67,450000,0,15,0,17,-45.16,25,-24.24,16,-27.27,325.9,16.42
9/3/26,Rolling 3 Months,2/1/26,4/30/26,37352,City,"Leeds Point, NJ",Leeds Point,NJ,NA,NA,NA,NA,NA,NA,NA,NA,1,0,1,NA,NA,NA
9/3/26,Rolling 3 Months,2/1/26,4/30/26,37388,City,"Leesburg, NJ",Leesburg,NJ,1,0,269520,-0.14,67,61,1,0,6,500,NA,NA,101.1,-39.99
9/3/26,Rolling 3 Months,2/1/26,4/30/26,23721,City,"Leisure Knoll, NJ",Leisure Knoll,NJ,32,39.13,347500,3.73,49,12,27,-27.03,48,-5.88,31,19.23,228.88,-2.8
9/3/26,Rolling 3 Months,2/1/26,4/30/26,23725,City,"Leisure Village East, NJ",Leisure Village East,NJ,33,-28.26,259000,3.6,47,20,59,-4.84,94,3.3,51,-15,244.4,8.1
9/3/26,Rolling 3 Months,2/1/26,4/30/26,35637,City,"Leisure Village West, NJ",Leisure Village West,NJ,29,-25.64,255000,-8.93,53,1,54,8,89,-3.26,42,-19.23,203.06,-6.01
9/3/26,Rolling 3 Months,2/1/26,4/30/26,23724,City,"Leisure Village, NJ",Leisure Village,NJ,43,19.44,190000,11.76,48,7,68,17.24,118,38.82,46,21.05,194.57,-2.97
9/3/26,Rolling 3 Months,2/1/26,4/30/26,23723,City,"Leisuretowne, NJ",Leisuretowne,NJ,34,3.03,310000,-1.59,63,16,45,9.76,69,9.52,39,5.41,245.71,2.73
9/3/26,Rolling 3 Months,2/1/26,4/30/26,23734,City,"Leonardo, NJ",Leonardo,NJ,4,-42.86,680000,7.09,40,13,6,0,10,-9.09,6,-14.29,412.63,-3.63
9/3/26,Rolling 3 Months,2/1/26,4/30/26,10204,City,"Leonia, NJ",Leonia,NJ,14,55.56,732500,14.81,101,36,21,-16,36,0,13,-40.91,468.6,15.31
9/3/26,Rolling 3 Months,2/1/26,4/30/26,37816,City,"Liberty Corner, NJ",Liberty Corner,NJ,2,-50,1767500,79.53,16,-29,5,-16.67,5,-28.57,4,33.33,451.28,15.28
9/3/26,Rolling 3 Months,2/1/26,4/30/26,10278,City,"Lincoln Park, NJ",Lincoln Park,NJ,20,-20,490000,-1.61,36,-2,33,3.13,44,-2.22,32,0,322.44,-13.25
9/3/26,Rolling 3 Months,2/1/26,4/30/26,23754,City,"Lincroft, NJ",Lincroft,NJ,7,-41.67,1200000,26.12,13,0,20,-23.08,20,-35.48,14,-26.32,411.36,3.35
9/3/26,Rolling 3 Months,2/1/26,4/30/26,10296,City,"Linden, NJ",Linden,NJ,57,3.64,545000,2.83,43,12,86,-14,147,5.76,63,-4.55,469.68,1.63
9/3/26,Rolling 3 Months,2/1/26,4/30/26,10320,City,"Lindenwold, NJ",Lindenwold,NJ,35,34.62,260000,-1.14,62,28,40,0,72,-1.37,43,13.16,178.98,17.93
9/3/26,Rolling 3 Months,2/1/26,4/30/26,10335,City,"Linwood, NJ",Linwood,NJ,34,209.09,632000,58.04,81,-32,41,5.13,71,20.34,35,66.67,292.51,8.28
9/3/26,Rolling 3 Months,2/1/26,4/30/26,10381,City,"Little Ferry, NJ",Little Ferry,NJ,19,18.75,525000,-9.48,75,-42,22,15.79,43,22.86,21,16.67,384.97,0.49
9/3/26,Rolling 3 Months,2/1/26,4/30/26,10402,City,"Little Silver, NJ",Little Silver,NJ,11,-38.89,1275000,13.47,15,1,24,9.09,27,-3.57,17,-26.09,519.51,1.12
9/3/26,Rolling 3 Months,2/1/26,4/30/26,37168,City,"Llewellyn Park, NJ",Llewellyn Park,NJ,3,200,1950000,44.34,21,-21,2,0,5,66.67,6,200,230.43,-30.83
9/3/26,Rolling 3 Months,2/1/26,4/30/26,10458,City,"Loch Arbour, NJ",Loch Arbour,NJ,NA,NA,NA,NA,NA,NA,1,NA,6,NA,NA,NA,1941.75,NA
9/3/26,Rolling 3 Months,2/1/26,4/30/26,10469,City,"Lodi, NJ",Lodi,NJ,19,-20.83,650000,-8.19,68,-16,37,2.78,59,-9.23,25,-24.24,406.91,7.21
9/3/26,Rolling 3 Months,2/1/26,4/30/26,10520,City,"Long Branch, NJ",Long Branch,NJ,57,7.55,815000,-0.61,32,-20,139,10.32,240,13.74,78,21.88,529.67,-18.01
9/3/26,Rolling 3 Months,2/1/26,4/30/26,23853,City,"Long Valley, NJ",Long Valley,NJ,2,-33.33,732500,90.26,112,66,5,25,6,0,3,-25,272.27,-12.21
9/3/26,Rolling 3 Months,2/1/26,4/30/26,10540,City,"Longport, NJ",Longport,NJ,5,-50,1300000,-29.25,34,-101,17,30.77,31,-8.82,7,75,1096.33,22.78
9/3/26,Rolling 3 Months,2/1/26,4/30/26,33475,City,"Lopatcong Overlook, NJ",Lopatcong Overlook,NJ,5,25,380000,9.51,12,-5,5,-16.67,6,-14.29,3,-57.14,241.68,-3.6
9/3/26,Rolling 3 Months,2/1/26,4/30/26,37552,City,"Lower Berkshire Valley, NJ",Lower Berkshire Valley,NJ,NA,NA,NA,NA,NA,NA,3,-25,5,25,3,50,288.28,16.55
9/3/26,Rolling 3 Months,2/1/26,4/30/26,37740,City,"Lyons, NJ",Lyons,NJ,3,-66.67,920000,46.03,16,-2,17,-29.17,18,-28,9,-40,415.09,10.48
9/3/26,Rolling 3 Months,2/1/26,4/30/26,37608,City,"Macopin, NJ",Macopin,NJ,2,-50,439500,-7.96,174,87,8,166.67,12,140,2,0,319.42,20.17
9/3/26,Rolling 3 Months,2/1/26,4/30/26,23952,City,"Madison Park, NJ",Madison Park,NJ,5,150,532000,0.38,43,4,6,20,7,40,4,100,396.05,-11.12
9/3/26,Rolling 3 Months,2/1/26,4/30/26,10822,City,"Madison, NJ",Madison,NJ,47,9.3,1225000,36.26,24,-15,81,2.53,103,-4.63,72,18.03,472.9,1.62
9/3/26,Rolling 3 Months,2/1/26,4/30/26,10850,City,"Magnolia, NJ",Magnolia,NJ,19,46.15,275000,-9.84,39,11,17,-22.73,23,-20.69,12,-45.45,228.54,-1.92
9/3/26,Rolling 3 Months,2/1/26,4/30/26,37282,City,"Malaga, NJ",Malaga,NJ,NA,NA,NA,NA,NA,NA,9,350,15,50,4,-50,212.27,86.72
9/3/26,Rolling 3 Months,2/1/26,4/30/26,23981,City,"Manahawkin, NJ",Manahawkin,NJ,7,-66.67,580000,25.27,14,-19,12,-45.45,17,-43.33,9,-55,201.5,-20.98
9/3/26,Rolling 3 Months,2/1/26,4/30/26,10954,City,"Manasquan, NJ",Manasquan,NJ,9,-10,1387000,35.05,20,-14,17,41.67,24,20,12,9.09,901.86,63.8
9/3/26,Rolling 3 Months,2/1/26,4/30/26,11049,City,"Mantoloking, NJ",Mantoloking,NJ,3,50,7000000,129.7,12,-103,10,0,16,23.08,1,0,1722.73,38.6
9/3/26,Rolling 3 Months,2/1/26,4/30/26,11106,City,"Manville, NJ",Manville,NJ,19,-29.63,470000,8.05,76,55,35,12.9,48,11.63,19,-34.48,346.79,3.89
9/3/26,Rolling 3 Months,2/1/26,4/30/26,11173,City,"Margate City, NJ",Margate City,NJ,28,-9.68,943750,-24.5,80,-8,82,6.49,157,6.08,41,-19.61,727.55,-7.22
9/3/26,Rolling 3 Months,2/1/26,4/30/26,33611,City,"Marksboro, NJ",Marksboro,NJ,NA,NA,NA,NA,NA,NA,NA,NA,1,0,NA,NA,NA,NA
9/3/26,Rolling 3 Months,2/1/26,4/30/26,37001,City,"Marlboro, NJ",Marlboro,NJ,1,0,30000,-91.04,34,29,NA,NA,NA,NA,NA,NA,NA,NA
9/3/26,Rolling 3 Months,2/1/26,4/30/26,24052,City,"Marlton, NJ",Marlton,NJ,16,-44.83,422500,4.32,35,13,22,-42.11,35,-20.45,22,-31.25,294.92,18.09
9/3/26,Rolling 3 Months,2/1/26,4/30/26,37075,City,"Marmora, NJ",Marmora,NJ,5,-44.44,515000,-36.81,116,-33,6,-40,15,-11.76,6,100,287.63,-10.47
9/3/26,Rolling 3 Months,2/1/26,4/30/26,37086,City,"Marshallville, NJ",Marshallville,NJ,NA,NA,NA,NA,NA,NA,NA,NA,1,-83.33,1,-80,NA,NA
9/3/26,Rolling 3 Months,2/1/26,4/30/26,33636,City,"Martinsville, NJ",Martinsville,NJ,16,-15.79,669500,-11.91,41,21,47,-4.08,57,3.64,32,6.67,367.82,5.75
9/3/26,Rolling 3 Months,2/1/26,4/30/26,11355,City,"Matawan, NJ",Matawan,NJ,12,-55.56,455000,-9,46,20,20,-39.39,29,-32.56,13,-55.17,360.97,5.93
9/3/26,Rolling 3 Months,2/1/26,4/30/26,36928,City,"Mauricetown, NJ",Mauricetown,NJ,4,300,127750,-27,59,52,2,-33.33,9,200,4,300,189.28,-3.18
9/3/26,Rolling 3 Months,2/1/26,4/30/26,24107,City,"Mays Landing, NJ",Mays Landing,NJ,24,41.18,203450,-28.61,59,-2,35,25,60,13.21,29,16,188.79,-4.53
9/3/26,Rolling 3 Months,2/1/26,4/30/26,11429,City,"Maywood, NJ",Maywood,NJ,7,-41.67,775000,24.5,59,-16,21,50,23,-14.81,13,0,425,-7.19
9/3/26,Rolling 3 Months,2/1/26,4/30/26,37055,City,"McKee City, NJ",McKee City,NJ,21,-19.23,225000,9.62,105,53,41,32.26,81,55.77,31,3.33,208.22,9.09
9/3/26,Rolling 3 Months,2/1/26,4/30/26,11523,City,"Medford Lakes, NJ",Medford Lakes,NJ,6,-25,657450,31.49,82,69,10,-23.08,15,-16.67,11,57.14,269.28,1.15
9/3/26,Rolling 3 Months,2/1/26,4/30/26,11557,City,"Mendham, NJ",Mendham,NJ,11,-15.38,999000,0.91,19,5,22,-15.38,28,-9.68,19,5.56,388.43,3.7
9/3/26,Rolling 3 Months,2/1/26,4/30/26,37646,City,"Menlo Park Terrace, NJ",Menlo Park Terrace,NJ,2,-66.67,556000,2.96,42,-76,3,-57.14,5,-58.33,1,-66.67,427.49,3.07
9/3/26,Rolling 3 Months,2/1/26,4/30/26,31245,City,"Mercerville, NJ",Mercerville,NJ,26,13.04,454950,-1.1,45,9,22,-38.89,42,-10.64,33,13.79,295.93,5.35
9/3/26,Rolling 3 Months,2/1/26,4/30/26,11606,City,"Merchantville, NJ",Merchantville,NJ,9,-40,401150,13.64,14,-41,13,-31.58,17,-39.29,7,-53.33,201.2,-4.13
9/3/26,Rolling 3 Months,2/1/26,4/30/26,11649,City,"Metuchen, NJ",Metuchen,NJ,30,20,768000,18.34,52,1,54,63.64,76,46.15,44,41.94,453.93,11.72
9/3/26,Rolling 3 Months,2/1/26,4/30/26,37148,City,"Mickleton, NJ",Mickleton,NJ,7,40,370000,0,46,28,9,28.57,11,22.22,8,60,255.6,16.81
9/3/26,Rolling 3 Months,2/1/26,4/30/26,33696,City,"Middlebush, NJ",Middlebush,NJ,2,-50,780000,7.22,63,-21,5,-50,10,-23.08,5,0,322.92,27.65
9/3/26,Rolling 3 Months,2/1/26,4/30/26,11707,City,"Middlesex, NJ",Middlesex,NJ,23,-11.54,555000,11,72,24,29,-25.64,53,-5.36,35,-10.26,367.58,10.33
9/3/26,Rolling 3 Months,2/1/26,4/30/26,11766,City,"Midland Park, NJ",Midland Park,NJ,6,-25,762500,16.41,26,-43,17,41.67,21,31.25,13,30,428.88,8.7
9/3/26,Rolling 3 Months,2/1/26,4/30/26,11802,City,"Milford, NJ",Milford,NJ,3,-50,250000,-32.42,74,4,11,37.5,19,46.15,4,-55.56,264.47,5.61
9/3/26,Rolling 3 Months,2/1/26,4/30/26,37721,City,"Millington, NJ",Millington,NJ,1,-80,1916000,135.24,8,-109,15,87.5,16,100,15,200,374.65,-1.64
9/3/26,Rolling 3 Months,2/1/26,4/30/26,11892,City,"Millstone, NJ",Millstone,NJ,2,100,680500,-6.78,136,-397,4,100,5,150,4,300,301.68,-11.26
9/3/26,Rolling 3 Months,2/1/26,4/30/26,11901,City,"Milltown, NJ",Milltown,NJ,15,25,580000,4.04,66,-47,18,-35.71,30,-23.08,17,-10.53,370.81,-2.49
9/3/26,Rolling 3 Months,2/1/26,4/30/26,11914,City,"Millville, NJ",Millville,NJ,77,-10.47,251900,-1.22,50,12,117,-10,195,-8.02,99,-13.16,181.77,6.96
9/3/26,Rolling 3 Months,2/1/26,4/30/26,37262,City,"Milmay, NJ",Milmay,NJ,4,0,317000,-24.52,90,1,6,200,10,150,4,100,151.73,-21.26
9/3/26,Rolling 3 Months,2/1/26,4/30/26,37192,City,"Mizpah, NJ",Mizpah,NJ,1,-50,369900,24.34,111,95,1,-75,2,-50,NA,NA,130.12,-47.73
9/3/26,Rolling 3 Months,2/1/26,4/30/26,12037,City,"Monmouth Beach, NJ",Monmouth Beach,NJ,8,14.29,1339000,155.05,84,47,25,31.58,37,32.14,16,45.45,572.9,-4.1
9/3/26,Rolling 3 Months,2/1/26,4/30/26,24265,City,"Monmouth Junction, NJ",Monmouth Junction,NJ,17,13.33,525000,-2.78,70,12,19,0,40,21.21,17,-15,348.9,7.87
9/3/26,Rolling 3 Months,2/1/26,4/30/26,37664,City,"Monroe Manor, NJ",Monroe Manor,NJ,1,-66.67,942500,214.17,10,-30,7,-30,7,-36.36,4,33.33,399.18,0.45
9/3/26,Rolling 3 Months,2/1/26,4/30/26,35939,City,"Montclair, NJ",Montclair,NJ,66,20,1333500,24.05,31,-14,153,10.07,200,12.36,117,17,467.39,4.16
9/3/26,Rolling 3 Months,2/1/26,4/30/26,12165,City,"Montvale, NJ",Montvale,NJ,13,18.18,1100000,2.42,91,27,19,-5,32,-5.88,15,0,429.82,18.54
9/3/26,Rolling 3 Months,2/1/26,4/30/26,35825,City,"Montville, NJ",Montville,NJ,39,-7.14,712500,5.17,20,-19,89,25.35,115,18.56,49,0,352.86,-1.84
9/3/26,Rolling 3 Months,2/1/26,4/30/26,12189,City,"Moonachie, NJ",Moonachie,NJ,2,-60,330000,-29.15,137,60,4,-20,4,-50,4,-20,336.7,-9.8
9/3/26,Rolling 3 Months,2/1/26,4/30/26,24316,City,"Moorestown-Lenola, NJ",Moorestown-Lenola,NJ,30,20,586780,17.36,49,20,45,7.14,78,21.88,43,4.88,295.58,5.21
9/3/26,Rolling 3 Months,2/1/26,4/30/26,24325,City,"Morganville, NJ",Morganville,NJ,11,83.33,850000,46.93,104,32,21,31.25,28,16.67,16,77.78,371.66,15.39
9/3/26,Rolling 3 Months,2/1/26,4/30/26,12321,City,"Morris Plains, NJ",Morris Plains,NJ,12,-52,570250,-20.8,21,-16,24,-20,33,-19.51,27,3.85,362.53,0.81
9/3/26,Rolling 3 Months,2/1/26,4/30/26,12345,City,"Morristown, NJ",Morristown,NJ,19,-34.48,800000,10.34,32,16,49,6.52,64,0,36,0,436.53,4.72
9/3/26,Rolling 3 Months,2/1/26,4/30/26,12461,City,"Mount Arlington, NJ",Mount Arlington,NJ,23,15,490000,2.08,32,5,36,44,47,46.88,28,40,331.23,4.84
9/3/26,Rolling 3 Months,2/1/26,4/30/26,12481,City,"Mount Ephraim, NJ",Mount Ephraim,NJ,5,-72.22,295000,-12.53,27,-18,12,-36.84,15,-40,9,-52.63,260.52,21.69
9/3/26,Rolling 3 Months,2/1/26,4/30/26,33829,City,"Mount Hermon, NJ",Mount Hermon,NJ,NA,NA,NA,NA,NA,NA,1,NA,1,NA,1,NA,180.3,NA
9/3/26,Rolling 3 Months,2/1/26,4/30/26,37672,City,"Mount Hope, NJ",Mount Hope,NJ,20,42.86,337500,-20.96,78,46,23,-25.81,37,-9.76,21,-8.7,299.4,-4.72
9/3/26,Rolling 3 Months,2/1/26,4/30/26,37202,City,"Mount Royal, NJ",Mount Royal,NJ,2,100,377500,79.76,65,-112,3,-40,5,-28.57,3,-40,197.04,-11.05
9/3/26,Rolling 3 Months,2/1/26,4/30/26,37562,City,"Mount Tabor, NJ",Mount Tabor,NJ,7,600,597040,-29.34,9,-18,5,NA,5,150,5,150,327.69,NA
9/3/26,Rolling 3 Months,2/1/26,4/30/26,33808,City,"Mountain Lake, NJ",Mountain Lake,NJ,1,-83.33,93000,-73.37,155,91,1,-50,2,-66.67,NA,NA,NA,NA
9/3/26,Rolling 3 Months,2/1/26,4/30/26,12394,City,"Mountain Lakes, NJ",Mountain Lakes,NJ,5,-16.67,1400000,14.75,16,-53,24,50,27,42.11,11,-35.29,444.4,5.21
9/3/26,Rolling 3 Months,2/1/26,4/30/26,12406,City,"Mountainside, NJ",Mountainside,NJ,10,42.86,942800,-27.48,21,12,26,36.84,32,52.38,18,28.57,454.21,4.44
9/3/26,Rolling 3 Months,2/1/26,4/30/26,24443,City,"Mullica Hill, NJ",Mullica Hill,NJ,13,-51.85,532640,-4.97,118,94,18,-43.75,34,-42.37,16,-5.88,244.15,-8.02
9/3/26,Rolling 3 Months,2/1/26,4/30/26,24450,City,"Mystic Island, NJ",Mystic Island,NJ,49,-14.04,415000,5.48,51,15,81,1.25,123,-6.11,64,-1.54,338.38,12.71
9/3/26,Rolling 3 Months,2/1/26,4/30/26,12744,City,"National Park, NJ",National Park,NJ,5,-58.33,305000,1.33,84,62,13,-7.14,24,26.32,10,-33.33,236.04,10.51
9/3/26,Rolling 3 Months,2/1/26,4/30/26,24462,City,"Navesink, NJ",Navesink,NJ,3,200,970000,84.76,18,-24,7,75,10,66.67,6,200,451.42,23.42
9/3/26,Rolling 3 Months,2/1/26,4/30/26,12812,City,"Neptune City, NJ",Neptune City,NJ,8,33.33,578000,1.63,21,5,21,-22.22,26,-23.53,19,-20.83,513.29,-1.38
9/3/26,Rolling 3 Months,2/1/26,4/30/26,36960,City,"Nesco, NJ",Nesco,NJ,NA,NA,NA,NA,NA,NA,1,NA,1,0,1,NA,146.75,NA
9/3/26,Rolling 3 Months,2/1/26,4/30/26,37622,City,"Neshanic Station, NJ",Neshanic Station,NJ,4,-42.86,791250,15.51,48,10,8,0,11,10,4,-50,331.85,8.39
9/3/26,Rolling 3 Months,2/1/26,4/30/26,37689,City,"Neshanic, NJ",Neshanic,NJ,1,NA,590000,NA,175,NA,1,-50,1,-50,1,0,319.8,-41.3
9/3/26,Rolling 3 Months,2/1/26,4/30/26,12874,City,"Netcong, NJ",Netcong,NJ,NA,NA,NA,NA,NA,NA,5,-70.59,6,-73.91,1,-93.33,336.6,4.19
9/3/26,Rolling 3 Months,2/1/26,4/30/26,13201,City,"New Brunswick, NJ",New Brunswick,NJ,43,-15.69,507500,5.51,84,14,70,16.67,139,4.51,57,21.28,358.49,10.36
9/3/26,Rolling 3 Months,2/1/26,4/30/26,24568,City,"New Egypt, NJ",New Egypt,NJ,9,-57.14,420000,-29.41,67,9,17,-48.48,25,-47.92,10,-60,268.15,-0.78
9/3/26,Rolling 3 Months,2/1/26,4/30/26,37199,City,"New Gretna, NJ",New Gretna,NJ,1,NA,125000,NA,54,NA,NA,NA,NA,NA,NA,NA,NA,NA
9/3/26,Rolling 3 Months,2/1/26,4/30/26,13318,City,"New Milford, NJ",New Milford,NJ,40,-6.98,585000,-0.85,60,-14,74,1.37,107,-8.55,58,-9.38,331.87,6.72
9/3/26,Rolling 3 Months,2/1/26,4/30/26,13364,City,"New Providence, NJ",New Providence,NJ,17,21.43,999000,18.36,16,2,53,47.22,59,47.5,41,57.69,462.33,2.41
9/3/26,Rolling 3 Months,2/1/26,4/30/26,37574,City,"New Vernon, NJ",New Vernon,NJ,NA,NA,NA,NA,NA,NA,4,100,5,0,2,-50,531.83,59.37
9/3/26,Rolling 3 Months,2/1/26,4/30/26,34006,City,"New Village, NJ",New Village,NJ,2,100,499450,61.11,110,96,2,0,2,0,1,0,301.03,1.17
9/3/26,Rolling 3 Months,2/1/26,4/30/26,13136,City,"Newark, NJ",Newark,NJ,269,-6.92,600000,0,66,-12,491,7.21,949,13.52,371,-2.62,238.6,8.69
9/3/26,Rolling 3 Months,2/1/26,4/30/26,13247,City,"Newfield, NJ",Newfield,NJ,8,100,372200,8.83,73,-3,13,160,23,53.33,7,75,261.43,33.55
9/3/26,Rolling 3 Months,2/1/26,4/30/26,37578,City,"Newfoundland, NJ",Newfoundland,NJ,1,0,549000,-12.16,136,93,1,-50,3,-50,1,0,407.72,74.06
9/3/26,Rolling 3 Months,2/1/26,4/30/26,38282,City,"Newport, NJ",Newport,NJ,NA,NA,NA,NA,NA,NA,1,-50,2,-71.43,NA,NA,NA,NA
9/3/26,Rolling 3 Months,2/1/26,4/30/26,13396,City,"Newton, NJ",Newton,NJ,23,15,365000,0,26,8,33,-2.94,47,-4.08,28,16.67,239.68,-4.04
9/3/26,Rolling 3 Months,2/1/26,4/30/26,37358,City,"Newtonville, NJ",Newtonville,NJ,3,200,347700,10.42,17,-35,NA,NA,2,-60,NA,NA,NA,NA
9/3/26,Rolling 3 Months,2/1/26,4/30/26,13485,City,"North Arlington, NJ",North Arlington,NJ,20,25,687500,17.03,70,-2,37,5.71,61,32.61,34,41.67,408.54,2.43
9/3/26,Rolling 3 Months,2/1/26,4/30/26,24650,City,"North Beach Haven, NJ",North Beach Haven,NJ,18,-51.35,2267500,33.38,57,-28,48,-9.43,74,-9.76,25,-40.48,1092.01,7.08
9/3/26,Rolling 3 Months,2/1/26,4/30/26,35940,City,"North Bergen, NJ",North Bergen,NJ,107,-10.08,555000,-5.13,53,-25,210,-12.5,376,-13.36,140,-9.68,444.74,6.92
9/3/26,Rolling 3 Months,2/1/26,4/30/26,13559,City,"North Caldwell, NJ",North Caldwell,NJ,4,-69.23,2241000,103.73,66,13,24,-14.29,33,-15.38,14,-33.33,405.84,5.25
9/3/26,Rolling 3 Months,2/1/26,4/30/26,24662,City,"North Cape May, NJ",North Cape May,NJ,19,111.11,584160,1.59,48,38,25,4.17,37,0,24,84.62,486.35,-4.44
9/3/26,Rolling 3 Months,2/1/26,4/30/26,13665,City,"North Haledon, NJ",North Haledon,NJ,11,10,755000,-5.51,16,-39,24,20,30,-16.67,16,0,378.96,8.33
9/3/26,Rolling 3 Months,2/1/26,4/30/26,24695,City,"North Middletown, NJ",North Middletown,NJ,8,14.29,446500,6.56,18,-27,16,77.78,20,33.33,10,11.11,330.11,2.09
9/3/26,Rolling 3 Months,2/1/26,4/30/26,13740,City,"North Plainfield, NJ",North Plainfield,NJ,30,-3.23,485000,3.19,33,10,45,32.35,77,50.98,45,40.63,330.4,-1.76
9/3/26,Rolling 3 Months,2/1/26,4/30/26,13815,City,"North Wildwood, NJ",North Wildwood,NJ,36,-40,562500,3.32,91,2,66,-31.96,144,-16.28,48,-36,615.8,-2.34
9/3/26,Rolling 3 Months,2/1/26,4/30/26,13632,City,"Northfield, NJ",Northfield,NJ,21,90.91,420000,5,81,13,29,70.59,58,61.11,30,36.36,254.39,-3.87
9/3/26,Rolling 3 Months,2/1/26,4/30/26,13790,City,"Northvale, NJ",Northvale,NJ,12,71.43,782500,10.99,62,-20,13,-35,21,-16,13,-35,386.35,0.23
9/3/26,Rolling 3 Months,2/1/26,4/30/26,13856,City,"Norwood, NJ",Norwood,NJ,13,116.67,875000,16.67,79,-2,23,21.05,34,0,21,40,470.04,7.9
9/3/26,Rolling 3 Months,2/1/26,4/30/26,35824,City,"Nutley, NJ",Nutley,NJ,41,-2.38,628400,9.76,46,-18,87,22.54,117,4.46,59,-14.49,385.03,0.14
9/3/26,Rolling 3 Months,2/1/26,4/30/26,37804,City,"Oak Ridge, NJ",Oak Ridge,NJ,22,-4.35,462500,-7.5,28,-15,45,40.63,56,27.27,31,14.81,299.54,5.1
9/3/26,Rolling 3 Months,2/1/26,4/30/26,24779,City,"Oak Valley, NJ",Oak Valley,NJ,11,-8.33,365000,4.73,43,25,17,0,25,19.05,17,13.33,221.15,6.48
9/3/26,Rolling 3 Months,2/1/26,4/30/26,24752,City,"Oakhurst, NJ",Oakhurst,NJ,9,0,865000,-19.53,51,18,21,-43.24,34,-40.35,15,-16.67,529.1,-5.62
9/3/26,Rolling 3 Months,2/1/26,4/30/26,13917,City,"Oakland, NJ",Oakland,NJ,14,-30,742500,-1.39,83,9,28,-3.45,49,11.36,19,-24,410.51,12.14
9/3/26,Rolling 3 Months,2/1/26,4/30/26,13929,City,"Oaklyn, NJ",Oaklyn,NJ,9,-25,327500,-13.82,31,11,11,-42.11,20,-16.67,12,-33.33,251.99,15.38
9/3/26,Rolling 3 Months,2/1/26,4/30/26,24799,City,"Ocean Acres, NJ",Ocean Acres,NJ,49,-23.44,460000,-4.47,42,10,81,-28.32,113,-30.67,61,-42.99,286.67,0.53
9/3/26,Rolling 3 Months,2/1/26,4/30/26,14076,City,"Ocean City, NJ",Ocean City,NJ,145,5.07,1050000,7.69,77,-36,265,3.52,485,3.63,179,2.87,853.82,9.29
9/3/26,Rolling 3 Months,2/1/26,4/30/26,14095,City,"Ocean Gate, NJ",Ocean Gate,NJ,4,-55.56,450000,16.88,33,-28,11,-26.67,17,-22.73,9,-35.71,406.01,38.36
9/3/26,Rolling 3 Months,2/1/26,4/30/26,24813,City,"Ocean Grove, NJ",Ocean Grove,NJ,9,-25,800000,12.28,27,-23,27,-6.9,34,-8.11,20,33.33,587.83,-2.64
9/3/26,Rolling 3 Months,2/1/26,4/30/26,38285,City,"Ocean View, NJ",Ocean View,NJ,4,-42.86,42000,-88.33,169,78,9,50,17,-5.56,7,-12.5,125,62.04
9/3/26,Rolling 3 Months,2/1/26,4/30/26,14120,City,"Oceanport, NJ",Oceanport,NJ,9,-43.75,985000,56.35,23,-15,16,-11.11,24,-29.41,15,-40,442.18,-1.45
9/3/26,Rolling 3 Months,2/1/26,4/30/26,37277,City,"Oceanville, NJ",Oceanville,NJ,1,-50,999999,114.71,45,-8,1,-66.67,4,-20,1,-50,672.55,241.5
9/3/26,Rolling 3 Months,2/1/26,4/30/26,14146,City,"Ogdensburg, NJ",Ogdensburg,NJ,4,0,466000,5.31,17,-8,10,-16.67,12,-7.69,9,28.57,260.98,-5.87
9/3/26,Rolling 3 Months,2/1/26,4/30/26,24831,City,"Old Bridge, NJ",Old Bridge,NJ,43,19.44,625000,5.22,62,4,57,-14.93,97,2.11,58,26.09,364.55,0.43
9/3/26,Rolling 3 Months,2/1/26,4/30/26,14195,City,"Old Tappan, NJ",Old Tappan,NJ,12,50,895000,-2.13,54,-12,17,-15,31,-11.43,20,42.86,461.14,10.6
9/3/26,Rolling 3 Months,2/1/26,4/30/26,37731,City,"Oldwick, NJ",Oldwick,NJ,NA,NA,NA,NA,NA,NA,2,100,2,100,NA,NA,NA,NA
9/3/26,Rolling 3 Months,2/1/26,4/30/26,24844,City,"Olivet, NJ",Olivet,NJ,1,-66.67,467000,26.22,210,184,4,-20,5,-44.44,3,-50,200.88,4.56
9/3/26,Rolling 3 Months,2/1/26,4/30/26,14231,City,"Oradell, NJ",Oradell,NJ,6,-33.33,1100000,0,54,10,21,16.67,29,16,13,-18.75,438.62,8.47
9/3/26,Rolling 3 Months,2/1/26,4/30/26,36939,City,"Othello, NJ",Othello,NJ,NA,NA,NA,NA,NA,NA,NA,NA,1,0,NA,NA,NA,NA
9/3/26,Rolling 3 Months,2/1/26,4/30/26,24875,City,"Oxford, NJ",Oxford,NJ,7,40,289900,-32.58,86,43,5,0,14,55.56,9,200,105.04,-59.3
9/3/26,Rolling 3 Months,2/1/26,4/30/26,37727,City,"Packanack Lake, NJ",Packanack Lake,NJ,5,-54.55,765000,17.69,20,-45,17,30.77,20,17.65,14,16.67,405,-0.53
9/3/26,Rolling 3 Months,2/1/26,4/30/26,37227,City,"Palermo, NJ",Palermo,NJ,8,14.29,515750,4.19,108,31,16,77.78,32,88.24,7,-22.22,258.3,4.47
9/3/26,Rolling 3 Months,2/1/26,4/30/26,14436,City,"Palisades Park, NJ",Palisades Park,NJ,26,-7.14,953750,-2.93,95,-39,53,103.85,95,50.79,33,32,506.88,10.8
9/3/26,Rolling 3 Months,2/1/26,4/30/26,14448,City,"Palmyra, NJ",Palmyra,NJ,24,-14.29,342500,3.79,68,45,36,0,55,34.15,32,3.23,200.5,-9.74
9/3/26,Rolling 3 Months,2/1/26,4/30/26,31279,City,"Panther Valley, NJ",Panther Valley,NJ,18,-18.18,341500,-2.43,25,3,34,-26.09,43,-25.86,26,-21.21,304.64,8.06
9/3/26,Rolling 3 Months,2/1/26,4/30/26,14484,City,"Paramus, NJ",Paramus,NJ,44,-12,1068500,-7.89,78,-17,67,-1.47,119,6.25,60,7.14,495.29,0.63
9/3/26,Rolling 3 Months,2/1/26,4/30/26,14533,City,"Park Ridge, NJ",Park Ridge,NJ,9,0,1050000,7.14,68,-31,26,44.44,36,16.13,26,225,396.3,5.94
9/3/26,Rolling 3 Months,2/1/26,4/30/26,37598,City,"Parsippany, NJ",Parsippany,NJ,15,-31.82,655000,0,24,-24,32,-5.88,45,-4.26,26,-3.7,354.92,0.44
9/3/26,Rolling 3 Months,2/1/26,4/30/26,14646,City,"Passaic, NJ",Passaic,NJ,25,0,500000,-16.67,70,-6,57,9.62,96,6.67,30,-37.5,332.71,8.99
9/3/26,Rolling 3 Months,2/1/26,4/30/26,14759,City,"Paterson, NJ",Paterson,NJ,107,-8.55,600000,14.29,83,19,228,0,442,16.32,164,1.23,286.88,0.41
9/3/26,Rolling 3 Months,2/1/26,4/30/26,14807,City,"Paulsboro, NJ",Paulsboro,NJ,28,12,260000,4,60,-11,38,40.74,63,53.66,40,73.91,179,17.83
9/3/26,Rolling 3 Months,2/1/26,4/30/26,14857,City,"Peapack & Gladstone, NJ",Peapack & Gladstone,NJ,3,0,710000,-38.26,84,42,6,-25,8,-38.46,3,-50,401.53,20.28
9/3/26,Rolling 3 Months,2/1/26,4/30/26,34260,City,"Pedricktown, NJ",Pedricktown,NJ,NA,NA,NA,NA,NA,NA,3,50,5,66.67,NA,NA,182.22,7.14
9/3/26,Rolling 3 Months,2/1/26,4/30/26,25023,City,"Pemberton Heights, NJ",Pemberton Heights,NJ,7,-30,375000,2.74,38,-12,7,-12.5,14,-12.5,8,0,242.86,-0.42
9/3/26,Rolling 3 Months,2/1/26,4/30/26,14896,City,"Pemberton, NJ",Pemberton,NJ,1,-80,300000,67.69,294,229,6,-25,11,-8.33,6,0,218.69,13.62
9/3/26,Rolling 3 Months,2/1/26,4/30/26,14930,City,"Pennington, NJ",Pennington,NJ,9,50,480000,-9.77,36,-73,13,-7.14,18,-25,12,9.09,331.08,-7.62
9/3/26,Rolling 3 Months,2/1/26,4/30/26,14978,City,"Penns Grove, NJ",Penns Grove,NJ,11,-21.43,202500,15.06,73,19,15,-28.57,30,-25,12,-50,163.83,40.1
9/3/26,Rolling 3 Months,2/1/26,4/30/26,25032,City,"Pennsauken, NJ",Pennsauken,NJ,69,-4.17,340000,6.25,45,22,85,-9.57,150,11.11,92,-2.13,218.7,0.25
9/3/26,Rolling 3 Months,2/1/26,4/30/26,25038,City,"Pennsville, NJ",Pennsville,NJ,41,-25.45,270000,1.89,73,23,60,15.38,114,25.27,56,5.66,196.72,14.6
9/3/26,Rolling 3 Months,2/1/26,4/30/26,15081,City,"Perth Amboy, NJ",Perth Amboy,NJ,26,-40.91,495000,14.45,119,10,63,31.25,109,2.83,58,9.43,309.15,2.02
9/3/26,Rolling 3 Months,2/1/26,4/30/26,15108,City,"Phillipsburg, NJ",Phillipsburg,NJ,31,-13.89,299000,13.8,24,-6,60,0,95,7.95,43,-24.56,201.92,-1.13
9/3/26,Rolling 3 Months,2/1/26,4/30/26,15170,City,"Pine Beach, NJ",Pine Beach,NJ,4,NA,705000,NA,83,NA,6,-45.45,8,-42.86,4,-20,339.75,12.07
9/3/26,Rolling 3 Months,2/1/26,4/30/26,37588,City,"Pine Brook, NJ",Pine Brook,NJ,6,100,855000,23.02,20,-6,16,128.57,19,111.11,11,83.33,351.94,8.01
9/3/26,Rolling 3 Months,2/1/26,4/30/26,15215,City,"Pine Hill, NJ",Pine Hill,NJ,28,27.27,267750,-7.19,35,14,35,6.06,55,14.58,39,18.18,209.01,-3.49
9/3/26,Rolling 3 Months,2/1/26,4/30/26,31285,City,"Pine Lake Park, NJ",Pine Lake Park,NJ,25,-13.79,515000,-4.98,54,35,52,10.64,76,15.15,35,6.06,370.04,7.5
9/3/26,Rolling 3 Months,2/1/26,4/30/26,25103,City,"Pine Ridge at Crestwood, NJ",Pine Ridge at Crestwood,NJ,17,-26.09,212500,48.6,63,19,35,0,58,-15.94,29,-17.14,170.98,-13.98
9/3/26,Rolling 3 Months,2/1/26,4/30/26,37632,City,"Pines Lake, NJ",Pines Lake,NJ,2,0,681500,-15.34,25,-11,5,-37.5,7,-36.36,7,0,300.32,-17.26
9/3/26,Rolling 3 Months,2/1/26,4/30/26,15295,City,"Pitman, NJ",Pitman,NJ,14,-41.67,365000,13.18,14,-8,28,-33.33,36,-36.84,18,-51.35,236.52,5.48
9/3/26,Rolling 3 Months,2/1/26,4/30/26,15325,City,"Plainfield, NJ",Plainfield,NJ,67,-1.47,523000,0.58,64,29,87,-26.27,160,-5.88,62,-31.87,318.04,-8.96
9/3/26,Rolling 3 Months,2/1/26,4/30/26,25136,City,"Plainsboro Center, NJ",Plainsboro Center,NJ,3,200,789000,21.38,111,51,7,250,13,550,7,600,407,21.68
9/3/26,Rolling 3 Months,2/1/26,4/30/26,34384,City,"Pleasant Plains, NJ",Pleasant Plains,NJ,1,NA,690000,NA,41,NA,3,200,3,50,2,100,265.82,-40.7
9/3/26,Rolling 3 Months,2/1/26,4/30/26,37183,City,"Pleasantdale, NJ",Pleasantdale,NJ,3,-40,632000,-15.73,28,15,11,120,18,100,7,40,329.19,-12.76
9/3/26,Rolling 3 Months,2/1/26,4/30/26,15433,City,"Pleasantville, NJ",Pleasantville,NJ,34,13.33,250000,11.14,77,14,54,-3.57,104,7.22,49,4.26,189.58,2.37
9/3/26,Rolling 3 Months,2/1/26,4/30/26,37751,City,"Pluckemin, NJ",Pluckemin,NJ,1,-66.67,755000,14.39,52,37,1,-66.67,2,-60,2,-50,352.37,-1.44
9/3/26,Rolling 3 Months,2/1/26,4/30/26,15482,City,"Point Pleasant Beach, NJ",Point Pleasant Beach,NJ,17,-5.56,1120000,2.99,25,-2,37,19.35,49,4.26,23,-4.17,738.17,7.2
9/3/26,Rolling 3 Months,2/1/26,4/30/26,15477,City,"Point Pleasant, NJ",Point Pleasant,NJ,40,-14.89,737500,1.03,20,5,66,8.2,93,8.14,62,3.33,503.78,11.08
9/3/26,Rolling 3 Months,2/1/26,4/30/26,25180,City,"Pomona, NJ",Pomona,NJ,16,77.78,375000,0.94,73,-27,13,85.71,27,58.82,21,162.5,249.34,16.81
9/3/26,Rolling 3 Months,2/1/26,4/30/26,15521,City,"Pompton Lakes, NJ",Pompton Lakes,NJ,22,-21.43,548000,15.62,30,-15,48,41.18,65,20.37,31,-11.43,330.95,1.37
9/3/26,Rolling 3 Months,2/1/26,4/30/26,37758,City,"Pompton Plains, NJ",Pompton Plains,NJ,14,-6.67,515000,-0.96,18,-39,25,25,32,3.23,22,22.22,362.46,-2.22
9/3/26,Rolling 3 Months,2/1/26,4/30/26,34417,City,"Port Colden, NJ",Port Colden,NJ,NA,NA,NA,NA,NA,NA,NA,NA,1,0,NA,NA,NA,NA
9/3/26,Rolling 3 Months,2/1/26,4/30/26,36945,City,"Port Elizabeth, NJ",Port Elizabeth,NJ,1,NA,255000,NA,27,NA,3,NA,3,200,1,NA,85.24,NA
9/3/26,Rolling 3 Months,2/1/26,4/30/26,25205,City,"Port Monmouth, NJ",Port Monmouth,NJ,7,0,500000,14.94,26,-12,9,12.5,13,8.33,8,0,413.5,29.04
9/3/26,Rolling 3 Months,2/1/26,4/30/26,34436,City,"Port Murray, NJ",Port Murray,NJ,NA,NA,NA,NA,NA,NA,1,NA,2,NA,NA,NA,318.85,NA
9/3/26,Rolling 3 Months,2/1/26,4/30/26,25219,City,"Port Norris, NJ",Port Norris,NJ,3,-25,150000,-5.66,22,2,11,37.5,15,-21.05,6,-33.33,118.37,-16.63
9/3/26,Rolling 3 Months,2/1/26,4/30/26,25225,City,"Port Reading, NJ",Port Reading,NJ,5,-50,550000,5.77,95,33,12,20,19,-13.64,9,-18.18,397.36,-8.81
9/3/26,Rolling 3 Months,2/1/26,4/30/26,15626,City,"Port Republic, NJ",Port Republic,NJ,4,33.33,377500,-11.18,108,81,4,100,10,233.33,3,50,183.67,-31.75
9/3/26,Rolling 3 Months,2/1/26,4/30/26,37739,City,"Pottersville, NJ",Pottersville,NJ,1,0,740000,-18.41,103,89,1,NA,2,100,1,0,537.98,NA
9/3/26,Rolling 3 Months,2/1/26,4/30/26,37763,City,"Preakness, NJ",Preakness,NJ,45,60.71,700556,-2.57,41,-1,53,32.5,80,33.33,50,28.21,380.97,8.28
9/3/26,Rolling 3 Months,2/1/26,4/30/26,25238,City,"Presidential Lakes Estates, NJ",Presidential Lakes Estates,NJ,7,-30,330000,-4.35,85,26,8,-27.27,11,-45,10,-44.44,235.52,18.58
9/3/26,Rolling 3 Months,2/1/26,4/30/26,25249,City,"Princeton Junction, NJ",Princeton Junction,NJ,7,0,785000,-1.87,28,-36,6,-70,9,-75,7,-36.36,378.68,-17.87
9/3/26,Rolling 3 Months,2/1/26,4/30/26,25251,City,"Princeton Meadows, NJ",Princeton Meadows,NJ,24,60,629995,59.9,102,59,29,-3.33,57,0,22,-18.52,391.25,2.53
9/3/26,Rolling 3 Months,2/1/26,4/30/26,15686,City,"Princeton, NJ",Princeton,NJ,41,-22.64,1201000,0.08,46,5,87,-20.91,126,-14.29,70,-14.63,542.99,0.06
9/3/26,Rolling 3 Months,2/1/26,4/30/26,15750,City,"Prospect Park, NJ",Prospect Park,NJ,12,9.09,562500,13.65,56,34,11,-54.17,28,-6.67,14,-22.22,303.03,5.91
9/3/26,Rolling 3 Months,2/1/26,4/30/26,34480,City,"Quinton, NJ",Quinton,NJ,2,0,316500,68.8,139,97,2,0,4,0,3,50,161.04,-14.25
9/3/26,Rolling 3 Months,2/1/26,4/30/26,15819,City,"Rahway, NJ",Rahway,NJ,41,5.13,577450,17.85,42,14,75,-1.32,125,3.31,57,-14.93,390.63,3.49
9/3/26,Rolling 3 Months,2/1/26,4/30/26,37797,City,"Rainbow Lakes, NJ",Rainbow Lakes,NJ,2,100,795000,37.07,15,-125,3,50,4,33.33,2,-33.33,460.44,9.16
9/3/26,Rolling 3 Months,2/1/26,4/30/26,25299,City,"Ramblewood, NJ",Ramblewood,NJ,7,-53.33,375500,5.77,22,-6,10,-52.38,15,-50,5,-78.26,237.22,5.63
9/3/26,Rolling 3 Months,2/1/26,4/30/26,15862,City,"Ramsey, NJ",Ramsey,NJ,27,-12.9,695000,-4.79,57,0,36,-18.18,58,-18.31,35,-23.91,420.29,-0.14
9/3/26,Rolling 3 Months,2/1/26,4/30/26,25310,City,"Ramtown, NJ",Ramtown,NJ,15,0,635000,8.45,39,1,31,0,39,-2.5,25,0,349.33,1.37
9/3/26,Rolling 3 Months,2/1/26,4/30/26,15927,City,"Raritan, NJ",Raritan,NJ,5,-58.33,625000,21.36,64,51,5,-64.29,10,-47.37,7,-46.15,285.14,-11.14
9/3/26,Rolling 3 Months,2/1/26,4/30/26,16034,City,"Red Bank, NJ",Red Bank,NJ,34,-20.93,741809,15.91,27,-16,57,-38.04,76,-33.91,37,-42.19,404.38,4.05
9/3/26,Rolling 3 Months,2/1/26,4/30/26,37825,City,"Regency at Monroe, NJ",Regency at Monroe,NJ,7,-12.5,780000,-6.08,101,57,11,-21.43,14,-17.65,10,-9.09,357.52,21.45
9/3/26,Rolling 3 Months,2/1/26,4/30/26,37613,City,"Renaissance at Monroe, NJ",Renaissance at Monroe,NJ,1,-66.67,550000,-15.51,171,52,3,0,6,0,3,-40,312.35,4.36
9/3/26,Rolling 3 Months,2/1/26,4/30/26,38295,City,"Richland, NJ",Richland,NJ,3,50,544990,128.27,172,70,1,-75,3,-25,4,300,197.22,19.38
9/3/26,Rolling 3 Months,2/1/26,4/30/26,34545,City,"Richwood, NJ",Richwood,NJ,4,-42.86,745550,19.29,57,36,10,11.11,14,7.69,8,-11.11,219.81,-6.99
9/3/26,Rolling 3 Months,2/1/26,4/30/26,16148,City,"Ridgefield Park, NJ",Ridgefield Park,NJ,14,-12.5,627500,2.03,84,28,36,44,57,50,17,-10.53,421.76,15.56
9/3/26,Rolling 3 Months,2/1/26,4/30/26,16142,City,"Ridgefield, NJ",Ridgefield,NJ,35,45.83,750000,-11.19,87,17,49,-5.77,82,0,42,10.53,386.65,2.65
9/3/26,Rolling 3 Months,2/1/26,4/30/26,16161,City,"Ridgewood, NJ",Ridgewood,NJ,33,-36.54,1165000,-3.6,53,-2,73,-16.09,96,-26.15,57,-28.75,559.67,9.52
9/3/26,Rolling 3 Months,2/1/26,4/30/26,37132,City,"Ringoes, NJ",Ringoes,NJ,1,0,530000,-16.01,56,42,4,NA,5,400,NA,NA,401.32,NA
9/3/26,Rolling 3 Months,2/1/26,4/30/26,16205,City,"Ringwood, NJ",Ringwood,NJ,17,21.43,650000,17.65,28,-28,22,-42.11,34,-29.17,19,-20.83,277.22,-4.83
9/3/26,Rolling 3 Months,2/1/26,4/30/26,25412,City,"Rio Grande, NJ",Rio Grande,NJ,14,180,448990,23.01,169,81,15,50,38,137.5,16,220,246.16,1.91
9/3/26,Rolling 3 Months,2/1/26,4/30/26,16248,City,"River Edge, NJ",River Edge,NJ,16,-11.11,962500,18.46,88,3,17,-26.09,40,5.26,16,14.29,456.87,5.54
9/3/26,Rolling 3 Months,2/1/26,4/30/26,16238,City,"Riverdale, NJ",Riverdale,NJ,13,0,415000,-1.19,31,-39,20,-13.04,28,-24.32,13,-38.1,378.71,2.06
9/3/26,Rolling 3 Months,2/1/26,4/30/26,16313,City,"Riverton, NJ",Riverton,NJ,2,-71.43,695000,54.44,56,29,6,-45.45,8,-46.67,2,-75,245.67,4.9
9/3/26,Rolling 3 Months,2/1/26,4/30/26,37115,City,"Roadstown, NJ",Roadstown,NJ,NA,NA,NA,NA,NA,NA,NA,NA,1,NA,1,NA,NA,NA
9/3/26,Rolling 3 Months,2/1/26,4/30/26,37713,City,"Robbinsville Center, NJ",Robbinsville Center,NJ,10,-37.5,392500,0.9,59,9,17,-19.05,31,-11.43,12,-40,308.92,-4.22
9/3/26,Rolling 3 Months,2/1/26,4/30/26,34589,City,"Robbinsville, NJ",Robbinsville,NJ,10,-37.5,392500,0.9,59,9,17,-19.05,31,-11.43,12,-40,308.92,-4.22
9/3/26,Rolling 3 Months,2/1/26,4/30/26,34591,City,"Robertsville, NJ",Robertsville,NJ,15,25,530000,-32.7,21,10,20,-31.03,31,-18.42,19,-26.92,366.15,6.18
9/3/26,Rolling 3 Months,2/1/26,4/30/26,16420,City,"Rockaway, NJ",Rockaway,NJ,7,-50,555000,3.74,45,27,14,-22.22,20,-9.09,13,-31.58,311.37,-8.59
9/3/26,Rolling 3 Months,2/1/26,4/30/26,16458,City,"Rockleigh, NJ",Rockleigh,NJ,NA,NA,NA,NA,NA,NA,8,NA,8,NA,2,NA,1098.41,NA
9/3/26,Rolling 3 Months,2/1/26,4/30/26,16498,City,"Rocky Hill, NJ",Rocky Hill,NJ,1,-66.67,740000,9.63,104,69,4,100,5,150,3,-25,334.82,-30.21
9/3/26,Rolling 3 Months,2/1/26,4/30/26,31296,City,"Roebling, NJ",Roebling,NJ,11,-26.67,265000,-15.87,32,7,16,14.29,23,4.55,14,-6.67,224.76,2.6
9/3/26,Rolling 3 Months,2/1/26,4/30/26,16515,City,"Roosevelt, NJ",Roosevelt,NJ,2,-60,412500,3.13,141,-47,NA,NA,2,-71.43,NA,NA,NA,NA
9/3/26,Rolling 3 Months,2/1/26,4/30/26,16563,City,"Roseland, NJ",Roseland,NJ,11,266.67,960000,9.09,20,-52,16,-15.79,30,15.38,22,120,398.74,4.55
9/3/26,Rolling 3 Months,2/1/26,4/30/26,16576,City,"Roselle Park, NJ",Roselle Park,NJ,15,0,590000,22.92,48,21,22,-29.03,35,-12.5,19,-13.64,354.5,-1.92
9/3/26,Rolling 3 Months,2/1/26,4/30/26,16572,City,"Roselle, NJ",Roselle,NJ,36,2.86,565000,9.07,46,20,56,-1.75,91,7.06,41,-12.77,350.54,2.53
9/3/26,Rolling 3 Months,2/1/26,4/30/26,25529,City,"Rosenhayn, NJ",Rosenhayn,NJ,3,200,239000,-16.14,203,68,3,0,6,-14.29,2,NA,248.6,40.97
9/3/26,Rolling 3 Months,2/1/26,4/30/26,25536,City,"Rossmoor, NJ",Rossmoor,NJ,34,-2.86,260950,-19.71,94,20,43,-17.31,84,-6.67,38,-7.32,221.74,-0.58
9/3/26,Rolling 3 Months,2/1/26,4/30/26,16703,City,"Rumson, NJ",Rumson,NJ,17,-10.53,2300000,-4.17,10,-91,40,17.65,50,-1.96,31,0,774.33,11.95
9/3/26,Rolling 3 Months,2/1/26,4/30/26,16710,City,"Runnemede, NJ",Runnemede,NJ,27,58.82,339990,4.94,72,48,45,28.57,71,54.35,43,186.67,231.06,-0.66
9/3/26,Rolling 3 Months,2/1/26,4/30/26,16741,City,"Rutherford, NJ",Rutherford,NJ,30,-3.23,752500,-1.63,101,30,59,103.45,83,33.87,44,41.94,454.55,10.78
9/3/26,Rolling 3 Months,2/1/26,4/30/26,35950,City,"Saddle Brook Township, NJ",Saddle Brook Township,NJ,12,-40,655000,13.03,57,-5,33,37.5,47,4.44,27,0,398.55,10.36
9/3/26,Rolling 3 Months,2/1/26,4/30/26,16766,City,"Saddle River, NJ",Saddle River,NJ,5,-37.5,2895000,6.24,180,42,20,11.11,38,8.57,17,54.55,565.9,14.94
9/3/26,Rolling 3 Months,2/1/26,4/30/26,16784,City,"Salem, NJ",Salem,NJ,21,16.67,186000,37.78,75,27,42,-2.33,75,4.17,33,-10.81,86.07,-2.86
9/3/26,Rolling 3 Months,2/1/26,4/30/26,16859,City,"Sayreville, NJ",Sayreville,NJ,73,0,510000,0.99,65,-3,112,5.66,189,6.18,99,1.02,344.74,3.14
9/3/26,Rolling 3 Months,2/1/26,4/30/26,16966,City,"Sea Bright, NJ",Sea Bright,NJ,6,0,722000,-47.51,97,79,16,-20,22,-35.29,9,-18.18,694.44,1.2
9/3/26,Rolling 3 Months,2/1/26,4/30/26,16987,City,"Sea Girt, NJ",Sea Girt,NJ,5,25,4400000,8.64,71,25,8,100,15,36.36,6,20,1264.08,-17.57
9/3/26,Rolling 3 Months,2/1/26,4/30/26,17006,City,"Sea Isle City, NJ",Sea Isle City,NJ,42,27.27,1737000,19.79,57,-23,38,-5,86,4.88,45,25,944.84,8.1
9/3/26,Rolling 3 Months,2/1/26,4/30/26,25638,City,"Seabrook Farms, NJ",Seabrook Farms,NJ,1,NA,185000,NA,30,NA,5,400,5,66.67,2,0,204.93,16.16
9/3/26,Rolling 3 Months,2/1/26,4/30/26,17029,City,"Seaside Heights, NJ",Seaside Heights,NJ,33,10,720000,41.63,35,-64,83,72.92,135,60.71,38,-9.52,503.62,5.79
9/3/26,Rolling 3 Months,2/1/26,4/30/26,17036,City,"Seaside Park, NJ",Seaside Park,NJ,11,37.5,635000,-20.58,123,69,11,-35.29,18,-43.75,11,10,717.7,-0.29
9/3/26,Rolling 3 Months,2/1/26,4/30/26,37346,City,"Seaville, NJ",Seaville,NJ,8,100,490000,60.66,122,18,14,75,26,73.33,5,-16.67,245.59,-1.49
9/3/26,Rolling 3 Months,2/1/26,4/30/26,17057,City,"Secaucus, NJ",Secaucus,NJ,19,-50,725000,2.84,34,-39,63,18.87,103,15.73,43,13.16,355.28,1
9/3/26,Rolling 3 Months,2/1/26,4/30/26,37324,City,"Seeley, NJ",Seeley,NJ,1,NA,290000,NA,103,NA,1,NA,2,100,NA,NA,288.37,NA
9/3/26,Rolling 3 Months,2/1/26,4/30/26,25660,City,"Sewaren, NJ",Sewaren,NJ,1,-66.67,437500,-0.34,65,-59,2,-33.33,9,0,3,-50,332.2,-0.6
9/3/26,Rolling 3 Months,2/1/26,4/30/26,36277,City,"Sewell, NJ",Sewell,NJ,88,1.15,372500,5.35,29,6,132,-2.22,174,-3.87,105,-20.45,217.39,4.35
9/3/26,Rolling 3 Months,2/1/26,4/30/26,25665,City,"Shark River Hills, NJ",Shark River Hills,NJ,7,40,688000,-11.79,16,-39,14,16.67,16,23.08,9,0,455.92,5.58
9/3/26,Rolling 3 Months,2/1/26,4/30/26,37029,City,"Sheppards Mill, NJ",Sheppards Mill,NJ,NA,NA,NA,NA,NA,NA,NA,NA,1,NA,1,NA,NA,NA
9/3/26,Rolling 3 Months,2/1/26,4/30/26,17159,City,"Shiloh, NJ",Shiloh,NJ,2,NA,195000,NA,75,NA,1,-66.67,1,-75,2,0,NA,NA
9/3/26,Rolling 3 Months,2/1/26,4/30/26,17175,City,"Ship Bottom, NJ",Ship Bottom,NJ,7,16.67,1400000,4.67,22,-107,10,42.86,16,-23.81,8,60,904.85,10.87
9/3/26,Rolling 3 Months,2/1/26,4/30/26,34746,City,"Short Hills, NJ",Short Hills,NJ,30,36.36,2307500,-6.96,18,3,56,5.66,80,21.21,51,50,691.11,4.08
9/3/26,Rolling 3 Months,2/1/26,4/30/26,17245,City,"Shrewsbury, NJ",Shrewsbury,NJ,6,-57.14,1327500,12.64,13,-4,16,33.33,17,-10.53,12,-14.29,464.42,10.75
9/3/26,Rolling 3 Months,2/1/26,4/30/26,37313,City,"Sicklerville, NJ",Sicklerville,NJ,147,40,365000,10.61,52,21,196,23.27,314,26.61,188,26.17,201.21,-0.51
9/3/26,Rolling 3 Months,2/1/26,4/30/26,37214,City,"Silver Lake, NJ",Silver Lake,NJ,NA,NA,NA,NA,NA,NA,5,66.67,7,40,4,100,214.52,-4.07
9/3/26,Rolling 3 Months,2/1/26,4/30/26,34767,City,"Silver Lake, NJ",Silver Lake,NJ,2,NA,341250,NA,57,NA,3,NA,4,300,3,NA,277.1,NA
9/3/26,Rolling 3 Months,2/1/26,4/30/26,34761,City,"Silver Lake, NJ",Silver Lake,NJ,8,33.33,602500,27.51,54,-40,5,-37.5,20,66.67,8,100,278.75,-13.94
9/3/26,Rolling 3 Months,2/1/26,4/30/26,25722,City,"Silver Ridge, NJ",Silver Ridge,NJ,14,100,268000,-4.25,69,27,13,8.33,20,25,8,0,269.33,4.24
9/3/26,Rolling 3 Months,2/1/26,4/30/26,34772,City,"Singac, NJ",Singac,NJ,12,50,572500,51.66,27,-25,16,-15.79,22,-12,19,18.75,365.01,-0.08
9/3/26,Rolling 3 Months,2/1/26,4/30/26,34777,City,"Six Mile Run, NJ",Six Mile Run,NJ,5,-16.67,585101,18.32,20,-8,10,42.86,11,22.22,4,-60,314,6.82
9/3/26,Rolling 3 Months,2/1/26,4/30/26,34778,City,"Skillman, NJ",Skillman,NJ,NA,NA,NA,NA,NA,NA,5,NA,6,200,NA,NA,482.53,NA
9/3/26,Rolling 3 Months,2/1/26,4/30/26,34788,City,"Smithville, NJ",Smithville,NJ,36,44,219250,16.62,82,24,80,90.48,132,88.57,53,39.47,203.97,-4.18
9/3/26,Rolling 3 Months,2/1/26,4/30/26,25764,City,"Society Hill, NJ",Society Hill,NJ,6,50,815000,23.11,56,-52,13,44.44,16,0,7,-12.5,355.89,2.91
9/3/26,Rolling 3 Months,2/1/26,4/30/26,17512,City,"Somerdale, NJ",Somerdale,NJ,21,133.33,340000,-2.72,43,10,24,0,36,2.86,23,9.52,250.63,9.3
9/3/26,Rolling 3 Months,2/1/26,4/30/26,17534,City,"Somers Point, NJ",Somers Point,NJ,33,6.45,435000,2.35,96,44,51,4.08,106,32.5,40,8.11,363.7,-3.54
9/3/26,Rolling 3 Months,2/1/26,4/30/26,25771,City,"Somerset, NJ",Somerset,NJ,51,13.33,550000,17.27,33,10,81,9.46,108,8,71,7.58,332.28,2.2
9/3/26,Rolling 3 Months,2/1/26,4/30/26,17539,City,"Somerville, NJ",Somerville,NJ,16,-15.79,561000,3.89,43,16,28,3.7,35,-5.41,14,-44,359.17,-5.55
9/3/26,Rolling 3 Months,2/1/26,4/30/26,17563,City,"South Amboy, NJ",South Amboy,NJ,16,-33.33,517500,11.89,73,-14,43,34.38,75,17.19,36,71.43,337.27,4.81
9/3/26,Rolling 3 Months,2/1/26,4/30/26,17606,City,"South Bound Brook, NJ",South Bound Brook,NJ,6,-25,502500,7.49,14,2,8,14.29,11,10,4,-42.86,355.85,2.6
9/3/26,Rolling 3 Months,2/1/26,4/30/26,36969,City,"South Dennis, NJ",South Dennis,NJ,1,-50,315000,-24.46,5,-117,NA,NA,4,-33.33,NA,NA,NA,NA
9/3/26,Rolling 3 Months,2/1/26,4/30/26,17747,City,"South Plainfield, NJ",South Plainfield,NJ,46,27.78,530000,-7.83,62,2,55,12.24,92,21.05,46,17.95,350.56,3.26
9/3/26,Rolling 3 Months,2/1/26,4/30/26,17755,City,"South River, NJ",South River,NJ,22,10,524500,11.02,77,-1,42,61.54,71,57.78,28,64.71,316.61,-10
9/3/26,Rolling 3 Months,2/1/26,4/30/26,37221,City,"South Seaville, NJ",South Seaville,NJ,1,-75,274900,-35.32,13,1,3,-57.14,4,-42.86,2,-60,278.24,4.49
9/3/26,Rolling 3 Months,2/1/26,4/30/26,17773,City,"South Toms River, NJ",South Toms River,NJ,11,57.14,430000,8.04,32,11,6,-33.33,10,-16.67,9,28.57,337.32,-9.8
9/3/26,Rolling 3 Months,2/1/26,4/30/26,17842,City,"Spotswood, NJ",Spotswood,NJ,14,-30,460000,9.52,88,35,22,-12,43,-4.44,20,-16.67,405.2,14.37
9/3/26,Rolling 3 Months,2/1/26,4/30/26,17920,City,"Spring Lake Heights, NJ",Spring Lake Heights,NJ,9,-50,1075000,-2.27,15,-12,15,7.14,20,-25.93,18,-10,734.97,19.09
9/3/26,Rolling 3 Months,2/1/26,4/30/26,17915,City,"Spring Lake, NJ",Spring Lake,NJ,12,33.33,5322500,66.02,29,3,17,13.33,23,-14.81,13,-7.14,1499.62,26.54
9/3/26,Rolling 3 Months,2/1/26,4/30/26,25863,City,"Springdale, NJ",Springdale,NJ,32,-15.79,664500,11.68,27,5,59,11.32,75,2.74,48,9.09,247.36,5.56
9/3/26,Rolling 3 Months,2/1/26,4/30/26,35938,City,"Springfield, NJ",Springfield,NJ,8,14.29,459000,8,30,-38,8,-27.27,16,-15.79,7,-30,255,-6.34
9/3/26,Rolling 3 Months,2/1/26,4/30/26,35943,City,"Springfield, NJ",Springfield,NJ,26,62.5,657500,-1.87,28,16,44,-22.81,58,-12.12,35,-2.78,391.67,0.16
9/3/26,Rolling 3 Months,2/1/26,4/30/26,17985,City,"Stanhope, NJ",Stanhope,NJ,18,100,381000,-4.75,20,-10,22,46.67,31,63.16,16,33.33,308.3,13.52
9/3/26,Rolling 3 Months,2/1/26,4/30/26,34910,City,"Stewartsville, NJ",Stewartsville,NJ,1,-66.67,435000,29.85,129,31,1,-75,2,-66.67,2,-33.33,251.62,-0.44
9/3/26,Rolling 3 Months,2/1/26,4/30/26,37637,City,"Stirling, NJ",Stirling,NJ,7,40,641000,-16.75,22,10,5,-61.54,9,-40,6,-57.14,381.41,-2.52
9/3/26,Rolling 3 Months,2/1/26,4/30/26,18135,City,"Stockton, NJ",Stockton,NJ,1,NA,503000,NA,153,NA,3,0,8,100,3,200,382.85,23.75
9/3/26,Rolling 3 Months,2/1/26,4/30/26,18146,City,"Stone Harbor, NJ",Stone Harbor,NJ,8,-52.94,2737500,-3.91,84,3,25,13.64,51,-5.56,15,0,1616.79,-9.44
9/3/26,Rolling 3 Months,2/1/26,4/30/26,37604,City,"Stonebridge, NJ",Stonebridge,NJ,5,150,796000,2.72,46,-59,8,33.33,13,44.44,9,50,297.21,12.71
9/3/26,Rolling 3 Months,2/1/26,4/30/26,18191,City,"Stratford, NJ",Stratford,NJ,16,33.33,386500,18.92,25,8,25,4.17,28,-3.45,16,-5.88,221.08,0.84
9/3/26,Rolling 3 Months,2/1/26,4/30/26,25956,City,"Strathmere, NJ",Strathmere,NJ,4,100,2162500,-18.97,117,53,1,-66.67,6,50,5,400,942.46,-20.87
9/3/26,Rolling 3 Months,2/1/26,4/30/26,25959,City,"Strathmore, NJ",Strathmore,NJ,10,-16.67,757500,15.21,15,2,16,-42.86,20,-42.86,12,-55.56,349.06,-1.65
9/3/26,Rolling 3 Months,2/1/26,4/30/26,31313,City,"Succasunna, NJ",Succasunna,NJ,22,-4.35,635000,-3.79,17,3,45,87.5,55,71.88,36,44,310.19,-0.27
9/3/26,Rolling 3 Months,2/1/26,4/30/26,18243,City,"Summit, NJ",Summit,NJ,26,-39.53,1300000,-7.14,11,-4,56,-36.36,72,-31.43,48,-27.27,621.61,3.15
9/3/26,Rolling 3 Months,2/1/26,4/30/26,37325,City,"Sunset Lake, NJ",Sunset Lake,NJ,2,NA,399950,NA,79,NA,2,NA,3,NA,1,NA,206.66,NA
9/3/26,Rolling 3 Months,2/1/26,4/30/26,18294,City,"Surf City, NJ",Surf City,NJ,9,-47.06,1915000,-29.72,21,-107,14,27.27,19,-26.92,8,-42.86,1141.74,27.16
9/3/26,Rolling 3 Months,2/1/26,4/30/26,18305,City,"Sussex, NJ",Sussex,NJ,6,200,395000,7.56,20,-23,7,-22.22,15,50,10,150,274.53,22.96
9/3/26,Rolling 3 Months,2/1/26,4/30/26,18343,City,"Swedesboro, NJ",Swedesboro,NJ,9,-18.18,312500,-6.72,40,5,10,-28.57,15,-25,14,0,172.12,-9.49
9/3/26,Rolling 3 Months,2/1/26,4/30/26,37295,City,"Sweetwater, NJ",Sweetwater,NJ,4,NA,622500,NA,82,NA,5,-50,11,10,4,-33.33,209.73,-44.73
9/3/26,Rolling 3 Months,2/1/26,4/30/26,35000,City,"Ten Mile Run, NJ",Ten Mile Run,NJ,4,33.33,1010000,1.1,45,20,6,200,8,100,6,100,360.13,14.86
9/3/26,Rolling 3 Months,2/1/26,4/30/26,18484,City,"Tenafly, NJ",Tenafly,NJ,23,-23.33,1640000,15.7,76,-17,56,14.29,83,5.06,35,-7.89,634.56,2.69
9/3/26,Rolling 3 Months,2/1/26,4/30/26,37732,City,"The Hills, NJ",The Hills,NJ,32,-5.88,495500,4.32,17,2,71,10.94,79,5.33,51,4.08,429.21,6.15
9/3/26,Rolling 3 Months,2/1/26,4/30/26,37771,City,"The Ponds, NJ",The Ponds,NJ,10,11.11,405000,-10.99,95,-11,13,-18.75,21,-22.22,13,-18.75,246.83,0.23
9/3/26,Rolling 3 Months,2/1/26,4/30/26,37081,City,"Thorofare, NJ",Thorofare,NJ,3,-75,415000,20.73,58,23,10,-41.18,14,-41.67,7,-58.82,226.88,3.98
9/3/26,Rolling 3 Months,2/1/26,4/30/26,18609,City,"Tinton Falls, NJ",Tinton Falls,NJ,50,-33.33,518000,1.57,16,-11,77,-1.28,93,-20.51,71,-7.79,351.78,0.76
9/3/26,Rolling 3 Months,2/1/26,4/30/26,36920,City,"Titusville, NJ",Titusville,NJ,1,-50,830000,121.33,72,25,3,-25,3,-40,2,0,308.84,22.22
9/3/26,Rolling 3 Months,2/1/26,4/30/26,26079,City,"Toms River, NJ",Toms River,NJ,241,0.84,490000,6.52,45,11,422,4.46,652,12.03,308,0.33,297.62,1.2
9/3/26,Rolling 3 Months,2/1/26,4/30/26,18639,City,"Totowa, NJ",Totowa,NJ,20,81.82,772500,18.85,47,-39,20,-16.67,36,12.5,22,37.5,365.38,-1.95
9/3/26,Rolling 3 Months,2/1/26,4/30/26,37702,City,"Towaco, NJ",Towaco,NJ,17,88.89,662500,-50,27,-31,27,58.82,44,76,15,50,376.97,0
9/3/26,Rolling 3 Months,2/1/26,4/30/26,18807,City,"Trenton, NJ",Trenton,NJ,109,-4.39,230000,6.48,74,11,161,-12.5,319,-2.15,139,-4.79,176.14,5.59
9/3/26,Rolling 3 Months,2/1/26,4/30/26,37794,City,"Troy Hills, NJ",Troy Hills,NJ,9,50,860006,18.38,16,-3,14,55.56,18,80,9,12.5,343.03,7.82
9/3/26,Rolling 3 Months,2/1/26,4/30/26,37243,City,"Tuckahoe, NJ",Tuckahoe,NJ,1,0,459500,49.19,340,305,3,0,3,-57.14,1,-80,50.54,-80.79
9/3/26,Rolling 3 Months,2/1/26,4/30/26,18853,City,"Tuckerton, NJ",Tuckerton,NJ,10,-33.33,577500,31.25,97,70,27,35,44,18.92,19,35.71,367.02,27.14
9/3/26,Rolling 3 Months,2/1/26,4/30/26,26159,City,"Turnersville, NJ",Turnersville,NJ,4,33.33,580000,15.77,114,94,7,75,10,42.86,5,25,224.47,6.26
9/3/26,Rolling 3 Months,2/1/26,4/30/26,26163,City,"Twin Rivers, NJ",Twin Rivers,NJ,23,53.33,324600,-12.27,43,30,31,6.9,49,6.52,27,12.5,264.81,-0.21
9/3/26,Rolling 3 Months,2/1/26,4/30/26,18909,City,"Union Beach, NJ",Union Beach,NJ,13,-38.1,506000,12.44,80,50,31,-13.89,48,0,23,-14.81,332.97,-7.8
9/3/26,Rolling 3 Months,2/1/26,4/30/26,18931,City,"Union City, NJ",Union City,NJ,54,-20.59,550000,1.85,56,2,131,-12.67,231,-10.81,80,-13.04,459.27,0.41
9/3/26,Rolling 3 Months,2/1/26,4/30/26,37783,City,"Union, NJ",Union,NJ,4,-33.33,535000,7.64,17,-6,3,50,5,66.67,3,50,NA,NA
9/3/26,Rolling 3 Months,2/1/26,4/30/26,37806,City,"Upper Greenwood Lake, NJ",Upper Greenwood Lake,NJ,6,-25,417450,-13.93,80,-2,20,0,26,-13.33,13,18.18,315.9,-2.56
9/3/26,Rolling 3 Months,2/1/26,4/30/26,35134,City,"Upper Montclair, NJ",Upper Montclair,NJ,19,0,1450000,3.57,20,-20,53,17.78,68,21.43,48,45.45,495.78,9.9
9/3/26,Rolling 3 Months,2/1/26,4/30/26,35136,City,"Upper Pohatcong, NJ",Upper Pohatcong,NJ,3,-57.14,425000,16.44,13,-4,13,44.44,14,16.67,8,0,251.84,-3.72
9/3/26,Rolling 3 Months,2/1/26,4/30/26,19045,City,"Upper Saddle River, NJ",Upper Saddle River,NJ,14,-46.15,2087500,55.47,107,-49,27,3.85,46,-19.3,24,41.18,430.62,3.21
9/3/26,Rolling 3 Months,2/1/26,4/30/26,35137,City,"Upper Stewartsville, NJ",Upper Stewartsville,NJ,NA,NA,NA,NA,NA,NA,1,NA,1,NA,NA,NA,309.52,NA
9/3/26,Rolling 3 Months,2/1/26,4/30/26,37835,City,"Vauxhall, NJ",Vauxhall,NJ,10,42.86,420000,0,42,10,16,60,25,66.67,14,180,350.92,-1.15
9/3/26,Rolling 3 Months,2/1/26,4/30/26,19150,City,"Ventnor City, NJ",Ventnor City,NJ,38,-24,845000,47.73,72,4,81,-3.57,175,16.67,53,-14.52,480.12,12.7
9/3/26,Rolling 3 Months,2/1/26,4/30/26,35177,City,"Vernon Center, NJ",Vernon Center,NJ,23,0,220000,-6.38,73,-25,34,-2.86,67,-10.67,24,4.35,277.62,3.57
9/3/26,Rolling 3 Months,2/1/26,4/30/26,26269,City,"Vernon Valley, NJ",Vernon Valley,NJ,5,66.67,470000,0.02,82,28,8,14.29,9,-18.18,2,-33.33,249.52,4.91
9/3/26,Rolling 3 Months,2/1/26,4/30/26,19223,City,"Victory Gardens, NJ",Victory Gardens,NJ,2,-33.33,297500,-0.83,93,60,1,-66.67,4,-20,3,0,NA,NA
9/3/26,Rolling 3 Months,2/1/26,4/30/26,26283,City,"Victory Lakes, NJ",Victory Lakes,NJ,7,-30,324900,-18.26,98,78,13,30,21,23.53,13,30,259.47,16.18
9/3/26,Rolling 3 Months,2/1/26,4/30/26,31323,City,"Vienna, NJ",Vienna,NJ,1,-66.67,655500,50.69,14,-18,5,66.67,6,20,3,0,200.67,-17.75
9/3/26,Rolling 3 Months,2/1/26,4/30/26,26290,City,"Villas, NJ",Villas,NJ,43,0,439000,15.53,40,-24,43,-30.65,87,-12.12,43,-28.33,430.39,-6.92
9/3/26,Rolling 3 Months,2/1/26,4/30/26,37297,City,"Vincentown, NJ",Vincentown,NJ,3,0,375000,-3.85,57,10,4,0,4,-33.33,4,0,226.54,-6
9/3/26,Rolling 3 Months,2/1/26,4/30/26,19265,City,"Vineland, NJ",Vineland,NJ,107,-5.31,330000,10,62,7,144,-9.43,266,4.72,133,0,203.87,4.39
9/3/26,Rolling 3 Months,2/1/26,4/30/26,26301,City,"Vista Center, NJ",Vista Center,NJ,7,16.67,780000,24.8,66,36,5,-75,12,-62.5,8,-27.27,278.97,-0.14
9/3/26,Rolling 3 Months,2/1/26,4/30/26,35197,City,"Voorhees, NJ",Voorhees,NJ,2,-33.33,534000,-22.16,94,30,1,0,2,0,1,-50,349.26,17.42
9/3/26,Rolling 3 Months,2/1/26,4/30/26,19331,City,"Waldwick, NJ",Waldwick,NJ,22,57.14,640000,-2.29,56,-2,30,-9.09,40,2.56,25,4.17,387,-0.05
9/3/26,Rolling 3 Months,2/1/26,4/30/26,19346,City,"Wallington, NJ",Wallington,NJ,12,71.43,714950,-21.43,99,37,11,-21.43,28,16.67,16,33.33,402.78,5.39
9/3/26,Rolling 3 Months,2/1/26,4/30/26,26329,City,"Wanamassa, NJ",Wanamassa,NJ,5,150,670000,10.93,23,14,8,-20,15,7.14,7,-12.5,502.86,15.27
9/3/26,Rolling 3 Months,2/1/26,4/30/26,19408,City,"Wanaque, NJ",Wanaque,NJ,29,-17.14,520000,8.33,70,13,53,-5.36,83,1.22,44,-13.73,292.27,-1.15
9/3/26,Rolling 3 Months,2/1/26,4/30/26,26337,City,"Waretown, NJ",Waretown,NJ,9,80,625000,31.58,56,-22,9,0,19,5.56,12,100,321,-8.81
9/3/26,Rolling 3 Months,2/1/26,4/30/26,35942,City,"Warren, NJ",Warren,NJ,28,-30,1189500,30.36,38,-2,58,-20.55,82,-24.07,44,-16.98,426.61,9.43
9/3/26,Rolling 3 Months,2/1/26,4/30/26,37004,City,"Washington Crossing, NJ",Washington Crossing,NJ,3,200,510000,-0.2,21,-125,2,NA,4,300,2,NA,268.15,NA
9/3/26,Rolling 3 Months,2/1/26,4/30/26,19516,City,"Washington, NJ",Washington,NJ,19,11.76,378000,8,18,-7,20,17.65,35,16.67,21,10.53,228.78,-15.29
9/3/26,Rolling 3 Months,2/1/26,4/30/26,19588,City,"Watchung, NJ",Watchung,NJ,10,11.11,1312000,-11.05,18,-33,30,100,39,69.57,20,66.67,375.56,-7.84
9/3/26,Rolling 3 Months,2/1/26,4/30/26,37118,City,"Watsessing, NJ",Watsessing,NJ,5,-50,399000,-43.02,34,-8,15,-25,19,-38.71,11,-45,343.64,-3.44
9/3/26,Rolling 3 Months,2/1/26,4/30/26,19698,City,"Wenonah, NJ",Wenonah,NJ,4,-50,499500,8.71,57,-37,11,120,13,44.44,6,-25,226.94,0.96
9/3/26,Rolling 3 Months,2/1/26,4/30/26,26442,City,"West Belmar, NJ",West Belmar,NJ,4,0,586250,-23.37,55,-36,6,20,8,-11.11,6,-14.29,459.61,-3.48
9/3/26,Rolling 3 Months,2/1/26,4/30/26,37089,City,"West Berlin, NJ",West Berlin,NJ,4,-55.56,400000,26.98,43,-16,8,-11.11,10,-33.33,5,-50,230.15,12.58
9/3/26,Rolling 3 Months,2/1/26,4/30/26,35823,City,"West Caldwell, NJ",West Caldwell,NJ,13,-27.78,766000,13.69,47,4,26,-18.75,32,-17.95,20,-16.67,394.56,8.77
9/3/26,Rolling 3 Months,2/1/26,4/30/26,19788,City,"West Cape May, NJ",West Cape May,NJ,6,20,1850000,54.17,109,-37,8,-33.33,14,-46.15,8,0,889.24,15.11
9/3/26,Rolling 3 Months,2/1/26,4/30/26,26491,City,"West Freehold, NJ",West Freehold,NJ,14,-62.16,495100,-26.1,20,-16,38,-5,50,-15.25,40,-6.98,337.82,0.13
9/3/26,Rolling 3 Months,2/1/26,4/30/26,19947,City,"West Long Branch, NJ",West Long Branch,NJ,13,-7.14,985000,16.22,82,40,23,-46.51,37,-40.32,14,-26.32,551.74,9.77
9/3/26,Rolling 3 Months,2/1/26,4/30/26,20004,City,"West New York, NJ",West New York,NJ,39,-18.75,758000,48.63,42,-25,106,6,189,13.17,63,6.78,510,19.69
9/3/26,Rolling 3 Months,2/1/26,4/30/26,37128,City,"West Park, NJ",West Park,NJ,4,0,315950,16.37,69,-9,7,75,12,71.43,6,20,180.29,-25.21
9/3/26,Rolling 3 Months,2/1/26,4/30/26,20137,City,"West Wildwood, NJ",West Wildwood,NJ,2,-77.78,480000,-36.84,74,41,7,-36.36,15,25,7,-12.5,422.75,2.14
9/3/26,Rolling 3 Months,2/1/26,4/30/26,19891,City,"Westfield, NJ",Westfield,NJ,57,-17.39,1300000,16.5,11,-2,120,-2.44,139,-9.15,102,6.25,517.96,3.14
9/3/26,Rolling 3 Months,2/1/26,4/30/26,37270,City,"Westmont, NJ",Westmont,NJ,30,3.45,512500,-11.64,15,2,47,-2.08,59,-4.84,43,4.88,329.45,6.81
9/3/26,Rolling 3 Months,2/1/26,4/30/26,35341,City,"Weston, NJ",Weston,NJ,15,0,630000,-16,64,1,24,-7.69,35,-2.78,21,10.53,338.44,2.5
9/3/26,Rolling 3 Months,2/1/26,4/30/26,20117,City,"Westville, NJ",Westville,NJ,8,14.29,318000,13.57,60,39,18,12.5,31,55,17,183.33,210.04,16.22
9/3/26,Rolling 3 Months,2/1/26,4/30/26,20151,City,"Westwood, NJ",Westwood,NJ,10,-41.18,731500,4.5,58,1,22,4.76,30,-6.25,16,-33.33,466.77,20.2
9/3/26,Rolling 3 Months,2/1/26,4/30/26,20179,City,"Wharton, NJ",Wharton,NJ,13,-27.78,587000,5.17,25,5,12,-25,18,-21.74,15,-6.25,342.27,17.06
9/3/26,Rolling 3 Months,2/1/26,4/30/26,37754,City,"Whippany, NJ",Whippany,NJ,15,36.36,811690,26.85,14,-8,17,-41.38,24,-38.46,19,-17.39,407.09,20.27
9/3/26,Rolling 3 Months,2/1/26,4/30/26,26566,City,"White Horse, NJ",White Horse,NJ,13,-35,414000,13.35,40,-4,27,-10,46,-11.54,30,-23.08,272.26,2.07
9/3/26,Rolling 3 Months,2/1/26,4/30/26,26572,City,"White House Station, NJ",White House Station,NJ,6,-33.33,590000,-4.84,17,2,14,75,22,100,12,50,337.05,6.72
9/3/26,Rolling 3 Months,2/1/26,4/30/26,26576,City,"White Meadow Lake, NJ",White Meadow Lake,NJ,12,-40,584500,-0.13,25,8,38,31.03,45,28.57,25,13.64,325.08,-7.2
9/3/26,Rolling 3 Months,2/1/26,4/30/26,35660,City,"Whitesboro, NJ",Whitesboro,NJ,5,-37.5,425000,13.56,89,-2,2,-71.43,12,-33.33,6,-25,210.13,-25.07
9/3/26,Rolling 3 Months,2/1/26,4/30/26,26604,City,"Whittingham, NJ",Whittingham,NJ,17,6.25,535000,15.07,65,5,37,42.31,50,35.14,28,64.71,265.5,3.5
9/3/26,Rolling 3 Months,2/1/26,4/30/26,20320,City,"Wildwood Crest, NJ",Wildwood Crest,NJ,38,2.7,577500,-8.7,47,-41,68,25.93,125,22.55,51,-1.92,698.57,28.65
9/3/26,Rolling 3 Months,2/1/26,4/30/26,20315,City,"Wildwood, NJ",Wildwood,NJ,62,-1.59,600315,16.28,49,-7,78,-12.36,163,-2.4,83,20.29,442.39,3.32
9/3/26,Rolling 3 Months,2/1/26,4/30/26,26617,City,"Williamstown, NJ",Williamstown,NJ,48,9.09,332500,-2.21,53,13,57,5.56,90,4.65,56,14.29,217.69,2.17
9/3/26,Rolling 3 Months,2/1/26,4/30/26,38322,City,"Windsor, NJ",Windsor,NJ,NA,NA,NA,NA,NA,NA,NA,NA,1,NA,1,NA,NA,NA
9/3/26,Rolling 3 Months,2/1/26,4/30/26,20508,City,"Wood-Ridge, NJ",Wood-Ridge,NJ,21,10.53,761000,24.35,83,26,30,-3.23,54,20,24,-25,433.34,7.83
9/3/26,Rolling 3 Months,2/1/26,4/30/26,20407,City,"Woodbine, NJ",Woodbine,NJ,1,-66.67,210000,56.72,92,-44,4,-20,7,-22.22,2,-33.33,181.77,-8.2
9/3/26,Rolling 3 Months,2/1/26,4/30/26,26641,City,"Woodbridge, NJ",Woodbridge,NJ,44,-2.22,474500,-8.75,74,-9,72,-8.86,130,5.69,63,5,334.03,-8.6
9/3/26,Rolling 3 Months,2/1/26,4/30/26,20446,City,"Woodbury Heights, NJ",Woodbury Heights,NJ,7,-12.5,374000,9.2,45,25,14,7.69,21,31.25,12,20,188.1,-11.72
9/3/26,Rolling 3 Months,2/1/26,4/30/26,20437,City,"Woodbury, NJ",Woodbury,NJ,29,-14.71,369999,16.35,24,-2,30,-23.08,50,-20.63,28,-36.36,197.9,8.43
9/3/26,Rolling 3 Months,2/1/26,4/30/26,20461,City,"Woodcliff Lake, NJ",Woodcliff Lake,NJ,18,260,1265000,46.24,99,-17,24,20,41,57.69,19,46.15,445.2,12.63
9/3/26,Rolling 3 Months,2/1/26,4/30/26,35458,City,"Woodland Park, NJ",Woodland Park,NJ,18,-10,627500,-1.95,24,-26,40,21.21,52,26.83,34,41.67,363.59,4.59
9/3/26,Rolling 3 Months,2/1/26,4/30/26,20489,City,"Woodlynne, NJ",Woodlynne,NJ,6,20,206250,11.49,28,-86,13,8.33,23,9.52,9,0,187.19,-0.25
9/3/26,Rolling 3 Months,2/1/26,4/30/26,20528,City,"Woodstown, NJ",Woodstown,NJ,9,-35.71,327000,1.4,44,20,13,18.18,25,31.58,14,27.27,216.05,12.38
9/3/26,Rolling 3 Months,2/1/26,4/30/26,20574,City,"Wrightstown, NJ",Wrightstown,NJ,3,200,319000,128.02,36,5,6,50,8,100,3,200,239.37,88.9
9/3/26,Rolling 3 Months,2/1/26,4/30/26,31342,City,"Yardville, NJ",Yardville,NJ,11,-15.38,425000,-2.3,23,-20,19,-5,29,11.54,18,5.88,275.92,-8.88
9/3/26,Rolling 3 Months,2/1/26,4/30/26,26686,City,"Yorketown, NJ",Yorketown,NJ,14,40,815000,7.8,27,-20,15,-44.44,22,-35.29,18,-25,359.17,2.6
9/3/26,Rolling 3 Months,1/1/26,3/31/26,37334,City,"Absecon Highlands, NJ",Absecon Highlands,NJ,4,300,364500,-14.03,92,-11,4,-33.33,9,0,4,100,223.23,4.92
9/3/26,Rolling 3 Months,1/1/26,3/31/26,14,City,"Absecon, NJ",Absecon,NJ,19,26.67,255000,14.61,65,-20,35,0,65,27.45,22,-29.03,200.4,1.35
9/3/26,Rolling 3 Months,1/1/26,3/31/26,162,City,"Allendale, NJ",Allendale,NJ,10,-28.57,1082500,7.98,76,-1,13,8.33,24,-4,10,-33.33,431.3,13.86
9/3/26,Rolling 3 Months,1/1/26,3/31/26,168,City,"Allenhurst, NJ",Allenhurst,NJ,2,0,4100000,-38.81,114,-3,5,66.67,7,40,1,NA,1251.81,-2.4
9/3/26,Rolling 3 Months,1/1/26,3/31/26,177,City,"Allentown, NJ",Allentown,NJ,4,-33.33,303841,-25.44,48,5,6,-33.33,9,-30.77,6,-33.33,286.84,7.74
9/3/26,Rolling 3 Months,1/1/26,3/31/26,21143,City,"Allenwood, NJ",Allenwood,NJ,2,100,1175000,23.68,72,-56,2,-50,3,-50,2,-33.33,352.98,3.13
9/3/26,Rolling 3 Months,1/1/26,3/31/26,21146,City,"Alloway, NJ",Alloway,NJ,2,-50,335000,30.1,90,18,7,40,12,0,5,-16.67,163.52,-6.39
9/3/26,Rolling 3 Months,1/1/26,3/31/26,262,City,"Alpha, NJ",Alpha,NJ,2,0,384000,89.63,69,45,5,-16.67,11,37.5,6,100,209.82,-23.3
9/3/26,Rolling 3 Months,1/1/26,3/31/26,280,City,"Alpine, NJ",Alpine,NJ,2,-66.67,4499000,-4.58,104,-160,7,75,17,21.43,3,-25,930.94,23.79
9/3/26,Rolling 3 Months,1/1/26,3/31/26,37068,City,"Ampere North, NJ",Ampere North,NJ,6,0,607500,-9.46,110,86,6,20,14,100,6,50,336.43,9.68
9/3/26,Rolling 3 Months,1/1/26,3/31/26,31403,City,"Anderson, NJ",Anderson,NJ,NA,NA,NA,NA,NA,NA,NA,NA,1,-50,1,NA,NA,NA
9/3/26,Rolling 3 Months,1/1/26,3/31/26,338,City,"Andover, NJ",Andover,NJ,3,200,450000,12.5,26,-95,2,-33.33,2,-50,2,100,236.43,18.91
9/3/26,Rolling 3 Months,1/1/26,3/31/26,21186,City,"Annandale, NJ",Annandale,NJ,6,100,590000,18.24,11,-37,4,300,6,100,3,200,312.82,42.94
9/3/26,Rolling 3 Months,1/1/26,3/31/26,501,City,"Asbury Park, NJ",Asbury Park,NJ,42,-6.67,672500,1.66,36,1,72,-14.29,130,9.24,47,-9.62,631.43,12.04
9/3/26,Rolling 3 Months,1/1/26,3/31/26,31435,City,"Asbury, NJ",Asbury,NJ,NA,NA,NA,NA,NA,NA,2,0,2,-50,NA,NA,351,58.33
9/3/26,Rolling 3 Months,1/1/26,3/31/26,21220,City,"Ashland, NJ",Ashland,NJ,26,36.84,432500,12.34,32,19,34,-5.56,46,2.22,32,6.67,256.19,7.48
9/3/26,Rolling 3 Months,1/1/26,3/31/26,37139,City,"Atco, NJ",Atco,NJ,25,56.25,343000,-6.16,42,18,17,41.67,36,63.64,23,53.33,227.58,13.81
9/3/26,Rolling 3 Months,1/1/26,3/31/26,538,City,"Atlantic City, NJ",Atlantic City,NJ,87,-13.86,210000,-4.55,124,18,220,0.46,479,9.36,112,-13.18,227.96,1.21
9/3/26,Rolling 3 Months,1/1/26,3/31/26,546,City,"Atlantic Highlands, NJ",Atlantic Highlands,NJ,6,-25,1387500,-9.02,56,-28,13,-13.33,24,0,12,-20,447.03,15.38
9/3/26,Rolling 3 Months,1/1/26,3/31/26,38227,City,"Auburn, NJ",Auburn,NJ,2,-33.33,616950,0.32,109,-16,2,-50,3,-50,1,-66.67,249.95,31.81
9/3/26,Rolling 3 Months,1/1/26,3/31/26,575,City,"Audubon, NJ",Audubon,NJ,14,-46.15,447500,10.49,43,13,17,-39.29,31,-29.55,21,-22.22,279.76,8.22
9/3/26,Rolling 3 Months,1/1/26,3/31/26,610,City,"Avalon, NJ",Avalon,NJ,25,4.17,2935407,-20.61,77,-50,38,-40.63,77,-35.29,30,-14.29,1339.83,-7.6
9/3/26,Rolling 3 Months,1/1/26,3/31/26,21240,City,"Avenel, NJ",Avenel,NJ,12,-42.86,455000,-11.65,101,27,24,-4,45,0,16,-38.46,387.6,5.11
9/3/26,Rolling 3 Months,1/1/26,3/31/26,641,City,"Avon-By-the-Sea, NJ",Avon-By-the-Sea,NJ,4,-20,1180000,-7.81,24,-39,16,100,28,154.55,6,20,735.8,15.56
9/3/26,Rolling 3 Months,1/1/26,3/31/26,31122,City,"Barclay, NJ",Barclay,NJ,7,-30,600000,-0.83,37,18,11,-31.25,13,-31.58,11,-38.89,256.24,3.38
9/3/26,Rolling 3 Months,1/1/26,3/31/26,36984,City,"Bargaintown, NJ",Bargaintown,NJ,10,-33.33,524000,45.56,48,21,20,100,32,100,13,0,245.56,18.94
9/3/26,Rolling 3 Months,1/1/26,3/31/26,832,City,"Barnegat Light, NJ",Barnegat Light,NJ,5,-37.5,1940000,38.08,140,17,7,-30,12,-29.41,5,-44.44,1188,67.41
9/3/26,Rolling 3 Months,1/1/26,3/31/26,21288,City,"Barnegat, NJ",Barnegat,NJ,16,-5.88,467500,23.03,31,5,23,0,36,9.09,21,10.53,240.73,-16.37
9/3/26,Rolling 3 Months,1/1/26,3/31/26,872,City,"Barrington, NJ",Barrington,NJ,18,28.57,350000,2.94,38,18,20,-13.04,29,-6.45,22,-8.33,253.95,8.18
9/3/26,Rolling 3 Months,1/1/26,3/31/26,37791,City,"Basking Ridge, NJ",Basking Ridge,NJ,10,0,1072486,11.72,31,11,15,7.14,23,35.29,13,8.33,388.39,0.8
9/3/26,Rolling 3 Months,1/1/26,3/31/26,952,City,"Bay Head, NJ",Bay Head,NJ,3,200,4650000,133.67,42,-142,7,-22.22,8,-33.33,3,-25,1237.31,-18.76
9/3/26,Rolling 3 Months,1/1/26,3/31/26,970,City,"Bayonne, NJ",Bayonne,NJ,86,14.67,700000,13.82,51,7,104,-21.21,199,-5.24,81,-23.58,340.1,-2.78
9/3/26,Rolling 3 Months,1/1/26,3/31/26,21342,City,"Beach Haven West, NJ",Beach Haven West,NJ,18,-25,745000,-11.57,54,8,34,-26.09,46,-36.99,24,-25,602.72,4.89
9/3/26,Rolling 3 Months,1/1/26,3/31/26,1052,City,"Beach Haven, NJ",Beach Haven,NJ,11,-21.43,2400000,29.21,27,-13,24,-14.29,37,-21.28,14,-6.67,1103.34,12.31
9/3/26,Rolling 3 Months,1/1/26,3/31/26,1121,City,"Beachwood, NJ",Beachwood,NJ,27,8,470000,4.44,57,39,34,9.68,49,6.52,37,23.33,312.39,2.86
9/3/26,Rolling 3 Months,1/1/26,3/31/26,31548,City,"Beattystown, NJ",Beattystown,NJ,5,150,320000,-27.68,14,-1,10,100,12,71.43,7,133.33,243.77,-5.89
9/3/26,Rolling 3 Months,1/1/26,3/31/26,21365,City,"Beckett, NJ",Beckett,NJ,10,25,393500,3.28,22,8,8,14.29,13,44.44,11,120,239.03,9.27
9/3/26,Rolling 3 Months,1/1/26,3/31/26,37786,City,"Bedminster, NJ",Bedminster,NJ,NA,NA,NA,NA,NA,NA,NA,NA,1,-85.71,NA,NA,NA,NA
9/3/26,Rolling 3 Months,1/1/26,3/31/26,37382,City,"Beesleys Point, NJ",Beesleys Point,NJ,3,200,670000,-21.18,17,16,5,-16.67,5,-28.57,3,50,350.88,21.16
9/3/26,Rolling 3 Months,1/1/26,3/31/26,21377,City,"Belford, NJ",Belford,NJ,4,0,623750,-7.04,56,8,6,-40,8,-38.46,5,25,334.03,2.98
9/3/26,Rolling 3 Months,1/1/26,3/31/26,31566,City,"Belle Mead, NJ",Belle Mead,NJ,6,50,757000,1.61,32,2,3,-50,6,-14.29,4,-33.33,366.7,6.48
9/3/26,Rolling 3 Months,1/1/26,3/31/26,31569,City,"Belleplain, NJ",Belleplain,NJ,1,0,150000,-54.55,67,-60,1,NA,3,200,1,NA,256.33,NA
9/3/26,Rolling 3 Months,1/1/26,3/31/26,1257,City,"Bellmawr, NJ",Bellmawr,NJ,15,-55.88,315000,0.18,22,-18,24,-27.27,35,-27.08,24,-31.43,246.11,6.43
9/3/26,Rolling 3 Months,1/1/26,3/31/26,1306,City,"Belmar, NJ",Belmar,NJ,13,-7.14,925000,-8.64,97,15,15,-6.25,21,-27.59,14,-6.67,661.72,-7.2
9/3/26,Rolling 3 Months,1/1/26,3/31/26,1330,City,"Belvidere, NJ",Belvidere,NJ,4,-55.56,313000,6.1,138,69,7,-50,14,-36.36,6,-25,237.4,2.16
9/3/26,Rolling 3 Months,1/1/26,3/31/26,1381,City,"Bergenfield, NJ",Bergenfield,NJ,27,50,699000,4.33,111,36,33,-25,68,-5.56,40,25,443.98,5.83
9/3/26,Rolling 3 Months,1/1/26,3/31/26,1452,City,"Berlin, NJ",Berlin,NJ,19,26.67,360000,-1.34,36,10,24,4.35,31,6.9,21,50,202.53,-10.91
9/3/26,Rolling 3 Months,1/1/26,3/31/26,1489,City,"Bernardsville, NJ",Bernardsville,NJ,11,-21.43,890000,-20.85,68,47,17,-39.29,33,-17.5,12,-40,396.67,3.86
9/3/26,Rolling 3 Months,1/1/26,3/31/26,1532,City,"Beverly, NJ",Beverly,NJ,9,80,325000,6.56,41,-17,10,0,22,22.22,11,37.5,190.01,8.57
9/3/26,Rolling 3 Months,1/1/26,3/31/26,31652,City,"Blackwells Mills, NJ",Blackwells Mills,NJ,6,50,800000,-20.24,39,9,16,-15.79,19,-9.52,15,25,350.75,2.84
9/3/26,Rolling 3 Months,1/1/26,3/31/26,21462,City,"Blackwood, NJ",Blackwood,NJ,17,112.5,339000,-0.15,74,35,19,58.33,36,80,25,150,211.69,8.35
9/3/26,Rolling 3 Months,1/1/26,3/31/26,31658,City,"Blairstown, NJ",Blairstown,NJ,1,NA,395000,NA,33,NA,2,100,5,400,2,100,244.34,NA
9/3/26,Rolling 3 Months,1/1/26,3/31/26,31660,City,"Blawenburg, NJ",Blawenburg,NJ,1,NA,1250000,NA,219,NA,NA,NA,1,0,1,NA,NA,NA
9/3/26,Rolling 3 Months,1/1/26,3/31/26,1676,City,"Bloomingdale, NJ",Bloomingdale,NJ,13,8.33,485000,-21.14,87,48,13,44.44,24,41.18,14,40,325.61,-12.08
9/3/26,Rolling 3 Months,1/1/26,3/31/26,1682,City,"Bloomsbury, NJ",Bloomsbury,NJ,1,-50,520000,138.53,170,72,2,0,4,100,3,50,240.97,53.44
9/3/26,Rolling 3 Months,1/1/26,3/31/26,1706,City,"Bogota, NJ",Bogota,NJ,10,42.86,625000,4.17,76,-37,20,185.71,28,64.71,17,183.33,412.67,1.53
9/3/26,Rolling 3 Months,1/1/26,3/31/26,1732,City,"Boonton, NJ",Boonton,NJ,14,-6.67,713000,9.36,39,16,22,69.23,33,50,17,21.43,360.4,15.48
9/3/26,Rolling 3 Months,1/1/26,3/31/26,1749,City,"Bordentown, NJ",Bordentown,NJ,6,-14.29,287500,-17.86,59,38,9,-30.77,12,-25,9,28.57,286.94,12.42
9/3/26,Rolling 3 Months,1/1/26,3/31/26,1769,City,"Bound Brook, NJ",Bound Brook,NJ,15,50,540000,13.98,76,52,20,-31.03,33,-2.94,21,61.54,328.07,7.31
9/3/26,Rolling 3 Months,1/1/26,3/31/26,1817,City,"Bradley Beach, NJ",Bradley Beach,NJ,9,0,850000,-2.86,33,0,7,-56.25,12,-40,7,-46.15,761.43,-2.83
9/3/26,Rolling 3 Months,1/1/26,3/31/26,31705,City,"Bradley Gardens, NJ",Bradley Gardens,NJ,27,-3.57,550000,13.3,29,10,41,0,50,-5.66,29,-23.68,368.21,6.13
9/3/26,Rolling 3 Months,1/1/26,3/31/26,31707,City,"Brainards, NJ",Brainards,NJ,1,0,275000,102.21,8,-13,1,0,1,0,1,0,164.08,26.71
9/3/26,Rolling 3 Months,1/1/26,3/31/26,1907,City,"Branchville, NJ",Branchville,NJ,NA,NA,NA,NA,NA,NA,2,100,3,-25,2,-33.33,210.4,-2.83
9/3/26,Rolling 3 Months,1/1/26,3/31/26,21552,City,"Brass Castle, NJ",Brass Castle,NJ,2,-60,638000,65.71,15,-37,3,50,5,25,4,33.33,330.92,39.76
9/3/26,Rolling 3 Months,1/1/26,3/31/26,38231,City,"Bridgeport, NJ",Bridgeport,NJ,1,NA,361000,NA,68,NA,1,NA,2,NA,NA,NA,159.93,NA
9/3/26,Rolling 3 Months,1/1/26,3/31/26,1973,City,"Bridgeton, NJ",Bridgeton,NJ,26,100,196500,12.29,33,-9,44,33.33,74,51.02,28,47.37,143.68,-3.43
9/3/26,Rolling 3 Months,1/1/26,3/31/26,37543,City,"Bridgewater Center, NJ",Bridgewater Center,NJ,9,12.5,962000,33.7,58,32,6,-14.29,9,-25,7,-30,354.57,6.72
9/3/26,Rolling 3 Months,1/1/26,3/31/26,35941,City,"Bridgewater, NJ",Bridgewater,NJ,85,-7.61,591000,1.82,31,9,111,-18.38,151,-15.17,90,-21.05,359.39,3.59
9/3/26,Rolling 3 Months,1/1/26,3/31/26,2004,City,"Brielle, NJ",Brielle,NJ,14,-17.65,995000,-15.68,23,4,11,-42.11,23,-17.86,11,-45,666.51,39.59
9/3/26,Rolling 3 Months,1/1/26,3/31/26,2014,City,"Brigantine, NJ",Brigantine,NJ,54,14.89,673500,28.29,129,32,84,-19.23,160,-17.95,69,-2.82,480.98,-2.07
9/3/26,Rolling 3 Months,1/1/26,3/31/26,31757,City,"Broadway, NJ",Broadway,NJ,NA,NA,NA,NA,NA,NA,2,NA,4,100,2,100,NA,NA
9/3/26,Rolling 3 Months,1/1/26,3/31/26,31765,City,"Brookdale, NJ",Brookdale,NJ,18,63.64,678000,-5.17,26,-12,13,-13.33,28,16.67,16,-15.79,458.34,12.43
9/3/26,Rolling 3 Months,1/1/26,3/31/26,31767,City,"Brookfield, NJ",Brookfield,NJ,5,-50,296000,-6.77,38,-7,9,12.5,12,-7.69,6,20,266.19,11.72
9/3/26,Rolling 3 Months,1/1/26,3/31/26,2124,City,"Brooklawn, NJ",Brooklawn,NJ,3,-50,250000,10.95,22,10,4,-20,8,14.29,4,-20,219.45,12.92
9/3/26,Rolling 3 Months,1/1/26,3/31/26,37775,City,"Brookside, NJ",Brookside,NJ,4,33.33,1092500,-38.52,19,4,5,-54.55,6,-57.14,4,-42.86,420.85,-2.76
9/3/26,Rolling 3 Months,1/1/26,3/31/26,21625,City,"Browns Mills, NJ",Browns Mills,NJ,35,-20.45,316000,-7.33,40,-23,49,8.89,83,10.67,50,-7.41,255.3,1.43
9/3/26,Rolling 3 Months,1/1/26,3/31/26,21630,City,"Brownville, NJ",Brownville,NJ,4,-50,450000,11.8,34,-53,13,62.5,17,6.25,6,-40,335.09,3.39
9/3/26,Rolling 3 Months,1/1/26,3/31/26,21637,City,"Budd Lake, NJ",Budd Lake,NJ,17,-10.53,550000,-9.84,22,-5,18,-18.18,29,-12.12,16,-15.79,299.15,2.39
9/3/26,Rolling 3 Months,1/1/26,3/31/26,2259,City,"Buena, NJ",Buena,NJ,6,-60,357500,16.45,41,1,16,23.08,26,4,9,-47.06,240.92,12.32
9/3/26,Rolling 3 Months,1/1/26,3/31/26,31140,City,"Burleigh, NJ",Burleigh,NJ,2,NA,494000,NA,213,NA,NA,NA,4,100,2,NA,NA,NA
9/3/26,Rolling 3 Months,1/1/26,3/31/26,2313,City,"Burlington, NJ",Burlington,NJ,38,18.75,263750,2.43,63,-1,51,13.33,96,12.94,47,-11.32,170.9,-6.4
9/3/26,Rolling 3 Months,1/1/26,3/31/26,2341,City,"Butler, NJ",Butler,NJ,13,0,475000,-9.94,20,-13,25,38.89,30,15.38,16,0,321.98,2.03
9/3/26,Rolling 3 Months,1/1/26,3/31/26,31822,City,"Buttzville, NJ",Buttzville,NJ,1,NA,261000,NA,76,NA,NA,NA,NA,NA,NA,NA,NA,NA
9/3/26,Rolling 3 Months,1/1/26,3/31/26,31825,City,"Byram Center, NJ",Byram Center,NJ,4,33.33,525000,15.38,39,13,4,-20,4,-33.33,3,-40,314.11,22.5
9/3/26,Rolling 3 Months,1/1/26,3/31/26,2392,City,"Caldwell, NJ",Caldwell,NJ,18,80,588500,-12.81,36,-11,19,11.76,29,38.1,16,23.08,405.86,17.22
9/3/26,Rolling 3 Months,1/1/26,3/31/26,2400,City,"Califon, NJ",Califon,NJ,1,NA,701000,NA,10,NA,3,-25,4,-20,2,0,302.47,-4.78
9/3/26,Rolling 3 Months,1/1/26,3/31/26,2570,City,"Camden, NJ",Camden,NJ,99,-10,160000,5.96,50,11,140,0,275,19.05,119,-5.56,138.29,4.53
9/3/26,Rolling 3 Months,1/1/26,3/31/26,21745,City,"Cape May Court House, NJ",Cape May Court House,NJ,15,-11.76,535000,25.88,89,26,18,-18.18,33,-21.43,17,-5.56,292.28,-3.65
9/3/26,Rolling 3 Months,1/1/26,3/31/26,2668,City,"Cape May Point, NJ",Cape May Point,NJ,3,50,2489000,101.13,102,81,4,-20,9,12.5,3,50,1031.75,-21.63
9/3/26,Rolling 3 Months,1/1/26,3/31/26,2652,City,"Cape May, NJ",Cape May,NJ,16,-5.88,1162500,-21.19,81,15,24,41.18,43,22.86,19,5.56,1032.94,19.37
9/3/26,Rolling 3 Months,1/1/26,3/31/26,36992,City,"Carlls Corner, NJ",Carlls Corner,NJ,3,0,229900,-13.21,75,-91,1,-50,5,0,3,50,176.8,-26.28
9/3/26,Rolling 3 Months,1/1/26,3/31/26,2701,City,"Carlstadt, NJ",Carlstadt,NJ,4,0,737500,6.34,69,-57,11,0,16,-5.88,8,-11.11,402.98,7.36
9/3/26,Rolling 3 Months,1/1/26,3/31/26,21764,City,"Carneys Point, NJ",Carneys Point,NJ,33,135.71,235000,14.08,57,-23,24,9.09,58,75.76,28,64.71,191.04,2.45
9/3/26,Rolling 3 Months,1/1/26,3/31/26,2768,City,"Carteret, NJ",Carteret,NJ,41,-4.65,535000,2.88,99,17,37,0,83,3.75,35,-7.89,354.89,1.76
9/3/26,Rolling 3 Months,1/1/26,3/31/26,21791,City,"Cedar Glen Lakes, NJ",Cedar Glen Lakes,NJ,13,160,125000,-24.24,107,34,9,-35.71,26,4,13,116.67,113.39,-26.05
9/3/26,Rolling 3 Months,1/1/26,3/31/26,21792,City,"Cedar Glen West, NJ",Cedar Glen West,NJ,10,0,63700,-32.95,71,-22,20,100,39,25.81,11,-21.43,109.19,-3.62
9/3/26,Rolling 3 Months,1/1/26,3/31/26,37692,City,"Cedar Knolls, NJ",Cedar Knolls,NJ,3,0,531000,-24.25,21,1,7,133.33,9,80,6,200,394.92,19.69
9/3/26,Rolling 3 Months,1/1/26,3/31/26,21810,City,"Cedarville, NJ",Cedarville,NJ,1,-66.67,250000,23.46,14,-41,2,-60,6,-25,3,0,110.64,-23.91
9/3/26,Rolling 3 Months,1/1/26,3/31/26,37303,City,"Centre Grove, NJ",Centre Grove,NJ,5,NA,360000,NA,78,NA,7,16.67,12,33.33,6,50,226.53,18.23
9/3/26,Rolling 3 Months,1/1/26,3/31/26,3129,City,"Chatham, NJ",Chatham,NJ,16,0,1255000,31.41,10,-4,25,-7.41,29,-3.33,18,-21.74,650.33,10.19
9/3/26,Rolling 3 Months,1/1/26,3/31/26,21871,City,"Cherry Hill Mall, NJ",Cherry Hill Mall,NJ,40,17.65,349000,-14.88,51,21,48,6.67,78,27.87,44,4.76,246.34,10.58
9/3/26,Rolling 3 Months,1/1/26,3/31/26,3267,City,"Chesilhurst, NJ",Chesilhurst,NJ,NA,NA,NA,NA,NA,NA,3,-40,5,-44.44,4,-20,321.88,93.75
9/3/26,Rolling 3 Months,1/1/26,3/31/26,3274,City,"Chester, NJ",Chester,NJ,4,0,730000,8.15,35,-11,4,0,7,16.67,3,-25,370.37,21.71
9/3/26,Rolling 3 Months,1/1/26,3/31/26,3482,City,"Clayton, NJ",Clayton,NJ,20,-20,350000,18.64,68,24,25,0,44,-20,26,-13.33,210.4,1.52
9/3/26,Rolling 3 Months,1/1/26,3/31/26,21940,City,"Clearbrook Park, NJ",Clearbrook Park,NJ,27,3.85,383900,12.94,85,-1,43,-12.24,86,6.17,36,9.09,287.27,4.09
9/3/26,Rolling 3 Months,1/1/26,3/31/26,37747,City,"Clearbrook, NJ",Clearbrook,NJ,27,3.85,383900,12.94,85,-1,43,-12.24,86,6.17,36,9.09,287.27,4.09
9/3/26,Rolling 3 Months,1/1/26,3/31/26,3500,City,"Clementon, NJ",Clementon,NJ,19,137.5,226000,-15.36,38,-3,34,70,55,96.43,25,92.31,193.06,-5.83
9/3/26,Rolling 3 Months,1/1/26,3/31/26,3533,City,"Cliffside Park, NJ",Cliffside Park,NJ,47,-9.62,556000,-27.56,86,-8,80,-8.05,151,-1.95,65,-15.58,435.55,-10.52
9/3/26,Rolling 3 Months,1/1/26,3/31/26,21964,City,"Cliffwood Beach, NJ",Cliffwood Beach,NJ,8,14.29,489000,-2.2,26,-11,12,20,19,26.67,10,0,368,-6.06
9/3/26,Rolling 3 Months,1/1/26,3/31/26,3564,City,"Clifton, NJ",Clifton,NJ,121,13.08,610000,5.01,61,5,159,0.63,259,10.68,130,-6.47,400.38,10.17
9/3/26,Rolling 3 Months,1/1/26,3/31/26,3570,City,"Clinton, NJ",Clinton,NJ,2,-71.43,585000,-6.77,65,37,6,0,9,0,3,-25,383.3,43.54
9/3/26,Rolling 3 Months,1/1/26,3/31/26,3589,City,"Closter, NJ",Closter,NJ,10,-41.18,1110000,-36.57,101,11,26,62.5,48,17.07,20,53.85,583.45,-1.05
9/3/26,Rolling 3 Months,1/1/26,3/31/26,32077,City,"Clyde, NJ",Clyde,NJ,1,NA,750000,NA,109,NA,NA,NA,NA,NA,NA,NA,NA,NA
9/3/26,Rolling 3 Months,1/1/26,3/31/26,22003,City,"Collings Lakes, NJ",Collings Lakes,NJ,5,-16.67,325000,54.76,20,-69,10,100,12,20,9,50,243.45,0.22
9/3/26,Rolling 3 Months,1/1/26,3/31/26,3715,City,"Collingswood, NJ",Collingswood,NJ,35,40,455000,21.33,51,32,26,-35,55,7.84,35,12.9,292.18,10.27
9/3/26,Rolling 3 Months,1/1/26,3/31/26,36977,City,"Cologne, NJ",Cologne,NJ,2,NA,312500,NA,34,NA,3,200,6,200,4,300,218.1,40.21
9/3/26,Rolling 3 Months,1/1/26,3/31/26,22015,City,"Colonia, NJ",Colonia,NJ,17,-41.38,660000,11.3,105,44,45,25,68,-1.45,37,15.63,376.26,-3.91
9/3/26,Rolling 3 Months,1/1/26,3/31/26,32112,City,"Columbia, NJ",Columbia,NJ,1,0,320000,12.28,94,51,1,NA,2,NA,1,NA,NA,NA
9/3/26,Rolling 3 Months,1/1/26,3/31/26,22035,City,"Concordia, NJ",Concordia,NJ,20,17.65,403750,13.76,70,-17,36,-14.29,62,-7.46,21,-36.36,271.86,-1.27
9/3/26,Rolling 3 Months,1/1/26,3/31/26,37834,City,"Connecticut Farms, NJ",Connecticut Farms,NJ,NA,NA,NA,NA,NA,NA,2,100,3,0,2,100,382.15,NA
9/3/26,Rolling 3 Months,1/1/26,3/31/26,37341,City,"Cookstown, NJ",Cookstown,NJ,NA,NA,NA,NA,NA,NA,3,50,3,50,1,NA,176.04,-31.47
9/3/26,Rolling 3 Months,1/1/26,3/31/26,3920,City,"Corbin City, NJ",Corbin City,NJ,2,NA,437500,NA,228,NA,2,100,6,500,2,NA,277.61,20.26
9/3/26,Rolling 3 Months,1/1/26,3/31/26,22068,City,"Country Lake Estates, NJ",Country Lake Estates,NJ,13,-7.14,398500,22.15,33,-6,22,83.33,26,23.81,15,36.36,221.43,-13.52
9/3/26,Rolling 3 Months,1/1/26,3/31/26,22091,City,"Cranbury, NJ",Cranbury,NJ,1,-75,565000,-47.25,252,113,7,16.67,12,20,5,66.67,357.47,3.43
9/3/26,Rolling 3 Months,1/1/26,3/31/26,22095,City,"Crandon Lakes, NJ",Crandon Lakes,NJ,4,300,447000,5.18,63,46,5,150,9,125,6,100,235.62,-13.34
9/3/26,Rolling 3 Months,1/1/26,3/31/26,37655,City,"Cranford, NJ",Cranford,NJ,6,200,457500,-1.08,36,20,3,0,5,66.67,4,100,NA,NA
9/3/26,Rolling 3 Months,1/1/26,3/31/26,37831,City,"Cream Ridge, NJ",Cream Ridge,NJ,2,0,870000,0.58,165,129,1,NA,2,-33.33,1,-50,327.26,NA
9/3/26,Rolling 3 Months,1/1/26,3/31/26,4098,City,"Cresskill, NJ",Cresskill,NJ,17,13.33,967000,-35.49,92,-7,28,7.69,52,-1.89,18,-37.93,502.03,5.81
9/3/26,Rolling 3 Months,1/1/26,3/31/26,22109,City,"Crestwood Village, NJ",Crestwood Village,NJ,61,-11.59,140000,-6.67,48,6,85,-15.84,177,9.26,74,2.78,165.99,-6.96
9/3/26,Rolling 3 Months,1/1/26,3/31/26,37161,City,"Crosswicks, NJ",Crosswicks,NJ,5,66.67,357500,-3.38,31,-8,4,100,6,20,4,33.33,211.49,35.26
9/3/26,Rolling 3 Months,1/1/26,3/31/26,37234,City,"Cumberland-Hesstown, NJ",Cumberland-Hesstown,NJ,1,NA,385000,NA,123,NA,NA,NA,1,0,1,0,NA,NA
9/3/26,Rolling 3 Months,1/1/26,3/31/26,22158,City,"Dayton, NJ",Dayton,NJ,11,57.14,540000,-12.9,88,39,16,-11.11,31,3.33,18,-14.29,346.37,-0.77
9/3/26,Rolling 3 Months,1/1/26,3/31/26,4348,City,"Deal, NJ",Deal,NJ,NA,NA,NA,NA,NA,NA,2,-33.33,8,0,NA,NA,1840.56,89.59
9/3/26,Rolling 3 Months,1/1/26,3/31/26,37819,City,"Deans, NJ",Deans,NJ,1,0,975000,59.55,65,-6,4,0,5,0,3,200,404.62,-9.4
9/3/26,Rolling 3 Months,1/1/26,3/31/26,32232,City,"Delaware Park, NJ",Delaware Park,NJ,2,100,337500,-3.57,13,3,4,0,5,0,1,-66.67,211.86,-11.19
9/3/26,Rolling 3 Months,1/1/26,3/31/26,32226,City,"Delaware, NJ",Delaware,NJ,1,NA,320000,NA,33,NA,NA,NA,1,0,1,0,NA,NA
9/3/26,Rolling 3 Months,1/1/26,3/31/26,37370,City,"Delmont, NJ",Delmont,NJ,NA,NA,NA,NA,NA,NA,NA,NA,1,0,NA,NA,NA,NA
9/3/26,Rolling 3 Months,1/1/26,3/31/26,4548,City,"Demarest, NJ",Demarest,NJ,11,-15.38,1775000,-7.79,94,-24,20,0,38,-17.39,10,-44.44,626.91,15.37
9/3/26,Rolling 3 Months,1/1/26,3/31/26,37035,City,"Dennisville, NJ",Dennisville,NJ,2,100,407500,126.39,62,-56,1,-66.67,1,-80,NA,NA,NA,NA
9/3/26,Rolling 3 Months,1/1/26,3/31/26,22215,City,"Diamond Beach, NJ",Diamond Beach,NJ,3,-40,1125000,50.02,55,-10,5,-50,11,-35.29,5,66.67,608.69,-8.94
9/3/26,Rolling 3 Months,1/1/26,3/31/26,36953,City,"Dividing Creek, NJ",Dividing Creek,NJ,2,100,121500,-37.69,47,-10,3,-25,8,100,2,100,215.32,37.85
9/3/26,Rolling 3 Months,1/1/26,3/31/26,37045,City,"Dorchester, NJ",Dorchester,NJ,NA,NA,NA,NA,NA,NA,NA,NA,1,-66.67,NA,NA,NA,NA
9/3/26,Rolling 3 Months,1/1/26,3/31/26,37258,City,"Dorothy, NJ",Dorothy,NJ,2,NA,277500,NA,137,NA,2,0,4,-20,1,-80,191.31,31.97
9/3/26,Rolling 3 Months,1/1/26,3/31/26,22238,City,"Dover Beaches North, NJ",Dover Beaches North,NJ,13,-48,765000,-6.71,40,19,24,-40,35,-33.96,17,-46.88,953.85,3.58
9/3/26,Rolling 3 Months,1/1/26,3/31/26,22240,City,"Dover Beaches South, NJ",Dover Beaches South,NJ,8,-20,857500,25.27,31,-25,24,-14.29,34,-5.56,14,-26.32,729.14,3.2
9/3/26,Rolling 3 Months,1/1/26,3/31/26,4682,City,"Dover, NJ",Dover,NJ,16,6.67,453500,-9.3,28,-15,21,0,31,14.81,17,6.25,341.26,19.31
9/3/26,Rolling 3 Months,1/1/26,3/31/26,4760,City,"Dumont, NJ",Dumont,NJ,18,28.57,662500,16.23,77,9,27,-15.63,43,-10.42,26,-18.75,409.89,3.6
9/3/26,Rolling 3 Months,1/1/26,3/31/26,4785,City,"Dunellen, NJ",Dunellen,NJ,19,46.15,510000,8.51,76,9,20,42.86,34,6.25,23,91.67,319.44,0.12
9/3/26,Rolling 3 Months,1/1/26,3/31/26,36935,City,"Dutch Neck, NJ",Dutch Neck,NJ,NA,NA,NA,NA,NA,NA,2,100,2,100,1,0,118.17,-43.98
9/3/26,Rolling 3 Months,1/1/26,3/31/26,32320,City,"East Franklin, NJ",East Franklin,NJ,10,-28.57,460000,6.36,46,10,9,-35.71,17,-5.56,9,-35.71,338.72,8.76
9/3/26,Rolling 3 Months,1/1/26,3/31/26,22309,City,"East Freehold, NJ",East Freehold,NJ,11,10,750000,4.68,34,7,11,-35.29,14,-33.33,11,22.22,349.19,6.56
9/3/26,Rolling 3 Months,1/1/26,3/31/26,32334,City,"East Millstone, NJ",East Millstone,NJ,2,100,1105000,198.65,48,-233,NA,NA,3,-40,1,-66.67,NA,NA
9/3/26,Rolling 3 Months,1/1/26,3/31/26,4996,City,"East Newark, NJ",East Newark,NJ,1,-50,660000,-18.52,64,-9,2,0,3,-40,NA,NA,316.89,3.71
9/3/26,Rolling 3 Months,1/1/26,3/31/26,5001,City,"East Orange, NJ",East Orange,NJ,76,-12.64,577500,11.06,78,10,108,-2.7,235,11.9,89,-26.45,244.55,0.46
9/3/26,Rolling 3 Months,1/1/26,3/31/26,32338,City,"East Rocky Hill, NJ",East Rocky Hill,NJ,2,-50,897500,116.53,205,176,1,-50,3,0,2,100,183.82,-42.96
9/3/26,Rolling 3 Months,1/1/26,3/31/26,5036,City,"East Rutherford, NJ",East Rutherford,NJ,4,-50,737500,45.32,50,-1,13,-7.14,14,-26.32,7,-30,385.06,-4.78
9/3/26,Rolling 3 Months,1/1/26,3/31/26,37238,City,"East Vineland, NJ",East Vineland,NJ,2,100,168750,144.57,117,-21,5,150,10,150,5,150,153.23,13.8
9/3/26,Rolling 3 Months,1/1/26,3/31/26,5113,City,"Eatontown, NJ",Eatontown,NJ,25,31.58,610000,24.49,28,-33,45,21.62,64,12.28,23,-11.54,403.35,-6.9
9/3/26,Rolling 3 Months,1/1/26,3/31/26,22363,City,"Echelon, NJ",Echelon,NJ,24,4.35,222500,-6.9,40,10,25,-24.24,41,-8.89,24,-27.27,232.41,-0.51
9/3/26,Rolling 3 Months,1/1/26,3/31/26,5164,City,"Edgewater, NJ",Edgewater,NJ,38,18.75,702500,10.41,99,0,71,1.43,152,13.43,48,9.09,559.31,6.13
9/3/26,Rolling 3 Months,1/1/26,3/31/26,35780,City,"Edison, NJ",Edison,NJ,123,-6.11,550000,-7.72,75,-4,202,8.6,356,10.56,147,-8.13,386.85,2.11
9/3/26,Rolling 3 Months,1/1/26,3/31/26,5265,City,"Egg Harbor City, NJ",Egg Harbor City,NJ,10,66.67,257500,6.19,74,43,19,111.11,32,88.24,15,36.36,210.31,-2.01
9/3/26,Rolling 3 Months,1/1/26,3/31/26,5417,City,"Elizabeth, NJ",Elizabeth,NJ,95,-18.1,647500,-0.38,52,4,213,35.67,308,25.71,117,-6.4,317.87,3.58
9/3/26,Rolling 3 Months,1/1/26,3/31/26,31169,City,"Ellisburg, NJ",Ellisburg,NJ,9,28.57,503000,79.64,27,-1,15,66.67,19,90,15,66.67,252.1,14.81
9/3/26,Rolling 3 Months,1/1/26,3/31/26,5477,City,"Elmer, NJ",Elmer,NJ,3,-25,290000,-7.2,63,39,1,-66.67,10,25,4,0,207.33,43.41
9/3/26,Rolling 3 Months,1/1/26,3/31/26,5497,City,"Elmwood Park, NJ",Elmwood Park,NJ,21,-8.7,625000,19.05,64,-13,40,60,64,56.1,28,40,395.69,5.47
9/3/26,Rolling 3 Months,1/1/26,3/31/26,31170,City,"Elwood, NJ",Elwood,NJ,1,-83.33,333500,13.13,53,-40,3,-40,4,-55.56,1,-80,227.27,-9.06
9/3/26,Rolling 3 Months,1/1/26,3/31/26,5543,City,"Emerson, NJ",Emerson,NJ,9,200,887500,35.5,64,10,10,25,19,111.11,12,100,435.41,24.21
9/3/26,Rolling 3 Months,1/1/26,3/31/26,37594,City,"Encore at Monroe, NJ",Encore at Monroe,NJ,2,100,672000,13.9,102,-19,4,33.33,6,50,3,50,268.14,-0.59
9/3/26,Rolling 3 Months,1/1/26,3/31/26,5552,City,"Englewood Cliffs, NJ",Englewood Cliffs,NJ,6,-14.29,1461944,-13.44,150,72,13,0,31,-16.22,9,-35.71,615.26,22.18
9/3/26,Rolling 3 Months,1/1/26,3/31/26,5544,City,"Englewood, NJ",Englewood,NJ,27,-42.55,630000,-10.64,102,12,69,13.11,129,4.88,42,-32.26,461.95,16.8
9/3/26,Rolling 3 Months,1/1/26,3/31/26,37252,City,"English Creek, NJ",English Creek,NJ,8,166.67,607450,-19.01,67,19,10,25,17,54.55,9,200,239.62,12.81
9/3/26,Rolling 3 Months,1/1/26,3/31/26,5564,City,"Englishtown, NJ",Englishtown,NJ,8,166.67,465000,13.41,18,1,11,83.33,16,100,13,550,291.4,-19.97
9/3/26,Rolling 3 Months,1/1/26,3/31/26,22474,City,"Erma, NJ",Erma,NJ,5,25,540000,19.01,58,-26,3,-50,12,9.09,6,50,290.49,-0.53
9/3/26,Rolling 3 Months,1/1/26,3/31/26,5632,City,"Essex Fells, NJ",Essex Fells,NJ,4,100,1490000,30.7,62,19,6,50,10,0,4,-50,517.44,-6.89
9/3/26,Rolling 3 Months,1/1/26,3/31/26,5639,City,"Estell Manor, NJ",Estell Manor,NJ,2,-33.33,592000,12.76,160,131,3,-40,7,16.67,3,-40,320.32,43.41
9/3/26,Rolling 3 Months,1/1/26,3/31/26,22514,City,"Ewing, NJ",Ewing,NJ,80,9.59,385000,4.05,56,3,96,-4,173,10.19,87,-8.42,248.46,2.19
9/3/26,Rolling 3 Months,1/1/26,3/31/26,5775,City,"Fair Haven, NJ",Fair Haven,NJ,13,44.44,1460000,4.29,15,-1,9,-50,14,-39.13,12,-25,730.6,11.22
9/3/26,Rolling 3 Months,1/1/26,3/31/26,5779,City,"Fair Lawn, NJ",Fair Lawn,NJ,45,-10,680000,-0.29,72,-5,70,27.27,119,32.22,54,1.89,421.56,3.36
9/3/26,Rolling 3 Months,1/1/26,3/31/26,22546,City,"Fairton, NJ",Fairton,NJ,2,-50,116000,0.87,47,-12,4,300,12,140,4,100,121.08,-55.77
9/3/26,Rolling 3 Months,1/1/26,3/31/26,5804,City,"Fairview, NJ",Fairview,NJ,15,36.36,625000,-3.85,85,24,17,41.67,47,95.83,16,33.33,386.76,-2.44
9/3/26,Rolling 3 Months,1/1/26,3/31/26,22563,City,"Fairview, NJ",Fairview,NJ,6,-40,802500,17.15,27,-24,4,-60,6,-57.14,3,-70,392.76,-15.27
9/3/26,Rolling 3 Months,1/1/26,3/31/26,5889,City,"Fanwood, NJ",Fanwood,NJ,16,6.67,787500,-5.69,16,-2,23,9.52,32,39.13,20,5.26,419.52,0.04
9/3/26,Rolling 3 Months,1/1/26,3/31/26,5899,City,"Far Hills, NJ",Far Hills,NJ,3,-50,889000,-13.27,111,60,4,0,8,0,7,75,397.34,-5.95
9/3/26,Rolling 3 Months,1/1/26,3/31/26,5909,City,"Farmingdale, NJ",Farmingdale,NJ,1,-75,354637,-40.69,29,-64,2,100,4,0,1,-50,426.25,44.61
9/3/26,Rolling 3 Months,1/1/26,3/31/26,6000,City,"Fieldsboro, NJ",Fieldsboro,NJ,1,0,305000,-15.28,19,3,5,NA,5,NA,2,NA,295.71,NA
9/3/26,Rolling 3 Months,1/1/26,3/31/26,32535,City,"Finderne, NJ",Finderne,NJ,9,28.57,544000,27.25,29,-13,7,-46.15,11,-38.89,7,-41.67,320.4,-13.18
9/3/26,Rolling 3 Months,1/1/26,3/31/26,32536,City,"Finesville, NJ",Finesville,NJ,1,NA,330000,NA,16,NA,2,100,2,100,NA,NA,363.8,76.91
9/3/26,Rolling 3 Months,1/1/26,3/31/26,37709,City,"Flagtown, NJ",Flagtown,NJ,2,NA,742500,NA,33,NA,NA,NA,NA,NA,NA,NA,NA,NA
9/3/26,Rolling 3 Months,1/1/26,3/31/26,37813,City,"Flanders, NJ",Flanders,NJ,15,25,615000,-19.61,18,-48,23,91.67,30,57.89,18,157.14,313.39,-3.81
9/3/26,Rolling 3 Months,1/1/26,3/31/26,6109,City,"Flemington, NJ",Flemington,NJ,4,-63.64,505000,4.12,37,-4,7,-46.15,11,-38.89,7,-22.22,294.12,3
9/3/26,Rolling 3 Months,1/1/26,3/31/26,31178,City,"Florence, NJ",Florence,NJ,20,-13.04,145450,-39.4,51,5,22,-12,47,14.63,22,-4.35,199,25.03
9/3/26,Rolling 3 Months,1/1/26,3/31/26,6151,City,"Florham Park, NJ",Florham Park,NJ,22,22.22,1037500,-1.19,31,16,20,-28.57,31,-13.89,19,-9.52,492.77,11.24
9/3/26,Rolling 3 Months,1/1/26,3/31/26,6154,City,"Folsom, NJ",Folsom,NJ,6,100,390950,18.47,66,10,10,233.33,16,77.78,13,160,257.55,10.95
9/3/26,Rolling 3 Months,1/1/26,3/31/26,22644,City,"Fords, NJ",Fords,NJ,25,25,550000,-1.35,86,32,22,-15.38,51,21.43,23,-20.69,377.33,-4.24
9/3/26,Rolling 3 Months,1/1/26,3/31/26,22650,City,"Forked River, NJ",Forked River,NJ,28,-3.45,540000,12.5,43,-13,29,-27.5,51,-29.17,28,-33.33,351.54,9.49
9/3/26,Rolling 3 Months,1/1/26,3/31/26,37618,City,"Forsgate, NJ",Forsgate,NJ,3,-25,685000,-10.63,212,170,4,-20,7,16.67,5,66.67,304,-10.58
9/3/26,Rolling 3 Months,1/1/26,3/31/26,6283,City,"Fort Lee, NJ",Fort Lee,NJ,120,-9.09,392500,-13.74,120,20,177,-0.56,386,9.66,133,-27.32,477.91,3.19
9/3/26,Rolling 3 Months,1/1/26,3/31/26,37063,City,"Fortescue, NJ",Fortescue,NJ,5,400,345000,360,113,-64,3,-25,5,-54.55,3,200,217.8,10.41
9/3/26,Rolling 3 Months,1/1/26,3/31/26,32629,City,"Franklin Center, NJ",Franklin Center,NJ,22,83.33,632500,14.49,42,12,19,-20.83,37,12.12,22,29.41,268.61,-2.47
9/3/26,Rolling 3 Months,1/1/26,3/31/26,6433,City,"Franklin Lakes, NJ",Franklin Lakes,NJ,21,75,2150000,8.61,119,-39,31,14.81,63,10.53,23,-4.17,419.79,-0.81
9/3/26,Rolling 3 Months,1/1/26,3/31/26,32634,City,"Franklin Park, NJ",Franklin Park,NJ,20,-23.08,447500,14.74,31,4,26,-25.71,37,-21.28,22,-40.54,317.63,2.13
9/3/26,Rolling 3 Months,1/1/26,3/31/26,6420,City,"Franklin, NJ",Franklin,NJ,8,-38.46,304500,-5.43,44,22,14,-17.65,22,-15.38,8,-46.67,229.36,-11.37
9/3/26,Rolling 3 Months,1/1/26,3/31/26,37287,City,"Franklinville, NJ",Franklinville,NJ,7,-22.22,332000,7.69,55,20,9,125,16,45.45,8,-20,209.17,-6.53
9/3/26,Rolling 3 Months,1/1/26,3/31/26,6496,City,"Freehold, NJ",Freehold,NJ,32,28,515995,14.67,33,5,27,-27.03,47,-4.08,24,-20,338.98,3.71
9/3/26,Rolling 3 Months,1/1/26,3/31/26,6526,City,"Frenchtown, NJ",Frenchtown,NJ,2,-71.43,550000,20.88,65,27,2,0,5,0,2,-33.33,120.59,-50.74
9/3/26,Rolling 3 Months,1/1/26,3/31/26,37157,City,"Gandys Beach, NJ",Gandys Beach,NJ,NA,NA,NA,NA,NA,NA,NA,NA,1,-66.67,NA,NA,NA,NA
9/3/26,Rolling 3 Months,1/1/26,3/31/26,6627,City,"Garfield, NJ",Garfield,NJ,27,-10,605000,-2.42,103,39,38,-35.59,82,-10.87,34,-44.26,360.95,-1.18
9/3/26,Rolling 3 Months,1/1/26,3/31/26,6634,City,"Garwood, NJ",Garwood,NJ,11,120,700000,16.67,21,-47,13,30,17,21.43,9,0,390.76,9.59
9/3/26,Rolling 3 Months,1/1/26,3/31/26,37098,City,"Germania, NJ",Germania,NJ,NA,NA,NA,NA,NA,NA,NA,NA,1,NA,NA,NA,NA,NA
9/3/26,Rolling 3 Months,1/1/26,3/31/26,6684,City,"Gibbsboro, NJ",Gibbsboro,NJ,7,16.67,499990,34.23,34,9,27,285.71,34,209.09,18,125,233.9,12.83
9/3/26,Rolling 3 Months,1/1/26,3/31/26,22792,City,"Gibbstown, NJ",Gibbstown,NJ,9,-10,365000,22.28,20,-5,8,-61.9,11,-54.17,7,-56.25,207.12,7.35
9/3/26,Rolling 3 Months,1/1/26,3/31/26,37659,City,"Gillette, NJ",Gillette,NJ,6,200,768007,105.62,18,2,6,-40,11,0,6,0,336.77,-10.64
9/3/26,Rolling 3 Months,1/1/26,3/31/26,6749,City,"Glassboro, NJ",Glassboro,NJ,41,-41.43,385000,2.67,39,2,39,-30.36,62,-31.87,42,-26.32,219.59,-1.59
9/3/26,Rolling 3 Months,1/1/26,3/31/26,6798,City,"Glen Gardner, NJ",Glen Gardner,NJ,5,-50,355000,31.73,36,-8,9,-47.06,15,-34.78,6,-50,222.35,-7.5
9/3/26,Rolling 3 Months,1/1/26,3/31/26,6809,City,"Glen Ridge, NJ",Glen Ridge,NJ,12,-25,1693000,101.19,18,-30,24,-17.24,28,-17.65,20,-13.04,507.26,11.06
9/3/26,Rolling 3 Months,1/1/26,3/31/26,6818,City,"Glen Rock, NJ",Glen Rock,NJ,22,46.67,1020000,-1.92,69,25,35,40,51,45.71,34,47.83,480.63,-4.96
9/3/26,Rolling 3 Months,1/1/26,3/31/26,22825,City,"Glendora, NJ",Glendora,NJ,14,75,325000,-2.99,75,39,18,12.5,31,10.71,18,38.46,226.07,-0.07
9/3/26,Rolling 3 Months,1/1/26,3/31/26,6854,City,"Gloucester City, NJ",Gloucester City,NJ,26,-16.13,235000,2.17,40,12,41,-6.82,81,22.73,39,11.43,190.95,9.61
9/3/26,Rolling 3 Months,1/1/26,3/31/26,22855,City,"Golden Triangle, NJ",Golden Triangle,NJ,16,-15.79,361000,-14.05,22,-1,21,-16,33,-13.16,22,0,258.1,-0.93
9/3/26,Rolling 3 Months,1/1/26,3/31/26,37050,City,"Goshen, NJ",Goshen,NJ,NA,NA,NA,NA,NA,NA,NA,NA,1,-50,NA,NA,NA,NA
9/3/26,Rolling 3 Months,1/1/26,3/31/26,37318,City,"Gouldtown, NJ",Gouldtown,NJ,4,300,268500,53.43,260,214,1,-83.33,4,-55.56,2,0,104.07,-44.36
9/3/26,Rolling 3 Months,1/1/26,3/31/26,31188,City,"Great Meadows, NJ",Great Meadows,NJ,NA,NA,NA,NA,NA,NA,1,NA,1,NA,NA,NA,219.19,NA
9/3/26,Rolling 3 Months,1/1/26,3/31/26,37568,City,"Great Notch, NJ",Great Notch,NJ,4,-20,604425,-18.32,65,49,10,233.33,13,160,10,150,334.03,-4.23
9/3/26,Rolling 3 Months,1/1/26,3/31/26,32764,City,"Green Knoll, NJ",Green Knoll,NJ,10,-23.08,745000,6.43,21,-6,9,-47.06,10,-52.38,7,-50,423.64,14.55
9/3/26,Rolling 3 Months,1/1/26,3/31/26,37809,City,"Green Village, NJ",Green Village,NJ,NA,NA,NA,NA,NA,NA,3,50,3,50,1,NA,375.92,-26.56
9/3/26,Rolling 3 Months,1/1/26,3/31/26,22933,City,"Greentree, NJ",Greentree,NJ,15,15.38,530000,-3.64,38,-5,24,-14.29,33,-10.81,22,-18.52,240.46,3.48
9/3/26,Rolling 3 Months,1/1/26,3/31/26,32785,City,"Greenwich, NJ",Greenwich,NJ,4,-55.56,546000,10.3,19,-61,5,-28.57,8,-20,6,0,241.88,6.56
9/3/26,Rolling 3 Months,1/1/26,3/31/26,37024,City,"Greenwich, NJ",Greenwich,NJ,NA,NA,NA,NA,NA,NA,NA,NA,NA,NA,1,-50,NA,NA
9/3/26,Rolling 3 Months,1/1/26,3/31/26,37366,City,"Grenloch, NJ",Grenloch,NJ,1,-50,360000,12.22,16,-40,NA,NA,1,-80,1,-66.67,NA,NA
9/3/26,Rolling 3 Months,1/1/26,3/31/26,32794,City,"Griggstown, NJ",Griggstown,NJ,4,NA,612500,NA,20,NA,3,0,4,33.33,2,NA,267.92,-10.35
9/3/26,Rolling 3 Months,1/1/26,3/31/26,31193,City,"Groveville, NJ",Groveville,NJ,6,200,537500,-2.01,73,10,2,-33.33,9,50,6,100,250.49,7.22
9/3/26,Rolling 3 Months,1/1/26,3/31/26,7302,City,"Guttenberg, NJ",Guttenberg,NJ,30,25,326500,-8.67,132,89,43,-20.37,78,-19.59,28,16.67,398.82,13.54
9/3/26,Rolling 3 Months,1/1/26,3/31/26,7312,City,"Hackensack, NJ",Hackensack,NJ,56,-9.68,432500,16.26,99,3,98,27.27,179,16.99,89,-7.29,381.45,10.29
9/3/26,Rolling 3 Months,1/1/26,3/31/26,7319,City,"Hackettstown, NJ",Hackettstown,NJ,17,0,465000,14.81,20,-1,22,-26.67,32,-5.88,20,11.11,297.73,7.65
9/3/26,Rolling 3 Months,1/1/26,3/31/26,7341,City,"Haddon Heights, NJ",Haddon Heights,NJ,9,-55,530000,9.28,35,12,10,-44.44,20,-23.08,8,-57.89,255.2,-14.47
9/3/26,Rolling 3 Months,1/1/26,3/31/26,7331,City,"Haddonfield, NJ",Haddonfield,NJ,32,52.38,862000,-16.71,42,29,48,26.32,62,31.91,38,11.76,381.77,-7.52
9/3/26,Rolling 3 Months,1/1/26,3/31/26,32814,City,"Hainesburg, NJ",Hainesburg,NJ,NA,NA,NA,NA,NA,NA,1,0,2,100,1,NA,262.24,316.75
9/3/26,Rolling 3 Months,1/1/26,3/31/26,7405,City,"Haledon, NJ",Haledon,NJ,6,-45.45,475000,-28.03,45,-11,17,30.77,24,0,13,-7.14,402.19,21.26
9/3/26,Rolling 3 Months,1/1/26,3/31/26,7453,City,"Hamburg, NJ",Hamburg,NJ,14,16.67,392500,11.74,41,18,23,-8,32,3.23,20,11.11,238.75,-3.42
9/3/26,Rolling 3 Months,1/1/26,3/31/26,31196,City,"Hamilton Square, NJ",Hamilton Square,NJ,21,16.67,490000,-0.61,62,19,23,4.55,42,10.53,27,42.11,323.65,13.44
9/3/26,Rolling 3 Months,1/1/26,3/31/26,7499,City,"Hammonton, NJ",Hammonton,NJ,23,-20.69,424990,28.2,48,16,37,15.63,53,15.22,25,0,232.33,13.19
9/3/26,Rolling 3 Months,1/1/26,3/31/26,7508,City,"Hampton, NJ",Hampton,NJ,4,-20,427500,18.75,57,45,7,40,12,100,6,50,244.87,25.7
9/3/26,Rolling 3 Months,1/1/26,3/31/26,32848,City,"Hancocks Bridge, NJ",Hancocks Bridge,NJ,NA,NA,NA,NA,NA,NA,1,0,3,50,NA,NA,157.02,7.45
9/3/26,Rolling 3 Months,1/1/26,3/31/26,32870,City,"Harlingen, NJ",Harlingen,NJ,NA,NA,NA,NA,NA,NA,1,0,1,0,NA,NA,428.57,2.92
9/3/26,Rolling 3 Months,1/1/26,3/31/26,32876,City,"Harmony, NJ",Harmony,NJ,3,NA,329800,NA,91,NA,1,NA,4,300,3,200,381.42,NA
9/3/26,Rolling 3 Months,1/1/26,3/31/26,7687,City,"Harrington Park, NJ",Harrington Park,NJ,6,-14.29,1060000,6.04,66,3,12,-7.69,20,5.26,10,-9.09,346.86,-13.46
9/3/26,Rolling 3 Months,1/1/26,3/31/26,7704,City,"Harrison, NJ",Harrison,NJ,9,-18.18,448000,1.24,105,26,20,-20,33,-23.26,8,-55.56,342.75,-15.75
9/3/26,Rolling 3 Months,1/1/26,3/31/26,37107,City,"Harrisonville, NJ",Harrisonville,NJ,3,0,442000,76.8,103,2,NA,NA,3,50,2,0,NA,NA
9/3/26,Rolling 3 Months,1/1/26,3/31/26,7751,City,"Harvey Cedars, NJ",Harvey Cedars,NJ,6,20,2397000,-3.23,36,-32,9,12.5,16,-11.11,5,0,1291.67,17.83
9/3/26,Rolling 3 Months,1/1/26,3/31/26,7763,City,"Hasbrouck Heights, NJ",Hasbrouck Heights,NJ,10,-44.44,720000,3.23,85,2,15,-25,26,-23.53,9,-40,422.36,16.72
9/3/26,Rolling 3 Months,1/1/26,3/31/26,7800,City,"Haworth, NJ",Haworth,NJ,4,-50,1164510,-4.47,69,-21,4,-42.86,14,-26.32,6,-33.33,569.35,18.03
9/3/26,Rolling 3 Months,1/1/26,3/31/26,7806,City,"Hawthorne, NJ",Hawthorne,NJ,22,-26.67,650000,4,48,-23,50,61.29,68,23.64,38,0,394.33,13.11
9/3/26,Rolling 3 Months,1/1/26,3/31/26,23114,City,"Heathcote, NJ",Heathcote,NJ,12,-20,564500,-14.47,61,7,31,6.9,45,7.14,30,20,321.2,3.17
9/3/26,Rolling 3 Months,1/1/26,3/31/26,37177,City,"Heislerville, NJ",Heislerville,NJ,NA,NA,NA,NA,NA,NA,1,0,1,-50,NA,NA,135.87,-28.03
9/3/26,Rolling 3 Months,1/1/26,3/31/26,7886,City,"Helmetta, NJ",Helmetta,NJ,6,-14.29,512500,34.87,60,-2,16,45.45,24,50,9,12.5,304.67,1.39
9/3/26,Rolling 3 Months,1/1/26,3/31/26,37779,City,"Hewitt, NJ",Hewitt,NJ,4,-55.56,887500,90.86,34,-44,7,-12.5,14,27.27,2,-71.43,259.14,-35.76
9/3/26,Rolling 3 Months,1/1/26,3/31/26,37679,City,"Hibernia, NJ",Hibernia,NJ,NA,NA,NA,NA,NA,NA,NA,NA,NA,NA,1,NA,NA,NA
9/3/26,Rolling 3 Months,1/1/26,3/31/26,8009,City,"High Bridge, NJ",High Bridge,NJ,7,-46.15,485000,14.12,21,7,17,0,22,15.79,12,-14.29,313.68,13.56
9/3/26,Rolling 3 Months,1/1/26,3/31/26,23160,City,"Highland Lake, NJ",Highland Lake,NJ,23,53.33,341000,18.61,43,-7,29,107.14,49,96,22,83.33,272.92,5.35
9/3/26,Rolling 3 Months,1/1/26,3/31/26,35875,City,"Highland Lakes, NJ",Highland Lakes,NJ,25,78.57,341000,20.58,45,-6,30,130.77,52,116.67,24,84.62,268.32,-0.8
9/3/26,Rolling 3 Months,1/1/26,3/31/26,8051,City,"Highland Park, NJ",Highland Park,NJ,16,-30.43,587500,9.3,73,-37,21,10.53,40,-6.98,13,-18.75,362.36,16.89
9/3/26,Rolling 3 Months,1/1/26,3/31/26,8059,City,"Highlands, NJ",Highlands,NJ,14,-22.22,535000,1.91,16,-1,29,0,40,-16.67,20,-4.76,480.46,0.61
9/3/26,Rolling 3 Months,1/1/26,3/31/26,8084,City,"Hightstown, NJ",Hightstown,NJ,16,77.78,462500,30.03,76,-3,13,-18.75,25,4.17,18,50,262.21,-13.99
9/3/26,Rolling 3 Months,1/1/26,3/31/26,8229,City,"Highway-Nella, NJ",Highway-Nella,NJ,1,NA,227850,NA,9,NA,2,100,3,200,1,NA,200.32,-14.66
9/3/26,Rolling 3 Months,1/1/26,3/31/26,37767,City,"Hillsborough, NJ",Hillsborough,NJ,48,-11.11,430000,-0.09,34,8,60,1.69,84,10.53,50,-1.96,321.53,0.66
9/3/26,Rolling 3 Months,1/1/26,3/31/26,8153,City,"Hillsdale, NJ",Hillsdale,NJ,15,114.29,865000,22.64,70,-21,22,10,34,36,14,7.69,407.94,-2.86
9/3/26,Rolling 3 Months,1/1/26,3/31/26,8255,City,"Ho-Ho-Kus, NJ",Ho-Ho-Kus,NJ,8,-11.11,1044500,-9.65,93,47,16,6.67,25,31.58,9,-18.18,593.38,25.04
9/3/26,Rolling 3 Months,1/1/26,3/31/26,8238,City,"Hoboken, NJ",Hoboken,NJ,112,12,872625,0.3,39,4,180,-7.69,256,6.22,139,-4.14,978.09,13.86
9/3/26,Rolling 3 Months,1/1/26,3/31/26,23219,City,"Holiday City South, NJ",Holiday City South,NJ,25,-35.9,329000,-7.32,44,1,42,10.53,56,-13.85,27,-22.86,263.72,10.94
9/3/26,Rolling 3 Months,1/1/26,3/31/26,23218,City,"Holiday City-Berkeley, NJ",Holiday City-Berkeley,NJ,99,7.61,329900,4.73,47,2,128,2.4,226,8.13,107,-11.57,271.92,4.5
9/3/26,Rolling 3 Months,1/1/26,3/31/26,23220,City,"Holiday Heights, NJ",Holiday Heights,NJ,14,-6.67,380000,10.14,31,12,16,-23.81,32,14.29,19,11.76,271.56,10.24
9/3/26,Rolling 3 Months,1/1/26,3/31/26,8413,City,"Hopatcong, NJ",Hopatcong,NJ,40,-13.04,467500,12.11,50,23,62,3.33,91,4.6,51,-1.92,335.46,-5.34
9/3/26,Rolling 3 Months,1/1/26,3/31/26,37800,City,"Hopelawn, NJ",Hopelawn,NJ,3,-40,460000,0,64,-21,3,-57.14,8,-27.27,4,0,371.82,19.57
9/3/26,Rolling 3 Months,1/1/26,3/31/26,8474,City,"Hopewell, NJ",Hopewell,NJ,1,-66.67,405000,-37.68,117,11,3,-50,6,-25,2,-60,281.68,-19.02
9/3/26,Rolling 3 Months,1/1/26,3/31/26,8737,City,"Interlaken, NJ",Interlaken,NJ,NA,NA,NA,NA,NA,NA,4,100,4,33.33,2,-33.33,794.03,38.21
9/3/26,Rolling 3 Months,1/1/26,3/31/26,23338,City,"Iselin, NJ",Iselin,NJ,19,-32.14,501600,-8.38,90,13,33,-10.81,67,-2.9,30,15.38,442.39,-1.18
9/3/26,Rolling 3 Months,1/1/26,3/31/26,8813,City,"Island Heights, NJ",Island Heights,NJ,2,-77.78,435000,-43.14,24,-59,5,25,8,-33.33,4,0,424.07,-4.44
9/3/26,Rolling 3 Months,1/1/26,3/31/26,8884,City,"Jamesburg, NJ",Jamesburg,NJ,11,10,450000,-2.7,47,-35,18,63.64,28,55.56,18,38.46,316.46,1.28
9/3/26,Rolling 3 Months,1/1/26,3/31/26,9168,City,"Jersey City, NJ",Jersey City,NJ,431,-0.46,742500,6.71,60,-4,765,-4.26,1359,0.74,492,-8.38,557.99,-1.12
9/3/26,Rolling 3 Months,1/1/26,3/31/26,37375,City,"Jobstown, NJ",Jobstown,NJ,NA,NA,NA,NA,NA,NA,NA,NA,1,-50,NA,NA,NA,NA
9/3/26,Rolling 3 Months,1/1/26,3/31/26,33174,City,"Johnsonburg, NJ",Johnsonburg,NJ,1,NA,40000,NA,309,NA,NA,NA,NA,NA,NA,NA,NA,NA
9/3/26,Rolling 3 Months,1/1/26,3/31/26,33183,City,"Juliustown, NJ",Juliustown,NJ,NA,NA,NA,NA,NA,NA,2,100,3,0,3,0,352.35,24.6
9/3/26,Rolling 3 Months,1/1/26,3/31/26,9287,City,"Keansburg, NJ",Keansburg,NJ,28,27.27,376500,0.4,56,28,45,-13.46,71,-12.35,39,-7.14,303,-5.92
9/3/26,Rolling 3 Months,1/1/26,3/31/26,9295,City,"Kearny, NJ",Kearny,NJ,28,-12.5,605000,4.76,88,13,62,21.57,107,18.89,35,-37.5,360.53,10.83
9/3/26,Rolling 3 Months,1/1/26,3/31/26,37788,City,"Keasbey, NJ",Keasbey,NJ,NA,NA,NA,NA,NA,NA,4,33.33,5,0,2,0,369.12,43.66
9/3/26,Rolling 3 Months,1/1/26,3/31/26,23483,City,"Kendall Park, NJ",Kendall Park,NJ,10,0,667500,4.3,104,58,17,88.89,35,94.44,20,81.82,363.27,6.66
9/3/26,Rolling 3 Months,1/1/26,3/31/26,9341,City,"Kenilworth, NJ",Kenilworth,NJ,18,12.5,581250,-2.31,29,9,19,-5,31,19.23,21,31.25,416.67,14.5
9/3/26,Rolling 3 Months,1/1/26,3/31/26,31213,City,"Kenvil, NJ",Kenvil,NJ,5,66.67,650000,30,15,10,4,33.33,5,0,3,50,373.82,33.69
9/3/26,Rolling 3 Months,1/1/26,3/31/26,9369,City,"Keyport, NJ",Keyport,NJ,12,0,467500,-18.34,16,-8,21,5,26,0,13,-23.53,339.39,8.25
9/3/26,Rolling 3 Months,1/1/26,3/31/26,33218,City,"Kingston Estates, NJ",Kingston Estates,NJ,12,33.33,420000,16.67,58,14,21,133.33,29,52.63,14,40,230.79,3.51
9/3/26,Rolling 3 Months,1/1/26,3/31/26,33215,City,"Kingston, NJ",Kingston,NJ,NA,NA,NA,NA,NA,NA,3,-72.73,4,-66.67,2,-77.78,216.47,-28.99
9/3/26,Rolling 3 Months,1/1/26,3/31/26,9434,City,"Kinnelon, NJ",Kinnelon,NJ,20,25,961000,19.84,42,-74,18,20,34,9.68,16,-20,325.78,8.19
9/3/26,Rolling 3 Months,1/1/26,3/31/26,9530,City,"Lake Como, NJ",Lake Como,NJ,5,-44.44,845000,44.44,61,35,4,-50,7,-58.82,4,-66.67,842.01,25.32
9/3/26,Rolling 3 Months,1/1/26,3/31/26,37682,City,"Lake Hiawatha, NJ",Lake Hiawatha,NJ,16,-23.81,438340,-13.2,26,-7,15,-11.76,21,-8.7,16,-11.11,408.05,3.89
9/3/26,Rolling 3 Months,1/1/26,3/31/26,37827,City,"Lake Hopatcong, NJ",Lake Hopatcong,NJ,21,31.25,550000,18.92,35,-1,32,18.52,47,34.29,27,35,320.74,8.01
9/3/26,Rolling 3 Months,1/1/26,3/31/26,23576,City,"Lake Mohawk, NJ",Lake Mohawk,NJ,23,-17.86,485000,-0.41,49,4,31,-24.39,55,-19.12,29,-23.68,302.93,-1.86
9/3/26,Rolling 3 Months,1/1/26,3/31/26,23606,City,"Lake Telemark, NJ",Lake Telemark,NJ,1,-80,550000,2.8,14,-46,3,-25,3,-62.5,2,-60,422.3,20.81
9/3/26,Rolling 3 Months,1/1/26,3/31/26,9579,City,"Lakehurst, NJ",Lakehurst,NJ,8,33.33,320000,-5.74,30,-10,3,-40,7,-12.5,6,20,333.33,44.42
9/3/26,Rolling 3 Months,1/1/26,3/31/26,37208,City,"Lakeside-Beebe Run, NJ",Lakeside-Beebe Run,NJ,NA,NA,NA,NA,NA,NA,NA,NA,2,-50,1,-66.67,NA,NA
9/3/26,Rolling 3 Months,1/1/26,3/31/26,23620,City,"Lakewood, NJ",Lakewood,NJ,24,-29.41,487500,-1.02,42,-23,35,-25.53,74,-20.43,25,-24.24,363.38,-11.49
9/3/26,Rolling 3 Months,1/1/26,3/31/26,9794,City,"Lambertville, NJ",Lambertville,NJ,11,22.22,662500,28.67,47,9,12,-25,22,-26.67,13,0,408.67,48.03
9/3/26,Rolling 3 Months,1/1/26,3/31/26,37821,City,"Landing, NJ",Landing,NJ,13,0,502000,1.41,19,-8,12,-40,19,-17.39,13,-13.33,320.93,-12.72
9/3/26,Rolling 3 Months,1/1/26,3/31/26,36965,City,"Laurel Heights, NJ",Laurel Heights,NJ,1,NA,355000,NA,144,NA,NA,NA,3,-25,1,NA,NA,NA
9/3/26,Rolling 3 Months,1/1/26,3/31/26,23651,City,"Laurel Lake, NJ",Laurel Lake,NJ,11,22.22,180000,176.92,73,33,13,-56.67,29,-25.64,15,-21.05,181.33,-6.97
9/3/26,Rolling 3 Months,1/1/26,3/31/26,9954,City,"Laurel Springs, NJ",Laurel Springs,NJ,5,0,324900,-9.47,23,2,10,100,13,18.18,6,-25,206.48,10.23
9/3/26,Rolling 3 Months,1/1/26,3/31/26,23672,City,"Laurence Harbor, NJ",Laurence Harbor,NJ,23,35.29,505000,14.77,70,-10,24,41.18,48,41.18,20,-13.04,344.26,-4.16
9/3/26,Rolling 3 Months,1/1/26,3/31/26,10007,City,"Lavallette, NJ",Lavallette,NJ,10,-41.18,1750000,10.83,41,-17,9,-59.09,22,-40.54,12,-42.86,1049.11,1.83
9/3/26,Rolling 3 Months,1/1/26,3/31/26,10015,City,"Lawnside, NJ",Lawnside,NJ,6,-25,322500,-35.5,49,8,7,-30,11,-26.67,6,-25,192.58,17.8
9/3/26,Rolling 3 Months,1/1/26,3/31/26,23692,City,"Lawrenceville, NJ",Lawrenceville,NJ,12,200,382495,5.66,56,26,12,0,19,35.71,11,10,284.38,4.7
9/3/26,Rolling 3 Months,1/1/26,3/31/26,37628,City,"Layton, NJ",Layton,NJ,NA,NA,NA,NA,NA,NA,5,25,8,33.33,1,-50,196.43,6.21
9/3/26,Rolling 3 Months,1/1/26,3/31/26,10082,City,"Lebanon, NJ",Lebanon,NJ,9,50,380000,8.05,57,40,13,44.44,17,54.55,9,0,313.42,-4.66
9/3/26,Rolling 3 Months,1/1/26,3/31/26,37554,City,"Ledgewood, NJ",Ledgewood,NJ,8,-11.11,525000,31.25,26,4,15,-37.5,18,-28,15,-11.76,326.64,13.02
9/3/26,Rolling 3 Months,1/1/26,3/31/26,37352,City,"Leeds Point, NJ",Leeds Point,NJ,NA,NA,NA,NA,NA,NA,NA,NA,1,-50,1,NA,NA,NA
9/3/26,Rolling 3 Months,1/1/26,3/31/26,37388,City,"Leesburg, NJ",Leesburg,NJ,1,0,269520,-0.14,67,61,1,-50,5,150,1,-50,230.82,18.45
9/3/26,Rolling 3 Months,1/1/26,3/31/26,23721,City,"Leisure Knoll, NJ",Leisure Knoll,NJ,24,33.33,336250,1.89,68,-1,27,-3.57,47,4.44,31,24,239.21,1.3
9/3/26,Rolling 3 Months,1/1/26,3/31/26,23725,City,"Leisure Village East, NJ",Leisure Village East,NJ,32,0,257000,3.65,48,20,52,-10.34,84,9.09,35,-32.69,237.8,5.14
9/3/26,Rolling 3 Months,1/1/26,3/31/26,35637,City,"Leisure Village West, NJ",Leisure Village West,NJ,32,28,237500,-11.55,73,31,40,-21.57,75,-9.64,33,-28.26,208.57,-1.36
9/3/26,Rolling 3 Months,1/1/26,3/31/26,23724,City,"Leisure Village, NJ",Leisure Village,NJ,40,8.11,194500,10.64,49,2,56,9.8,109,32.93,44,7.32,195.32,-10.18
9/3/26,Rolling 3 Months,1/1/26,3/31/26,23723,City,"Leisuretowne, NJ",Leisuretowne,NJ,30,25,312500,0.16,95,36,41,13.89,65,16.07,35,0,245.45,3.37
9/3/26,Rolling 3 Months,1/1/26,3/31/26,23734,City,"Leonardo, NJ",Leonardo,NJ,5,-28.57,640000,6.58,58,31,4,-20,8,-11.11,3,-57.14,376.91,-3.61
9/3/26,Rolling 3 Months,1/1/26,3/31/26,10204,City,"Leonia, NJ",Leonia,NJ,14,40,750000,-0.66,111,45,18,5.88,31,10.71,10,-16.67,454.99,14.23
9/3/26,Rolling 3 Months,1/1/26,3/31/26,37816,City,"Liberty Corner, NJ",Liberty Corner,NJ,1,-50,2950000,191.5,22,-21,4,-20,4,-33.33,2,-33.33,445.54,24.66
9/3/26,Rolling 3 Months,1/1/26,3/31/26,10278,City,"Lincoln Park, NJ",Lincoln Park,NJ,22,-15.38,530000,4.13,45,6,30,7.14,42,-6.67,24,-22.58,337.57,3.16
9/3/26,Rolling 3 Months,1/1/26,3/31/26,23754,City,"Lincroft, NJ",Lincroft,NJ,4,-66.67,1127500,18.68,94,42,12,-45.45,12,-57.14,6,-62.5,423,7.86
9/3/26,Rolling 3 Months,1/1/26,3/31/26,10296,City,"Linden, NJ",Linden,NJ,61,0,545000,-3.54,34,-3,85,-7.61,146,6.57,68,4.62,504.21,7.88
9/3/26,Rolling 3 Months,1/1/26,3/31/26,10320,City,"Lindenwold, NJ",Lindenwold,NJ,27,-3.57,260000,8.33,43,10,37,-21.28,71,4.41,45,28.57,170.45,13.64
9/3/26,Rolling 3 Months,1/1/26,3/31/26,10335,City,"Linwood, NJ",Linwood,NJ,29,141.67,635000,51.19,94,-19,37,37.04,70,40,29,81.25,290.17,6
9/3/26,Rolling 3 Months,1/1/26,3/31/26,10381,City,"Little Ferry, NJ",Little Ferry,NJ,18,28.57,549967,9.01,70,-44,23,9.52,43,10.26,26,30,391.95,2.41
9/3/26,Rolling 3 Months,1/1/26,3/31/26,10402,City,"Little Silver, NJ",Little Silver,NJ,14,-17.65,1237500,46.97,15,-2,16,-15.79,23,4.55,12,-42.86,521.32,9.98
9/3/26,Rolling 3 Months,1/1/26,3/31/26,37168,City,"Llewellyn Park, NJ",Llewellyn Park,NJ,3,NA,1950000,NA,21,NA,3,50,5,25,6,200,235.4,-29.34
9/3/26,Rolling 3 Months,1/1/26,3/31/26,10458,City,"Loch Arbour, NJ",Loch Arbour,NJ,NA,NA,NA,NA,NA,NA,3,NA,5,NA,NA,NA,1070.95,NA
9/3/26,Rolling 3 Months,1/1/26,3/31/26,10469,City,"Lodi, NJ",Lodi,NJ,19,-20.83,670000,-5.3,64,-26,27,-6.9,47,-14.55,25,-30.56,415.33,15.08
9/3/26,Rolling 3 Months,1/1/26,3/31/26,10520,City,"Long Branch, NJ",Long Branch,NJ,52,26.83,815000,-2.98,47,-23,135,6.3,219,4.78,66,10,565.13,-11.45
9/3/26,Rolling 3 Months,1/1/26,3/31/26,23853,City,"Long Valley, NJ",Long Valley,NJ,3,0,705000,11.02,161,115,3,50,3,0,1,-50,309.21,215.6
9/3/26,Rolling 3 Months,1/1/26,3/31/26,10540,City,"Longport, NJ",Longport,NJ,5,-50,1300000,-27.27,147,39,14,-17.65,26,-29.73,7,0,1125.38,25.49
9/3/26,Rolling 3 Months,1/1/26,3/31/26,33475,City,"Lopatcong Overlook, NJ",Lopatcong Overlook,NJ,5,25,268000,-28.91,36,17,6,0,8,0,5,-28.57,251.62,0.36
9/3/26,Rolling 3 Months,1/1/26,3/31/26,37552,City,"Lower Berkshire Valley, NJ",Lower Berkshire Valley,NJ,NA,NA,NA,NA,NA,NA,3,0,4,0,1,-66.67,318.42,29.13
9/3/26,Rolling 3 Months,1/1/26,3/31/26,37740,City,"Lyons, NJ",Lyons,NJ,2,-66.67,910000,-9,61,41,8,-50,9,-47.06,6,-40,406.76,8.9
9/3/26,Rolling 3 Months,1/1/26,3/31/26,37608,City,"Macopin, NJ",Macopin,NJ,2,-33.33,314000,-23.41,95,-13,3,0,7,40,1,-75,366.25,37.78
9/3/26,Rolling 3 Months,1/1/26,3/31/26,23952,City,"Madison Park, NJ",Madison Park,NJ,3,0,495000,1.02,34,-27,3,50,5,25,4,300,442.15,5.23
9/3/26,Rolling 3 Months,1/1/26,3/31/26,10822,City,"Madison, NJ",Madison,NJ,48,2.13,880000,3.53,35,-1,59,7.27,89,7.23,55,7.84,489.97,21.55
9/3/26,Rolling 3 Months,1/1/26,3/31/26,10850,City,"Magnolia, NJ",Magnolia,NJ,16,100,307500,2.16,60,3,17,-10.53,25,-7.41,15,7.14,252.94,19.7
9/3/26,Rolling 3 Months,1/1/26,3/31/26,37282,City,"Malaga, NJ",Malaga,NJ,2,-66.67,281000,54.01,34,-29,9,200,13,30,1,-83.33,174.73,-36.83
9/3/26,Rolling 3 Months,1/1/26,3/31/26,23981,City,"Manahawkin, NJ",Manahawkin,NJ,10,-33.33,540000,20,15,-24,10,-52.38,16,-51.52,9,-59.09,202.78,-19.31
9/3/26,Rolling 3 Months,1/1/26,3/31/26,10954,City,"Manasquan, NJ",Manasquan,NJ,13,8.33,1810000,76.24,23,0,18,100,23,4.55,9,-18.18,1029.21,90.39
9/3/26,Rolling 3 Months,1/1/26,3/31/26,11049,City,"Mantoloking, NJ",Mantoloking,NJ,3,50,7000000,129.7,12,-103,12,140,15,66.67,3,200,1508.38,18.28
9/3/26,Rolling 3 Months,1/1/26,3/31/26,11106,City,"Manville, NJ",Manville,NJ,25,-10.71,470000,10.59,42,15,28,-6.67,44,0,20,-35.48,357.4,9.17
9/3/26,Rolling 3 Months,1/1/26,3/31/26,11173,City,"Margate City, NJ",Margate City,NJ,30,3.45,1077500,-10.21,117,9,75,5.63,151,7.86,38,2.7,735.67,7.79
9/3/26,Rolling 3 Months,1/1/26,3/31/26,33611,City,"Marksboro, NJ",Marksboro,NJ,NA,NA,NA,NA,NA,NA,NA,NA,1,NA,NA,NA,NA,NA
9/3/26,Rolling 3 Months,1/1/26,3/31/26,37001,City,"Marlboro, NJ",Marlboro,NJ,1,0,30000,-91.04,34,29,NA,NA,1,0,1,0,NA,NA
9/3/26,Rolling 3 Months,1/1/26,3/31/26,24052,City,"Marlton, NJ",Marlton,NJ,14,-39.13,371500,-11.76,36,9,21,-32.26,31,-20.51,20,-33.33,274.26,9.38
9/3/26,Rolling 3 Months,1/1/26,3/31/26,37075,City,"Marmora, NJ",Marmora,NJ,4,-55.56,571500,-29.88,100,25,5,-16.67,14,7.69,4,-20,282.92,21.25
9/3/26,Rolling 3 Months,1/1/26,3/31/26,37086,City,"Marshallville, NJ",Marshallville,NJ,NA,NA,NA,NA,NA,NA,NA,NA,1,-85.71,1,-80,NA,NA
9/3/26,Rolling 3 Months,1/1/26,3/31/26,33636,City,"Martinsville, NJ",Martinsville,NJ,19,-9.52,715000,-12.27,41,20,27,-15.63,37,0,24,14.29,336.51,-4.75
9/3/26,Rolling 3 Months,1/1/26,3/31/26,11355,City,"Matawan, NJ",Matawan,NJ,13,-38.1,450000,-1.64,24,-17,15,-53.13,24,-48.94,12,-52,350.88,2.96
9/3/26,Rolling 3 Months,1/1/26,3/31/26,36928,City,"Mauricetown, NJ",Mauricetown,NJ,6,500,127750,-27,124,117,5,150,8,300,3,NA,113.64,-9.07
9/3/26,Rolling 3 Months,1/1/26,3/31/26,24107,City,"Mays Landing, NJ",Mays Landing,NJ,13,-27.78,309000,14.44,87,29,25,19.05,47,4.44,24,0,195.49,-3.13
9/3/26,Rolling 3 Months,1/1/26,3/31/26,11429,City,"Maywood, NJ",Maywood,NJ,5,-64.29,620000,-1.2,52,-16,13,-7.14,18,-25,8,-38.46,474.52,6.64
9/3/26,Rolling 3 Months,1/1/26,3/31/26,37055,City,"McKee City, NJ",McKee City,NJ,23,-8,225000,-6.23,104,48,30,-21.05,70,7.69,30,-11.76,211.41,8.42
9/3/26,Rolling 3 Months,1/1/26,3/31/26,11523,City,"Medford Lakes, NJ",Medford Lakes,NJ,10,25,652450,26.51,74,54,5,-64.29,9,-50,7,-12.5,287.52,1.06
9/3/26,Rolling 3 Months,1/1/26,3/31/26,11557,City,"Mendham, NJ",Mendham,NJ,7,-41.67,930000,-11.51,28,-6,18,-5.26,23,-8,16,6.67,406.7,15.71
9/3/26,Rolling 3 Months,1/1/26,3/31/26,37646,City,"Menlo Park Terrace, NJ",Menlo Park Terrace,NJ,5,-28.57,530000,-5.36,74,-13,2,-50,6,-40,2,-71.43,310.37,-22.42
9/3/26,Rolling 3 Months,1/1/26,3/31/26,31245,City,"Mercerville, NJ",Mercerville,NJ,23,-17.86,485000,12.66,43,-2,25,4.17,41,-12.77,25,-13.79,284.01,-1.98
9/3/26,Rolling 3 Months,1/1/26,3/31/26,11606,City,"Merchantville, NJ",Merchantville,NJ,8,-38.46,370075,13.87,11,-43,10,-37.5,15,-46.43,10,-33.33,188.89,-13.44
9/3/26,Rolling 3 Months,1/1/26,3/31/26,11649,City,"Metuchen, NJ",Metuchen,NJ,30,-3.23,720000,4.35,58,5,40,14.29,61,24.49,33,10,488.03,17.13
9/3/26,Rolling 3 Months,1/1/26,3/31/26,37148,City,"Mickleton, NJ",Mickleton,NJ,4,-20,510000,37.84,129,109,5,-37.5,8,-11.11,6,0,255.61,14.66
9/3/26,Rolling 3 Months,1/1/26,3/31/26,33696,City,"Middlebush, NJ",Middlebush,NJ,3,50,870000,-16.35,40,-104,3,-50,8,-11.11,1,-66.67,322.92,35.35
9/3/26,Rolling 3 Months,1/1/26,3/31/26,11707,City,"Middlesex, NJ",Middlesex,NJ,25,-30.56,540000,8.54,71,23,24,-31.43,43,-30.65,25,-21.88,346.89,2.15
9/3/26,Rolling 3 Months,1/1/26,3/31/26,11766,City,"Midland Park, NJ",Midland Park,NJ,10,42.86,691264,-14.02,60,-4,8,0,17,21.43,10,11.11,422.11,20.4
9/3/26,Rolling 3 Months,1/1/26,3/31/26,11802,City,"Milford, NJ",Milford,NJ,2,-50,250000,-32.42,92,21,7,133.33,16,100,3,-57.14,324.07,73.28
9/3/26,Rolling 3 Months,1/1/26,3/31/26,37721,City,"Millington, NJ",Millington,NJ,1,-75,1916000,95.01,8,-104,9,28.57,9,-10,5,-16.67,383.37,-0.23
9/3/26,Rolling 3 Months,1/1/26,3/31/26,11892,City,"Millstone, NJ",Millstone,NJ,NA,NA,NA,NA,NA,NA,3,200,5,150,4,100,300.8,-20.28
9/3/26,Rolling 3 Months,1/1/26,3/31/26,11901,City,"Milltown, NJ",Milltown,NJ,8,-42.86,632500,13.45,66,-11,16,14.29,26,8.33,17,13.33,386.91,5.57
9/3/26,Rolling 3 Months,1/1/26,3/31/26,11914,City,"Millville, NJ",Millville,NJ,75,-5.06,205000,-18,45,-2,107,-12.3,185,-8.87,83,-20.95,185.27,4.25
9/3/26,Rolling 3 Months,1/1/26,3/31/26,37262,City,"Milmay, NJ",Milmay,NJ,2,-33.33,219500,-59.35,78,49,6,200,9,200,4,0,146.07,-48.22
9/3/26,Rolling 3 Months,1/1/26,3/31/26,37192,City,"Mizpah, NJ",Mizpah,NJ,1,NA,369900,NA,111,NA,NA,NA,1,-50,NA,NA,NA,NA
9/3/26,Rolling 3 Months,1/1/26,3/31/26,12037,City,"Monmouth Beach, NJ",Monmouth Beach,NJ,6,-25,645000,16.22,56,-35,15,7.14,24,-7.69,8,-27.27,603.09,-0.3
9/3/26,Rolling 3 Months,1/1/26,3/31/26,24265,City,"Monmouth Junction, NJ",Monmouth Junction,NJ,11,-35.29,535000,-6.96,78,5,17,13.33,37,27.59,17,-15,339.47,2.1
9/3/26,Rolling 3 Months,1/1/26,3/31/26,37664,City,"Monroe Manor, NJ",Monroe Manor,NJ,NA,NA,NA,NA,NA,NA,6,-25,6,-25,3,0,393.47,5.27
9/3/26,Rolling 3 Months,1/1/26,3/31/26,35939,City,"Montclair, NJ",Montclair,NJ,61,12.96,1162500,18.62,45,0,110,12.24,149,14.62,84,7.69,469.35,4.86
9/3/26,Rolling 3 Months,1/1/26,3/31/26,12165,City,"Montvale, NJ",Montvale,NJ,11,-38.89,840000,-22.9,82,10,16,-15.79,28,-17.65,10,-47.37,403.97,7.51
9/3/26,Rolling 3 Months,1/1/26,3/31/26,35825,City,"Montville, NJ",Montville,NJ,39,-7.14,675000,8.87,27,-10,57,3.64,80,1.27,45,-19.64,352.94,3.87
9/3/26,Rolling 3 Months,1/1/26,3/31/26,12189,City,"Moonachie, NJ",Moonachie,NJ,3,0,585000,25.6,87,10,2,-50,3,-66.67,1,-80,314.6,-17.24
9/3/26,Rolling 3 Months,1/1/26,3/31/26,24316,City,"Moorestown-Lenola, NJ",Moorestown-Lenola,NJ,30,15.38,444800,-18.76,50,17,38,8.57,65,12.07,34,0,291.88,11.74
9/3/26,Rolling 3 Months,1/1/26,3/31/26,24325,City,"Morganville, NJ",Morganville,NJ,8,60,841500,-15.77,93,37,14,40,22,10,11,83.33,369.1,18.11
9/3/26,Rolling 3 Months,1/1/26,3/31/26,12321,City,"Morris Plains, NJ",Morris Plains,NJ,12,-33.33,637500,-13.85,52,14,18,-33.33,29,-9.38,16,-23.81,356.1,2.31
9/3/26,Rolling 3 Months,1/1/26,3/31/26,12345,City,"Morristown, NJ",Morristown,NJ,20,-35.48,777500,24.2,41,20,37,15.63,49,-3.92,26,-23.53,419.43,-8.52
9/3/26,Rolling 3 Months,1/1/26,3/31/26,12461,City,"Mount Arlington, NJ",Mount Arlington,NJ,23,21.05,480000,1.16,40,19,25,13.64,38,26.67,29,26.09,293.23,0.36
9/3/26,Rolling 3 Months,1/1/26,3/31/26,12481,City,"Mount Ephraim, NJ",Mount Ephraim,NJ,7,-69.57,295000,-14.37,22,-22,9,-47.06,13,-56.67,5,-72.22,251.03,10.17
9/3/26,Rolling 3 Months,1/1/26,3/31/26,33829,City,"Mount Hermon, NJ",Mount Hermon,NJ,NA,NA,NA,NA,NA,NA,1,NA,1,0,NA,NA,180.3,NA
9/3/26,Rolling 3 Months,1/1/26,3/31/26,37672,City,"Mount Hope, NJ",Mount Hope,NJ,17,-10.53,325000,-19.75,80,45,24,-7.69,41,17.14,19,-13.64,296.49,-6.48
9/3/26,Rolling 3 Months,1/1/26,3/31/26,37202,City,"Mount Royal, NJ",Mount Royal,NJ,2,NA,377500,NA,65,NA,2,0,3,-40,2,100,251.42,22
9/3/26,Rolling 3 Months,1/1/26,3/31/26,37562,City,"Mount Tabor, NJ",Mount Tabor,NJ,9,350,597040,16.5,11,-11,5,150,5,150,3,50,335.86,NA
9/3/26,Rolling 3 Months,1/1/26,3/31/26,33808,City,"Mountain Lake, NJ",Mountain Lake,NJ,1,-75,93000,-74.38,155,91,1,-75,1,-85.71,NA,NA,82.69,-62.94
9/3/26,Rolling 3 Months,1/1/26,3/31/26,12394,City,"Mountain Lakes, NJ",Mountain Lakes,NJ,6,-25,1053151,-9.02,38,-95,13,30,16,33.33,8,-27.27,404.32,-4.28
9/3/26,Rolling 3 Months,1/1/26,3/31/26,12406,City,"Mountainside, NJ",Mountainside,NJ,12,50,952500,-19.79,21,10,16,0,20,17.65,9,-18.18,436.54,1.32
9/3/26,Rolling 3 Months,1/1/26,3/31/26,24443,City,"Mullica Hill, NJ",Mullica Hill,NJ,14,-46.15,541320,3.18,81,3,17,-32,38,-24,10,-33.33,244.3,-17.42
9/3/26,Rolling 3 Months,1/1/26,3/31/26,24450,City,"Mystic Island, NJ",Mystic Island,NJ,45,15.38,375000,3.31,70,37,62,-7.46,102,-12.07,52,-11.86,324.17,8.71
9/3/26,Rolling 3 Months,1/1/26,3/31/26,12744,City,"National Park, NJ",National Park,NJ,9,-10,289000,25.65,78,34,15,25,22,4.76,12,0,232.56,6.03
9/3/26,Rolling 3 Months,1/1/26,3/31/26,24462,City,"Navesink, NJ",Navesink,NJ,5,NA,970000,NA,20,NA,2,0,6,50,6,500,440.65,7.53
9/3/26,Rolling 3 Months,1/1/26,3/31/26,12812,City,"Neptune City, NJ",Neptune City,NJ,4,-60,565000,10.25,21,-3,13,-50,17,-41.38,9,-43.75,375.94,-25.77
9/3/26,Rolling 3 Months,1/1/26,3/31/26,37622,City,"Neshanic Station, NJ",Neshanic Station,NJ,3,0,800000,-19.92,83,18,9,28.57,12,20,4,0,321.4,5.79
9/3/26,Rolling 3 Months,1/1/26,3/31/26,37689,City,"Neshanic, NJ",Neshanic,NJ,1,0,590000,-1.67,175,144,NA,NA,1,NA,1,NA,NA,NA
9/3/26,Rolling 3 Months,1/1/26,3/31/26,12874,City,"Netcong, NJ",Netcong,NJ,2,-77.78,497500,3.43,19,-7,2,-87.5,4,-80.95,NA,NA,304.85,-6.91
9/3/26,Rolling 3 Months,1/1/26,3/31/26,13201,City,"New Brunswick, NJ",New Brunswick,NJ,36,-32.08,538500,3.56,85,13,69,16.95,134,0,53,-10.17,362.27,0.73
9/3/26,Rolling 3 Months,1/1/26,3/31/26,24568,City,"New Egypt, NJ",New Egypt,NJ,13,-31.58,440000,-25.42,55,-3,14,-54.84,23,-54.9,10,-61.54,288.28,7.7
9/3/26,Rolling 3 Months,1/1/26,3/31/26,37199,City,"New Gretna, NJ",New Gretna,NJ,2,NA,121250,NA,160,NA,NA,NA,2,100,2,NA,NA,NA
9/3/26,Rolling 3 Months,1/1/26,3/31/26,13318,City,"New Milford, NJ",New Milford,NJ,42,-2.33,550000,-4.09,81,7,55,-5.17,96,-4.95,50,-9.09,331.87,15.02
9/3/26,Rolling 3 Months,1/1/26,3/31/26,13364,City,"New Providence, NJ",New Providence,NJ,18,-10,1306500,43.81,16,1,32,-3.03,38,-2.56,27,17.39,463.03,-0.25
9/3/26,Rolling 3 Months,1/1/26,3/31/26,37574,City,"New Vernon, NJ",New Vernon,NJ,1,NA,560000,NA,57,NA,3,0,4,-33.33,NA,NA,534.11,22.81
9/3/26,Rolling 3 Months,1/1/26,3/31/26,34006,City,"New Village, NJ",New Village,NJ,2,100,499450,61.11,110,96,NA,NA,2,0,NA,NA,NA,NA
9/3/26,Rolling 3 Months,1/1/26,3/31/26,13136,City,"Newark, NJ",Newark,NJ,265,-2.21,600000,7.14,81,9,469,2.4,910,12.35,322,-12.26,231.57,8.25
9/3/26,Rolling 3 Months,1/1/26,3/31/26,13247,City,"Newfield, NJ",Newfield,NJ,6,20,427500,35.71,45,-49,9,80,16,0,10,150,213.29,8.96
9/3/26,Rolling 3 Months,1/1/26,3/31/26,37578,City,"Newfoundland, NJ",Newfoundland,NJ,2,0,574500,8.91,83,5,1,-75,3,-40,NA,NA,407.72,185.11
9/3/26,Rolling 3 Months,1/1/26,3/31/26,38282,City,"Newport, NJ",Newport,NJ,NA,NA,NA,NA,NA,NA,NA,NA,1,-85.71,NA,NA,NA,NA
9/3/26,Rolling 3 Months,1/1/26,3/31/26,13396,City,"Newton, NJ",Newton,NJ,21,23.53,355000,-5.33,52,32,25,-21.88,40,-2.44,25,38.89,240.63,-4.41
9/3/26,Rolling 3 Months,1/1/26,3/31/26,37358,City,"Newtonville, NJ",Newtonville,NJ,3,200,347700,10.42,17,-35,NA,NA,5,66.67,2,100,NA,NA
9/3/26,Rolling 3 Months,1/1/26,3/31/26,13485,City,"North Arlington, NJ",North Arlington,NJ,16,-11.11,763500,24.66,105,39,29,7.41,53,35.9,29,45,419.6,4.45
9/3/26,Rolling 3 Months,1/1/26,3/31/26,24650,City,"North Beach Haven, NJ",North Beach Haven,NJ,17,-45.16,2100000,15.07,43,-46,40,-20,65,-26.14,16,-64.44,995.95,-1.49
9/3/26,Rolling 3 Months,1/1/26,3/31/26,35940,City,"North Bergen, NJ",North Bergen,NJ,96,-24.41,492500,-13.29,81,8,189,-13.7,349,-13.4,122,-17.57,441.39,4.74
9/3/26,Rolling 3 Months,1/1/26,3/31/26,13559,City,"North Caldwell, NJ",North Caldwell,NJ,10,-16.67,1225000,22.81,96,43,18,5.88,29,-14.71,8,-50,451.35,24.41
9/3/26,Rolling 3 Months,1/1/26,3/31/26,24662,City,"North Cape May, NJ",North Cape May,NJ,15,50,590000,9.36,70,42,17,-26.09,34,-2.86,22,120,486.1,-0.02
9/3/26,Rolling 3 Months,1/1/26,3/31/26,13665,City,"North Haledon, NJ",North Haledon,NJ,16,60,690000,4.55,82,38,18,12.5,32,10.34,15,25,391.19,13.45
9/3/26,Rolling 3 Months,1/1/26,3/31/26,24695,City,"North Middletown, NJ",North Middletown,NJ,5,-16.67,550000,31.89,38,-18,13,44.44,13,-23.53,6,-45.45,323.86,0.16
9/3/26,Rolling 3 Months,1/1/26,3/31/26,13740,City,"North Plainfield, NJ",North Plainfield,NJ,32,10.34,467500,7.47,65,34,45,32.35,78,56,44,33.33,315.37,-9.48
9/3/26,Rolling 3 Months,1/1/26,3/31/26,13815,City,"North Wildwood, NJ",North Wildwood,NJ,46,0,718750,33.35,88,-22,56,-38.46,139,-15.24,39,-38.1,643.78,1.3
9/3/26,Rolling 3 Months,1/1/26,3/31/26,13632,City,"Northfield, NJ",Northfield,NJ,12,-20,453500,8,80,-44,31,40.91,53,32.5,25,19.05,266.6,7.41
9/3/26,Rolling 3 Months,1/1/26,3/31/26,13790,City,"Northvale, NJ",Northvale,NJ,10,100,855000,16.96,68,8,10,-47.37,17,-26.09,11,-31.25,413.13,8.43
9/3/26,Rolling 3 Months,1/1/26,3/31/26,13856,City,"Norwood, NJ",Norwood,NJ,8,33.33,825000,-20.44,85,-7,15,-6.25,25,-16.67,15,25,488.51,14.51
9/3/26,Rolling 3 Months,1/1/26,3/31/26,35824,City,"Nutley, NJ",Nutley,NJ,55,30.95,626000,7.93,57,-4,63,0,109,14.74,55,1.85,400.53,9.38
9/3/26,Rolling 3 Months,1/1/26,3/31/26,37804,City,"Oak Ridge, NJ",Oak Ridge,NJ,23,-14.81,510000,1.82,31,-12,32,10.34,41,2.5,25,-7.41,294.22,-0.69
9/3/26,Rolling 3 Months,1/1/26,3/31/26,24779,City,"Oak Valley, NJ",Oak Valley,NJ,11,-21.43,337500,-3.16,58,37,17,41.67,23,43.75,14,16.67,218.98,9.28
9/3/26,Rolling 3 Months,1/1/26,3/31/26,24752,City,"Oakhurst, NJ",Oakhurst,NJ,10,-33.33,867500,7.9,51,-93,15,-48.28,33,-25,16,23.08,641.21,2.05
9/3/26,Rolling 3 Months,1/1/26,3/31/26,13917,City,"Oakland, NJ",Oakland,NJ,15,-25,750000,-2.6,107,56,18,-21.74,44,15.79,17,-19.05,390.75,3.72
9/3/26,Rolling 3 Months,1/1/26,3/31/26,13929,City,"Oaklyn, NJ",Oaklyn,NJ,7,-46.15,327500,-15.36,31,-19,11,-26.67,20,-9.09,11,-8.33,253.01,9.61
9/3/26,Rolling 3 Months,1/1/26,3/31/26,24799,City,"Ocean Acres, NJ",Ocean Acres,NJ,56,-13.85,462500,-6.57,58,18,62,-37.37,101,-34.42,61,-35.79,286.67,2.5
9/3/26,Rolling 3 Months,1/1/26,3/31/26,14076,City,"Ocean City, NJ",Ocean City,NJ,126,-5.26,1285750,11.8,104,-9,235,2.17,458,0.22,158,-6.51,844.05,10.43
9/3/26,Rolling 3 Months,1/1/26,3/31/26,14095,City,"Ocean Gate, NJ",Ocean Gate,NJ,3,-57.14,500000,16.28,33,-23,9,-10,17,-15,8,-38.46,434.03,31.54
9/3/26,Rolling 3 Months,1/1/26,3/31/26,24813,City,"Ocean Grove, NJ",Ocean Grove,NJ,14,27.27,897500,49.58,33,-48,18,-5.26,27,-3.57,12,-25,600.61,1.07
9/3/26,Rolling 3 Months,1/1/26,3/31/26,38285,City,"Ocean View, NJ",Ocean View,NJ,2,-33.33,76750,-84.62,122,31,5,0,14,-17.65,5,-16.67,150,-41.81
9/3/26,Rolling 3 Months,1/1/26,3/31/26,14120,City,"Oceanport, NJ",Oceanport,NJ,4,-77.78,995000,20,35,0,16,0,22,-26.67,13,-38.1,458.3,3.95
9/3/26,Rolling 3 Months,1/1/26,3/31/26,37277,City,"Oceanville, NJ",Oceanville,NJ,1,NA,999999,NA,45,NA,NA,NA,3,-40,1,-50,NA,NA
9/3/26,Rolling 3 Months,1/1/26,3/31/26,14146,City,"Ogdensburg, NJ",Ogdensburg,NJ,2,-33.33,335000,-11.84,26,-37,8,100,9,28.57,7,133.33,260.98,-16.01
9/3/26,Rolling 3 Months,1/1/26,3/31/26,24831,City,"Old Bridge, NJ",Old Bridge,NJ,37,2.78,605000,4.31,77,20,53,29.27,90,30.43,50,25,366.24,-0.3
9/3/26,Rolling 3 Months,1/1/26,3/31/26,14195,City,"Old Tappan, NJ",Old Tappan,NJ,7,-41.67,920000,0,46,-62,14,-30,27,-32.5,14,-26.32,462.99,9.74
9/3/26,Rolling 3 Months,1/1/26,3/31/26,37731,City,"Oldwick, NJ",Oldwick,NJ,NA,NA,NA,NA,NA,NA,1,NA,2,NA,NA,NA,NA,NA
9/3/26,Rolling 3 Months,1/1/26,3/31/26,24844,City,"Olivet, NJ",Olivet,NJ,3,0,380000,-1.3,210,184,2,-66.67,3,-66.67,1,-80,187.31,2.72
9/3/26,Rolling 3 Months,1/1/26,3/31/26,14231,City,"Oradell, NJ",Oradell,NJ,6,-40,1170000,5.41,83,30,13,-23.53,20,-4.76,9,-40,447.59,6.31
9/3/26,Rolling 3 Months,1/1/26,3/31/26,36939,City,"Othello, NJ",Othello,NJ,NA,NA,NA,NA,NA,NA,1,NA,1,0,NA,NA,153.05,NA
9/3/26,Rolling 3 Months,1/1/26,3/31/26,24875,City,"Oxford, NJ",Oxford,NJ,6,0,382500,12.67,80,43,5,25,15,87.5,9,125,206.84,-20.51
9/3/26,Rolling 3 Months,1/1/26,3/31/26,37727,City,"Packanack Lake, NJ",Packanack Lake,NJ,5,-44.44,825000,33.06,31,-30,10,11.11,12,-7.69,7,-36.36,393.62,11.26
9/3/26,Rolling 3 Months,1/1/26,3/31/26,37227,City,"Palermo, NJ",Palermo,NJ,7,40,512500,-0.49,81,37,13,30,26,36.84,9,-25,269.68,10.47
9/3/26,Rolling 3 Months,1/1/26,3/31/26,14436,City,"Palisades Park, NJ",Palisades Park,NJ,15,-48.28,957500,-9.67,107,-51,46,84,80,21.21,27,-10,530.03,21.95
9/3/26,Rolling 3 Months,1/1/26,3/31/26,14448,City,"Palmyra, NJ",Palmyra,NJ,27,8,360000,22.03,52,29,29,-3.33,55,30.95,26,-7.14,182.15,-14.47
9/3/26,Rolling 3 Months,1/1/26,3/31/26,31279,City,"Panther Valley, NJ",Panther Valley,NJ,16,-23.81,308500,-14.28,43,19,24,-36.84,34,-27.66,28,-9.68,303.2,7.17
9/3/26,Rolling 3 Months,1/1/26,3/31/26,14484,City,"Paramus, NJ",Paramus,NJ,42,13.51,1074500,7.56,72,-27,54,20,100,6.38,53,0,514.04,8.97
9/3/26,Rolling 3 Months,1/1/26,3/31/26,14533,City,"Park Ridge, NJ",Park Ridge,NJ,12,20,858500,20.92,68,-11,22,10,31,10.71,18,20,354.58,-17.62
9/3/26,Rolling 3 Months,1/1/26,3/31/26,37598,City,"Parsippany, NJ",Parsippany,NJ,18,-14.29,742000,20.65,42,-16,26,0,39,0,20,-13.04,351.22,-5.67
9/3/26,Rolling 3 Months,1/1/26,3/31/26,14646,City,"Passaic, NJ",Passaic,NJ,33,32,500000,-13.79,78,2,45,-8.16,90,3.45,26,-36.59,304.36,-2.24
9/3/26,Rolling 3 Months,1/1/26,3/31/26,14759,City,"Paterson, NJ",Paterson,NJ,108,-12.9,550000,-0.36,83,20,203,0.5,425,18.72,143,-16.86,294.25,2.13
9/3/26,Rolling 3 Months,1/1/26,3/31/26,14807,City,"Paulsboro, NJ",Paulsboro,NJ,26,-13.33,272500,36.25,67,25,33,37.5,56,19.15,37,19.35,178.78,18.66
9/3/26,Rolling 3 Months,1/1/26,3/31/26,14857,City,"Peapack & Gladstone, NJ",Peapack & Gladstone,NJ,3,-62.5,2695000,191.98,84,48,2,-71.43,6,-53.85,4,0,567.64,67.25
9/3/26,Rolling 3 Months,1/1/26,3/31/26,34260,City,"Pedricktown, NJ",Pedricktown,NJ,1,-50,329000,67.86,107,59,3,0,5,25,NA,NA,182.22,-14.98
9/3/26,Rolling 3 Months,1/1/26,3/31/26,25023,City,"Pemberton Heights, NJ",Pemberton Heights,NJ,8,0,376500,-0.59,41,-16,10,25,13,-18.75,7,-22.22,222.52,-10.96
9/3/26,Rolling 3 Months,1/1/26,3/31/26,14896,City,"Pemberton, NJ",Pemberton,NJ,2,-66.67,241000,46.55,202,137,8,-11.11,11,-15.38,2,-60,219.55,3.32
9/3/26,Rolling 3 Months,1/1/26,3/31/26,14930,City,"Pennington, NJ",Pennington,NJ,9,50,615000,46.78,48,-112,13,85.71,17,0,12,100,360.03,4.85
9/3/26,Rolling 3 Months,1/1/26,3/31/26,14978,City,"Penns Grove, NJ",Penns Grove,NJ,12,-14.29,173000,13.26,81,27,11,-52.17,27,-37.21,11,-47.62,145.63,21.12
9/3/26,Rolling 3 Months,1/1/26,3/31/26,25032,City,"Pennsauken, NJ",Pennsauken,NJ,73,15.87,330000,1.54,41,5,84,-9.68,157,18.94,91,10.98,218.03,0.91
9/3/26,Rolling 3 Months,1/1/26,3/31/26,25038,City,"Pennsville, NJ",Pennsville,NJ,32,-31.91,279500,5.47,83,30,53,6,100,8.7,46,-19.3,201.61,14.12
9/3/26,Rolling 3 Months,1/1/26,3/31/26,15081,City,"Perth Amboy, NJ",Perth Amboy,NJ,35,-10.26,459000,13.19,111,-6,51,8.51,105,0.96,50,-5.66,306.1,4.4
9/3/26,Rolling 3 Months,1/1/26,3/31/26,15108,City,"Phillipsburg, NJ",Phillipsburg,NJ,32,-13.51,307500,2.5,24,-9,56,5.66,86,6.17,36,-16.28,186.01,-1.39
9/3/26,Rolling 3 Months,1/1/26,3/31/26,15170,City,"Pine Beach, NJ",Pine Beach,NJ,5,400,750000,0,61,51,4,-20,9,50,3,200,351.2,3.42
9/3/26,Rolling 3 Months,1/1/26,3/31/26,37588,City,"Pine Brook, NJ",Pine Brook,NJ,3,0,810000,16.55,84,35,10,233.33,13,160,7,250,350.13,7.45
9/3/26,Rolling 3 Months,1/1/26,3/31/26,15215,City,"Pine Hill, NJ",Pine Hill,NJ,24,-11.11,285000,5.59,41,13,35,9.38,58,28.89,38,40.74,200.79,-3.33
9/3/26,Rolling 3 Months,1/1/26,3/31/26,31285,City,"Pine Lake Park, NJ",Pine Lake Park,NJ,30,20,539750,3.8,57,37,47,11.9,75,33.93,27,-10,365.91,10.16
9/3/26,Rolling 3 Months,1/1/26,3/31/26,25103,City,"Pine Ridge at Crestwood, NJ",Pine Ridge at Crestwood,NJ,12,-50,165500,122.15,44,-7,25,-37.5,48,-29.41,20,-25.93,191.41,-1.98
9/3/26,Rolling 3 Months,1/1/26,3/31/26,37632,City,"Pines Lake, NJ",Pines Lake,NJ,3,-40,913000,11.34,97,75,4,-33.33,7,-12.5,3,-50,283.88,-23.21
9/3/26,Rolling 3 Months,1/1/26,3/31/26,15295,City,"Pitman, NJ",Pitman,NJ,15,-21.05,330000,-1.49,17,-5,17,-51.43,26,-46.94,20,-39.39,243.51,10.94
9/3/26,Rolling 3 Months,1/1/26,3/31/26,15325,City,"Plainfield, NJ",Plainfield,NJ,57,-12.31,530000,1.92,53,14,71,-31.73,143,-12.8,66,-19.51,315.23,-8.36
9/3/26,Rolling 3 Months,1/1/26,3/31/26,25136,City,"Plainsboro Center, NJ",Plainsboro Center,NJ,4,300,879500,166.52,95,34,3,200,10,900,5,400,371.38,38.61
9/3/26,Rolling 3 Months,1/1/26,3/31/26,34384,City,"Pleasant Plains, NJ",Pleasant Plains,NJ,NA,NA,NA,NA,NA,NA,3,200,3,50,2,100,265.82,-40.7
9/3/26,Rolling 3 Months,1/1/26,3/31/26,37183,City,"Pleasantdale, NJ",Pleasantdale,NJ,2,-50,656000,-12.97,44,6,10,25,13,30,6,-14.29,363.47,-4.64
9/3/26,Rolling 3 Months,1/1/26,3/31/26,15433,City,"Pleasantville, NJ",Pleasantville,NJ,23,9.52,239900,4.3,70,-7,57,-6.56,88,-10.2,43,0,190.34,2.78
9/3/26,Rolling 3 Months,1/1/26,3/31/26,37751,City,"Pluckemin, NJ",Pluckemin,NJ,NA,NA,NA,NA,NA,NA,2,0,2,-50,2,-50,328.45,-13.65
9/3/26,Rolling 3 Months,1/1/26,3/31/26,15482,City,"Point Pleasant Beach, NJ",Point Pleasant Beach,NJ,15,-16.67,856080,-23.9,39,9,29,0,41,0,18,0,691.5,19.52
9/3/26,Rolling 3 Months,1/1/26,3/31/26,15477,City,"Point Pleasant, NJ",Point Pleasant,NJ,43,13.16,750000,-12.28,31,13,54,-21.74,80,-11.11,45,-22.41,534.82,14.49
9/3/26,Rolling 3 Months,1/1/26,3/31/26,25180,City,"Pomona, NJ",Pomona,NJ,14,16.67,433500,13.13,72,-19,15,36.36,30,66.67,17,142.86,250.9,17.99
9/3/26,Rolling 3 Months,1/1/26,3/31/26,15521,City,"Pompton Lakes, NJ",Pompton Lakes,NJ,22,-18.52,548000,19.13,73,37,36,28.57,52,23.81,26,-25.71,357.63,6.53
9/3/26,Rolling 3 Months,1/1/26,3/31/26,37758,City,"Pompton Plains, NJ",Pompton Plains,NJ,10,-28.57,575000,14.54,35,-27,22,15.79,30,3.45,14,-12.5,372.09,0.03
9/3/26,Rolling 3 Months,1/1/26,3/31/26,34417,City,"Port Colden, NJ",Port Colden,NJ,NA,NA,NA,NA,NA,NA,NA,NA,1,0,NA,NA,NA,NA
9/3/26,Rolling 3 Months,1/1/26,3/31/26,36945,City,"Port Elizabeth, NJ",Port Elizabeth,NJ,NA,NA,NA,NA,NA,NA,3,NA,3,200,1,NA,85.24,NA
9/3/26,Rolling 3 Months,1/1/26,3/31/26,25205,City,"Port Monmouth, NJ",Port Monmouth,NJ,8,-11.11,510000,30.77,20,-4,7,0,10,-16.67,7,-22.22,340.13,8.52
9/3/26,Rolling 3 Months,1/1/26,3/31/26,37699,City,"Port Morris, NJ",Port Morris,NJ,1,NA,660000,NA,71,NA,NA,NA,NA,NA,NA,NA,NA,NA
9/3/26,Rolling 3 Months,1/1/26,3/31/26,34436,City,"Port Murray, NJ",Port Murray,NJ,NA,NA,NA,NA,NA,NA,1,NA,2,NA,NA,NA,318.85,NA
9/3/26,Rolling 3 Months,1/1/26,3/31/26,25219,City,"Port Norris, NJ",Port Norris,NJ,5,66.67,150000,81.82,34,-333,5,-50,11,-38.89,4,-50,148.22,0.44
9/3/26,Rolling 3 Months,1/1/26,3/31/26,25225,City,"Port Reading, NJ",Port Reading,NJ,3,-40,550000,25,100,33,10,-16.67,17,-15,7,-12.5,397.36,-7.58
9/3/26,Rolling 3 Months,1/1/26,3/31/26,15626,City,"Port Republic, NJ",Port Republic,NJ,4,33.33,570000,34.12,117,90,4,100,9,200,6,200,249.17,-12.58
9/3/26,Rolling 3 Months,1/1/26,3/31/26,37739,City,"Pottersville, NJ",Pottersville,NJ,1,-50,740000,-14.55,103,79,NA,NA,1,0,1,0,NA,NA
9/3/26,Rolling 3 Months,1/1/26,3/31/26,37763,City,"Preakness, NJ",Preakness,NJ,38,26.67,586580,-25.04,63,40,42,10.53,77,54,51,54.55,375.91,4.66
9/3/26,Rolling 3 Months,1/1/26,3/31/26,25238,City,"Presidential Lakes Estates, NJ",Presidential Lakes Estates,NJ,6,-25,340000,-3,80,21,7,-36.36,11,-42.11,8,-42.86,241.26,24.35
9/3/26,Rolling 3 Months,1/1/26,3/31/26,25249,City,"Princeton Junction, NJ",Princeton Junction,NJ,7,16.67,900000,12.44,28,-20,5,-78.26,6,-83.33,4,-63.64,389.85,-19.13
9/3/26,Rolling 3 Months,1/1/26,3/31/26,25251,City,"Princeton Meadows, NJ",Princeton Meadows,NJ,25,127.27,655000,59.37,108,25,22,-18.52,53,-5.36,21,-8.7,343.85,-9.19
9/3/26,Rolling 3 Months,1/1/26,3/31/26,15686,City,"Princeton, NJ",Princeton,NJ,30,-11.76,1158000,-18.74,57,-25,62,-21.52,103,-15.57,50,-23.08,548.32,-0.13
9/3/26,Rolling 3 Months,1/1/26,3/31/26,15750,City,"Prospect Park, NJ",Prospect Park,NJ,8,-38.46,522500,-7.03,47,25,13,-13.33,27,3.85,16,33.33,333.22,14.32
9/3/26,Rolling 3 Months,1/1/26,3/31/26,34480,City,"Quinton, NJ",Quinton,NJ,1,-66.67,245000,113.04,43,-19,3,0,4,-20,1,-50,152.03,29.33
9/3/26,Rolling 3 Months,1/1/26,3/31/26,15819,City,"Rahway, NJ",Rahway,NJ,34,-17.07,579950,23.39,47,10,78,11.43,120,13.21,47,-18.97,391.61,1.29
9/3/26,Rolling 3 Months,1/1/26,3/31/26,37797,City,"Rainbow Lakes, NJ",Rainbow Lakes,NJ,NA,NA,NA,NA,NA,NA,3,50,3,0,1,-66.67,431.21,41.31
9/3/26,Rolling 3 Months,1/1/26,3/31/26,25299,City,"Ramblewood, NJ",Ramblewood,NJ,11,10,305000,-28.99,30,-3,7,-69.57,12,-53.85,8,-61.9,238.05,5.7
9/3/26,Rolling 3 Months,1/1/26,3/31/26,15862,City,"Ramsey, NJ",Ramsey,NJ,24,-25,811875,4.42,69,2,32,-27.27,54,-21.74,28,-44,423.36,5.88
9/3/26,Rolling 3 Months,1/1/26,3/31/26,25310,City,"Ramtown, NJ",Ramtown,NJ,14,-12.5,635000,10.77,80,37,25,-3.85,33,3.13,17,-15,354.61,7.55
9/3/26,Rolling 3 Months,1/1/26,3/31/26,15927,City,"Raritan, NJ",Raritan,NJ,8,14.29,617500,23.5,65,40,5,-66.67,11,-47.62,9,-40,285.14,-7.42
9/3/26,Rolling 3 Months,1/1/26,3/31/26,16034,City,"Red Bank, NJ",Red Bank,NJ,38,40.74,787500,26,30,-35,50,-20.63,69,-25.81,43,-14,408.5,4.71
9/3/26,Rolling 3 Months,1/1/26,3/31/26,37825,City,"Regency at Monroe, NJ",Regency at Monroe,NJ,3,-50,795000,-4.27,140,108,6,-53.85,10,-33.33,9,-18.18,330.48,7.83
9/3/26,Rolling 3 Months,1/1/26,3/31/26,37613,City,"Renaissance at Monroe, NJ",Renaissance at Monroe,NJ,2,0,622500,-0.48,151,11,5,150,7,40,4,33.33,312.35,16.01
9/3/26,Rolling 3 Months,1/1/26,3/31/26,38295,City,"Richland, NJ",Richland,NJ,4,100,501245,109.95,154,52,2,0,5,150,3,200,193.87,3.65
9/3/26,Rolling 3 Months,1/1/26,3/31/26,34545,City,"Richwood, NJ",Richwood,NJ,6,-14.29,725550,16.09,49,15,7,-36.36,12,-25,7,-36.36,195.84,-17.13
9/3/26,Rolling 3 Months,1/1/26,3/31/26,16148,City,"Ridgefield Park, NJ",Ridgefield Park,NJ,16,14.29,565000,-10.67,80,-1,29,45,53,60.61,13,-35,418.86,20.44
9/3/26,Rolling 3 Months,1/1/26,3/31/26,16142,City,"Ridgefield, NJ",Ridgefield,NJ,31,40.91,775000,-8.88,81,12,33,-21.43,63,-8.7,36,9.09,405.39,9.8
9/3/26,Rolling 3 Months,1/1/26,3/31/26,16161,City,"Ridgewood, NJ",Ridgewood,NJ,36,-23.4,1060500,-10.77,76,20,45,-32.84,79,-21.78,42,-41.67,559.61,11.5
9/3/26,Rolling 3 Months,1/1/26,3/31/26,37132,City,"Ringoes, NJ",Ringoes,NJ,1,-50,530000,-1.94,56,35,1,0,2,100,NA,NA,297.48,-9.32
9/3/26,Rolling 3 Months,1/1/26,3/31/26,16205,City,"Ringwood, NJ",Ringwood,NJ,16,33.33,638500,16.09,65,8,21,-22.22,34,-2.86,18,-21.74,282.79,10.54
9/3/26,Rolling 3 Months,1/1/26,3/31/26,25412,City,"Rio Grande, NJ",Rio Grande,NJ,11,120,449990,23.28,94,6,9,125,33,200,13,116.67,241.15,10.32
9/3/26,Rolling 3 Months,1/1/26,3/31/26,16248,City,"River Edge, NJ",River Edge,NJ,8,-52.94,1275000,63.46,102,9,18,5.88,33,3.13,20,-9.09,453.26,18.32
9/3/26,Rolling 3 Months,1/1/26,3/31/26,16238,City,"Riverdale, NJ",Riverdale,NJ,10,-33.33,445000,-4.3,45,-26,18,20,23,-11.54,14,-17.65,344.05,-5.34
9/3/26,Rolling 3 Months,1/1/26,3/31/26,16313,City,"Riverton, NJ",Riverton,NJ,5,-28.57,610000,35.56,42,14,1,-88.89,3,-72.73,2,-66.67,258.3,2.25
9/3/26,Rolling 3 Months,1/1/26,3/31/26,37115,City,"Roadstown, NJ",Roadstown,NJ,NA,NA,NA,NA,NA,NA,NA,NA,1,0,1,0,NA,NA
9/3/26,Rolling 3 Months,1/1/26,3/31/26,37713,City,"Robbinsville Center, NJ",Robbinsville Center,NJ,7,-41.67,375000,-26.83,51,-28,10,-52.38,23,-28.13,6,-68.42,317.45,-4.85
9/3/26,Rolling 3 Months,1/1/26,3/31/26,34589,City,"Robbinsville, NJ",Robbinsville,NJ,7,-41.67,375000,-26.83,51,-28,10,-52.38,23,-28.13,6,-68.42,317.45,-4.85
9/3/26,Rolling 3 Months,1/1/26,3/31/26,34591,City,"Robertsville, NJ",Robertsville,NJ,17,-10.53,650000,-16.67,22,8,18,-18.18,27,-3.57,20,11.11,328.16,-3.36
9/3/26,Rolling 3 Months,1/1/26,3/31/26,16420,City,"Rockaway, NJ",Rockaway,NJ,6,-40,552500,8.87,32,13,11,-38.89,16,-20,8,-46.67,307.36,1.16
9/3/26,Rolling 3 Months,1/1/26,3/31/26,16458,City,"Rockleigh, NJ",Rockleigh,NJ,NA,NA,NA,NA,NA,NA,8,NA,8,NA,1,NA,1098.41,NA
9/3/26,Rolling 3 Months,1/1/26,3/31/26,16498,City,"Rocky Hill, NJ",Rocky Hill,NJ,1,-50,740000,9.63,104,69,2,0,3,50,1,-50,356.49,-25.69
9/3/26,Rolling 3 Months,1/1/26,3/31/26,31296,City,"Roebling, NJ",Roebling,NJ,8,-42.86,295000,-13.55,66,32,13,-18.75,21,-12.5,12,-33.33,197.84,-10.43
9/3/26,Rolling 3 Months,1/1/26,3/31/26,16515,City,"Roosevelt, NJ",Roosevelt,NJ,2,-50,412500,-21.43,141,-44,NA,NA,3,-50,2,-50,NA,NA
9/3/26,Rolling 3 Months,1/1/26,3/31/26,16563,City,"Roseland, NJ",Roseland,NJ,14,180,887500,23.61,78,59,21,40,28,40,19,137.5,395.45,13.15
9/3/26,Rolling 3 Months,1/1/26,3/31/26,16576,City,"Roselle Park, NJ",Roselle Park,NJ,16,0,580000,20.96,56,27,15,-40,26,-13.33,15,-25,371.82,1.69
9/3/26,Rolling 3 Months,1/1/26,3/31/26,16572,City,"Roselle, NJ",Roselle,NJ,35,-7.89,520000,5.45,54,15,50,-15.25,80,-6.98,44,-12,363.79,10.16
9/3/26,Rolling 3 Months,1/1/26,3/31/26,25529,City,"Rosenhayn, NJ",Rosenhayn,NJ,3,200,239000,-16.14,203,68,3,50,6,0,2,100,239.33,34.5
9/3/26,Rolling 3 Months,1/1/26,3/31/26,25536,City,"Rossmoor, NJ",Rossmoor,NJ,34,-10.53,264950,-17.07,76,-2,38,-17.39,79,-14.13,42,27.27,230.19,2.82
9/3/26,Rolling 3 Months,1/1/26,3/31/26,16703,City,"Rumson, NJ",Rumson,NJ,13,-23.53,2499999,4.17,15,-68,25,-19.35,31,-27.91,19,-9.52,758.55,6.32
9/3/26,Rolling 3 Months,1/1/26,3/31/26,16710,City,"Runnemede, NJ",Runnemede,NJ,30,76.47,339990,4.94,73,19,39,105.26,64,120.69,39,129.41,226.02,-2.32
9/3/26,Rolling 3 Months,1/1/26,3/31/26,16741,City,"Rutherford, NJ",Rutherford,NJ,33,3.13,700000,-3.11,92,2,37,12.12,66,11.86,24,-25,419.25,7.23
9/3/26,Rolling 3 Months,1/1/26,3/31/26,35950,City,"Saddle Brook Township, NJ",Saddle Brook Township,NJ,20,25,577500,-3.75,87,42,24,0,39,-9.3,18,-41.94,369.79,7.33
9/3/26,Rolling 3 Months,1/1/26,3/31/26,16766,City,"Saddle River, NJ",Saddle River,NJ,4,-33.33,2818750,28.13,215,110,18,125,36,20,10,25,580.59,3.95
9/3/26,Rolling 3 Months,1/1/26,3/31/26,16784,City,"Salem, NJ",Salem,NJ,18,-28,135500,0.37,67,-4,32,-21.95,65,-8.45,28,-3.45,87.34,6.51
9/3/26,Rolling 3 Months,1/1/26,3/31/26,16859,City,"Sayreville, NJ",Sayreville,NJ,62,-17.33,510000,3.87,80,13,91,-8.08,162,-4.71,83,-6.74,336.49,-1.85
9/3/26,Rolling 3 Months,1/1/26,3/31/26,16966,City,"Sea Bright, NJ",Sea Bright,NJ,4,100,659500,-56.75,85,-338,10,-44.44,17,-34.62,8,0,632.59,-9.52
9/3/26,Rolling 3 Months,1/1/26,3/31/26,16987,City,"Sea Girt, NJ",Sea Girt,NJ,7,40,2900000,-6.45,17,-50,5,66.67,12,20,5,-16.67,871.08,-51.4
9/3/26,Rolling 3 Months,1/1/26,3/31/26,17006,City,"Sea Isle City, NJ",Sea Isle City,NJ,38,26.67,1650000,11.34,20,-50,38,-7.32,87,4.82,42,23.53,967.07,7.4
9/3/26,Rolling 3 Months,1/1/26,3/31/26,25638,City,"Seabrook Farms, NJ",Seabrook Farms,NJ,1,NA,185000,NA,30,NA,3,200,5,150,1,NA,218.01,-1.51
9/3/26,Rolling 3 Months,1/1/26,3/31/26,17029,City,"Seaside Heights, NJ",Seaside Heights,NJ,27,22.73,700000,18.14,40,-59,76,85.37,126,46.51,35,-5.41,500.28,5.15
9/3/26,Rolling 3 Months,1/1/26,3/31/26,17036,City,"Seaside Park, NJ",Seaside Park,NJ,7,75,900000,-16.28,127,13,7,-61.11,16,-44.83,8,14.29,680,1.54
9/3/26,Rolling 3 Months,1/1/26,3/31/26,37346,City,"Seaville, NJ",Seaville,NJ,6,50,606500,15.97,142,97,10,42.86,23,76.92,4,-33.33,245.59,21.4
9/3/26,Rolling 3 Months,1/1/26,3/31/26,17057,City,"Secaucus, NJ",Secaucus,NJ,19,-52.5,800000,18.08,48,-16,59,18,93,12.05,33,-19.51,355.01,2.75
9/3/26,Rolling 3 Months,1/1/26,3/31/26,37324,City,"Seeley, NJ",Seeley,NJ,1,0,290000,-21.62,103,91,1,NA,3,200,1,0,288.37,NA
9/3/26,Rolling 3 Months,1/1/26,3/31/26,25660,City,"Sewaren, NJ",Sewaren,NJ,3,0,442000,0.68,65,23,3,-40,10,11.11,1,-80,352.29,3.01
9/3/26,Rolling 3 Months,1/1/26,3/31/26,36277,City,"Sewell, NJ",Sewell,NJ,91,18.18,390000,4.84,31,-2,103,-8.04,143,-5.92,92,-13.21,217.5,5
9/3/26,Rolling 3 Months,1/1/26,3/31/26,25665,City,"Shark River Hills, NJ",Shark River Hills,NJ,9,80,688000,-3.1,16,2,7,-22.22,10,-16.67,8,-11.11,454.06,8.54
9/3/26,Rolling 3 Months,1/1/26,3/31/26,37029,City,"Sheppards Mill, NJ",Sheppards Mill,NJ,NA,NA,NA,NA,NA,NA,1,NA,1,NA,1,NA,127.47,NA
9/3/26,Rolling 3 Months,1/1/26,3/31/26,17159,City,"Shiloh, NJ",Shiloh,NJ,1,-66.67,270000,50,86,-124,1,0,1,-66.67,NA,NA,NA,NA
9/3/26,Rolling 3 Months,1/1/26,3/31/26,17175,City,"Ship Bottom, NJ",Ship Bottom,NJ,7,-22.22,1400000,3.7,45,-5,8,166.67,15,-21.05,9,28.57,856.69,4.97
9/3/26,Rolling 3 Months,1/1/26,3/31/26,34746,City,"Short Hills, NJ",Short Hills,NJ,23,4.55,2310000,-2.33,31,16,51,30.77,62,37.78,43,53.57,707.15,5.17
9/3/26,Rolling 3 Months,1/1/26,3/31/26,17245,City,"Shrewsbury, NJ",Shrewsbury,NJ,3,-72.73,1355000,23.18,28,13,8,-46.67,9,-47.06,6,-45.45,510.33,27.75
9/3/26,Rolling 3 Months,1/1/26,3/31/26,37313,City,"Sicklerville, NJ",Sicklerville,NJ,146,43.14,364495,8.32,65,34,185,32.14,304,43.4,184,36.3,200.25,-0.63
9/3/26,Rolling 3 Months,1/1/26,3/31/26,34767,City,"Silver Lake, NJ",Silver Lake,NJ,1,0,340000,-13.92,15,-138,3,NA,4,100,3,NA,277.1,NA
9/3/26,Rolling 3 Months,1/1/26,3/31/26,34761,City,"Silver Lake, NJ",Silver Lake,NJ,5,-50,605000,31.52,32,-22,11,175,21,133.33,6,0,251.7,-22.29
9/3/26,Rolling 3 Months,1/1/26,3/31/26,37214,City,"Silver Lake, NJ",Silver Lake,NJ,NA,NA,NA,NA,NA,NA,5,150,6,0,3,0,209.14,20.08
9/3/26,Rolling 3 Months,1/1/26,3/31/26,25722,City,"Silver Ridge, NJ",Silver Ridge,NJ,12,71.43,288000,-4,68,43,9,-18.18,21,61.54,12,100,307.24,21.25
9/3/26,Rolling 3 Months,1/1/26,3/31/26,34772,City,"Singac, NJ",Singac,NJ,10,11.11,577500,51.97,41,-18,12,-14.29,18,12.5,12,0,359,-1.8
9/3/26,Rolling 3 Months,1/1/26,3/31/26,34777,City,"Six Mile Run, NJ",Six Mile Run,NJ,3,-57.14,884900,55.25,34,13,5,-37.5,8,-33.33,5,-44.44,305.23,4.73
9/3/26,Rolling 3 Months,1/1/26,3/31/26,34778,City,"Skillman, NJ",Skillman,NJ,NA,NA,NA,NA,NA,NA,1,0,2,0,NA,NA,559.92,97.42
9/3/26,Rolling 3 Months,1/1/26,3/31/26,34788,City,"Smithville, NJ",Smithville,NJ,31,47.62,219000,-4.78,72,20,62,47.62,104,52.94,40,11.11,201.37,-2.94
9/3/26,Rolling 3 Months,1/1/26,3/31/26,25764,City,"Society Hill, NJ",Society Hill,NJ,5,0,780000,15.56,98,11,7,0,11,-8.33,5,0,369.9,4.73
9/3/26,Rolling 3 Months,1/1/26,3/31/26,17512,City,"Somerdale, NJ",Somerdale,NJ,17,70,360000,0.77,48,-7,25,31.58,35,16.67,23,27.78,236.74,6.58
9/3/26,Rolling 3 Months,1/1/26,3/31/26,17534,City,"Somers Point, NJ",Somers Point,NJ,25,0,445000,4.71,91,34,47,17.5,93,25.68,34,3.03,332.89,-7.92
9/3/26,Rolling 3 Months,1/1/26,3/31/26,25771,City,"Somerset, NJ",Somerset,NJ,49,40,495000,10,33,11,64,3.23,94,16.05,57,18.75,331,0.86
9/3/26,Rolling 3 Months,1/1/26,3/31/26,17539,City,"Somerville, NJ",Somerville,NJ,18,-18.18,550000,1.85,62,29,21,-4.55,33,-5.71,17,-5.56,339.38,-1.83
9/3/26,Rolling 3 Months,1/1/26,3/31/26,17563,City,"South Amboy, NJ",South Amboy,NJ,6,-76.92,571250,23.51,74,-7,37,60.87,59,15.69,34,47.83,324.99,-2.97
9/3/26,Rolling 3 Months,1/1/26,3/31/26,17606,City,"South Bound Brook, NJ",South Bound Brook,NJ,7,-41.67,520000,15.56,14,-5,7,-30,11,-8.33,5,-37.5,352.15,-9.16
9/3/26,Rolling 3 Months,1/1/26,3/31/26,36969,City,"South Dennis, NJ",South Dennis,NJ,1,NA,315000,NA,5,NA,3,-25,5,-16.67,1,-50,260.42,12.81
9/3/26,Rolling 3 Months,1/1/26,3/31/26,17747,City,"South Plainfield, NJ",South Plainfield,NJ,42,-10.64,530000,-3.64,58,-12,52,30,89,15.58,42,0,336.37,-1.39
9/3/26,Rolling 3 Months,1/1/26,3/31/26,17755,City,"South River, NJ",South River,NJ,25,-16.67,535000,13.83,77,-9,33,83.33,64,42.22,24,20,324.28,-8.65
9/3/26,Rolling 3 Months,1/1/26,3/31/26,37221,City,"South Seaville, NJ",South Seaville,NJ,NA,NA,NA,NA,NA,NA,2,-50,2,-66.67,1,-75,284.62,5.89
9/3/26,Rolling 3 Months,1/1/26,3/31/26,17773,City,"South Toms River, NJ",South Toms River,NJ,10,11.11,425500,6.91,38,17,10,66.67,15,87.5,13,116.67,324.39,-18.03
9/3/26,Rolling 3 Months,1/1/26,3/31/26,17842,City,"Spotswood, NJ",Spotswood,NJ,12,-36.84,473250,19.81,76,17,18,-33.33,39,-11.36,18,-25,392.6,5.6
9/3/26,Rolling 3 Months,1/1/26,3/31/26,17920,City,"Spring Lake Heights, NJ",Spring Lake Heights,NJ,6,-57.14,875000,-20.38,28,1,11,-31.25,15,-46.43,11,-47.62,783.83,30.32
9/3/26,Rolling 3 Months,1/1/26,3/31/26,17915,City,"Spring Lake, NJ",Spring Lake,NJ,7,-12.5,3100000,-36.41,38,-19,14,-26.32,21,-19.23,11,-8.33,1508.72,25.73
9/3/26,Rolling 3 Months,1/1/26,3/31/26,25863,City,"Springdale, NJ",Springdale,NJ,22,-26.67,612500,3.03,36,15,47,6.82,64,6.67,42,5,255.05,8.22
9/3/26,Rolling 3 Months,1/1/26,3/31/26,35943,City,"Springfield, NJ",Springfield,NJ,26,30,656000,0.15,33,20,29,-19.44,44,-2.22,24,-11.11,376.99,1.2
9/3/26,Rolling 3 Months,1/1/26,3/31/26,35938,City,"Springfield, NJ",Springfield,NJ,5,-28.57,415000,-2.35,23,-44,10,-23.08,16,-27.27,9,0,289.02,5.57
9/3/26,Rolling 3 Months,1/1/26,3/31/26,17985,City,"Stanhope, NJ",Stanhope,NJ,18,63.64,381000,-8.37,22,-14,16,77.78,24,118.18,17,70,282.4,-15.46
9/3/26,Rolling 3 Months,1/1/26,3/31/26,34910,City,"Stewartsville, NJ",Stewartsville,NJ,3,-25,645000,89.71,63,-5,1,-66.67,3,-57.14,1,-80,251.62,4.03
9/3/26,Rolling 3 Months,1/1/26,3/31/26,37637,City,"Stirling, NJ",Stirling,NJ,3,-50,600313,-9.04,14,-7,5,-64.29,9,-40,6,-33.33,381.41,-1.47
9/3/26,Rolling 3 Months,1/1/26,3/31/26,18135,City,"Stockton, NJ",Stockton,NJ,2,NA,551500,NA,138,NA,4,100,8,166.67,3,200,337.18,12.89
9/3/26,Rolling 3 Months,1/1/26,3/31/26,18146,City,"Stone Harbor, NJ",Stone Harbor,NJ,7,-63.16,3100000,8.81,64,-20,13,-51.85,39,-25,12,-14.29,1701.6,-7.16
9/3/26,Rolling 3 Months,1/1/26,3/31/26,37604,City,"Stonebridge, NJ",Stonebridge,NJ,4,0,693000,-9.11,54,-11,5,25,8,0,5,25,264.03,-12.4
9/3/26,Rolling 3 Months,1/1/26,3/31/26,18191,City,"Stratford, NJ",Stratford,NJ,19,35.71,350000,26.35,32,6,21,40,28,40,18,38.46,220.33,16.21
9/3/26,Rolling 3 Months,1/1/26,3/31/26,25956,City,"Strathmere, NJ",Strathmere,NJ,3,-25,2475000,-2.13,60,-18,1,-50,7,75,4,100,942.46,-20.87
9/3/26,Rolling 3 Months,1/1/26,3/31/26,25959,City,"Strathmore, NJ",Strathmore,NJ,6,-53.85,727500,15.48,15,-1,12,-50,15,-46.43,11,-31.25,349.06,1.06
9/3/26,Rolling 3 Months,1/1/26,3/31/26,31313,City,"Succasunna, NJ",Succasunna,NJ,18,-14.29,575000,-4.5,25,10,33,22.22,42,35.48,28,16.67,314.46,1.65
9/3/26,Rolling 3 Months,1/1/26,3/31/26,18243,City,"Summit, NJ",Summit,NJ,21,-50,1325000,-5.76,13,-2,43,-23.21,51,-31.08,32,-31.91,600.84,4.11
9/3/26,Rolling 3 Months,1/1/26,3/31/26,37325,City,"Sunset Lake, NJ",Sunset Lake,NJ,3,NA,299900,NA,71,NA,1,NA,3,NA,2,NA,255.81,NA
9/3/26,Rolling 3 Months,1/1/26,3/31/26,18294,City,"Surf City, NJ",Surf City,NJ,11,-31.25,1600000,-24.71,46,2,10,-33.33,18,-41.94,8,-50,1037.37,20.53
9/3/26,Rolling 3 Months,1/1/26,3/31/26,18305,City,"Sussex, NJ",Sussex,NJ,5,150,350000,5.82,17,-12,7,40,14,100,9,125,274.53,22.88
9/3/26,Rolling 3 Months,1/1/26,3/31/26,18343,City,"Swedesboro, NJ",Swedesboro,NJ,7,-41.67,255000,-7.27,43,6,14,0,16,-27.27,15,15.38,172.12,-7.4
9/3/26,Rolling 3 Months,1/1/26,3/31/26,37295,City,"Sweetwater, NJ",Sweetwater,NJ,5,400,658000,64.09,105,-20,6,50,12,100,4,300,291.91,39.53
9/3/26,Rolling 3 Months,1/1/26,3/31/26,35000,City,"Ten Mile Run, NJ",Ten Mile Run,NJ,2,-50,939498,-4.57,46,21,6,100,7,40,4,33.33,362.92,10.49
9/3/26,Rolling 3 Months,1/1/26,3/31/26,18484,City,"Tenafly, NJ",Tenafly,NJ,29,0,1700000,18.47,93,-3,39,-15.22,71,-8.97,22,-48.84,569.34,-7.87
9/3/26,Rolling 3 Months,1/1/26,3/31/26,37732,City,"The Hills, NJ",The Hills,NJ,25,-16.67,460000,5.14,30,11,49,25.64,55,14.58,33,-13.16,438.06,8.63
9/3/26,Rolling 3 Months,1/1/26,3/31/26,37771,City,"The Ponds, NJ",The Ponds,NJ,8,0,405000,-11.96,91,9,10,-41.18,18,-25,8,-33.33,246.83,-1
9/3/26,Rolling 3 Months,1/1/26,3/31/26,37081,City,"Thorofare, NJ",Thorofare,NJ,8,0,302500,3.95,41,10,5,-66.67,9,-52.63,4,-69.23,212.5,0.07
9/3/26,Rolling 3 Months,1/1/26,3/31/26,37790,City,"Three Bridges, NJ",Three Bridges,NJ,2,100,370500,-22,17,6,1,0,1,0,1,0,NA,NA
9/3/26,Rolling 3 Months,1/1/26,3/31/26,18609,City,"Tinton Falls, NJ",Tinton Falls,NJ,53,-26.39,540000,-0.37,15,-17,68,-9.33,81,-25,58,-29.27,359.78,6.77
9/3/26,Rolling 3 Months,1/1/26,3/31/26,36920,City,"Titusville, NJ",Titusville,NJ,NA,NA,NA,NA,NA,NA,2,-33.33,2,-66.67,1,-66.67,258.13,-9.21
9/3/26,Rolling 3 Months,1/1/26,3/31/26,26079,City,"Toms River, NJ",Toms River,NJ,252,0.4,489000,3.6,50,13,330,-5.98,570,2.7,275,-8.94,309.03,6.98
9/3/26,Rolling 3 Months,1/1/26,3/31/26,18639,City,"Totowa, NJ",Totowa,NJ,14,7.69,737500,18.95,68,-2,20,17.65,36,63.64,19,35.71,401.86,11.05
9/3/26,Rolling 3 Months,1/1/26,3/31/26,37702,City,"Towaco, NJ",Towaco,NJ,15,66.67,650000,4.84,26,-32,26,136.36,35,105.88,18,63.64,381.44,3.84
9/3/26,Rolling 3 Months,1/1/26,3/31/26,18807,City,"Trenton, NJ",Trenton,NJ,99,-18.18,237500,3.26,74,11,160,0,312,0,125,-9.42,173.75,6.14
9/3/26,Rolling 3 Months,1/1/26,3/31/26,37794,City,"Troy Hills, NJ",Troy Hills,NJ,5,-16.67,683000,-6.12,80,51,12,140,16,100,8,33.33,350.45,19.73
9/3/26,Rolling 3 Months,1/1/26,3/31/26,37243,City,"Tuckahoe, NJ",Tuckahoe,NJ,1,-50,459500,153.17,340,280,2,-33.33,3,-40,1,0,50.52,-74.84
9/3/26,Rolling 3 Months,1/1/26,3/31/26,18853,City,"Tuckerton, NJ",Tuckerton,NJ,10,-23.08,587500,-9.25,88,30,23,9.52,38,-2.56,13,-35,339.48,12.98
9/3/26,Rolling 3 Months,1/1/26,3/31/26,26159,City,"Turnersville, NJ",Turnersville,NJ,3,-57.14,439900,-16.37,196,173,6,50,9,0,5,25,209.4,-0.88
9/3/26,Rolling 3 Months,1/1/26,3/31/26,26163,City,"Twin Rivers, NJ",Twin Rivers,NJ,24,41.18,343500,14.5,51,31,29,26.09,42,13.51,29,26.09,268.35,6.44
9/3/26,Rolling 3 Months,1/1/26,3/31/26,18909,City,"Union Beach, NJ",Union Beach,NJ,15,-37.5,421500,-6.85,93,26,28,0,49,6.52,19,-26.92,340.05,-10.23
9/3/26,Rolling 3 Months,1/1/26,3/31/26,18931,City,"Union City, NJ",Union City,NJ,61,-6.15,550000,-3.85,76,17,100,-22.48,199,-15.68,64,-23.81,464.47,-1.08
9/3/26,Rolling 3 Months,1/1/26,3/31/26,37783,City,"Union, NJ",Union,NJ,4,-20,654250,22.75,20,-5,3,200,5,66.67,3,200,NA,NA
9/3/26,Rolling 3 Months,1/1/26,3/31/26,37806,City,"Upper Greenwood Lake, NJ",Upper Greenwood Lake,NJ,5,-44.44,475000,-1.04,91,-14,11,0,17,-29.17,10,25,297.47,-15.66
9/3/26,Rolling 3 Months,1/1/26,3/31/26,35134,City,"Upper Montclair, NJ",Upper Montclair,NJ,16,33.33,1450000,18.81,34,-11,39,14.71,48,17.07,27,0,494.27,10.15
9/3/26,Rolling 3 Months,1/1/26,3/31/26,35136,City,"Upper Pohatcong, NJ",Upper Pohatcong,NJ,2,-60,347900,-13.02,33,19,8,-27.27,9,-18.18,3,-62.5,241.36,-7.73
9/3/26,Rolling 3 Months,1/1/26,3/31/26,19045,City,"Upper Saddle River, NJ",Upper Saddle River,NJ,20,-42.86,1772500,34.46,119,-17,18,-37.93,39,-40.91,15,-40,430.62,-1.15
9/3/26,Rolling 3 Months,1/1/26,3/31/26,37835,City,"Vauxhall, NJ",Vauxhall,NJ,8,14.29,447125,6.46,42,6,16,128.57,24,71.43,10,66.67,352.54,-26.3
9/3/26,Rolling 3 Months,1/1/26,3/31/26,19150,City,"Ventnor City, NJ",Ventnor City,NJ,37,-17.78,725000,26.09,67,-32,81,5.19,171,17.93,51,-3.77,482.32,8.5
9/3/26,Rolling 3 Months,1/1/26,3/31/26,35177,City,"Vernon Center, NJ",Vernon Center,NJ,24,-4,232500,4.49,76,14,33,-2.94,71,-8.97,27,-6.9,295.15,12.01
9/3/26,Rolling 3 Months,1/1/26,3/31/26,26269,City,"Vernon Valley, NJ",Vernon Valley,NJ,3,-25,449997,-5.75,103,52,3,0,6,-25,4,0,253.52,6.6
9/3/26,Rolling 3 Months,1/1/26,3/31/26,19223,City,"Victory Gardens, NJ",Victory Gardens,NJ,1,-50,305000,-1.6,31,-73,2,-50,3,-50,2,-50,356.13,-14.16
9/3/26,Rolling 3 Months,1/1/26,3/31/26,26283,City,"Victory Lakes, NJ",Victory Lakes,NJ,5,-54.55,324900,-1.55,68,8,8,-50,15,-16.67,10,11.11,260.85,8.57
9/3/26,Rolling 3 Months,1/1/26,3/31/26,31323,City,"Vienna, NJ",Vienna,NJ,4,100,605250,26.09,17,-83,4,33.33,5,-16.67,2,-50,292.64,-13.27
9/3/26,Rolling 3 Months,1/1/26,3/31/26,26290,City,"Villas, NJ",Villas,NJ,46,24.32,462500,20.13,36,-13,37,-24.49,81,-13.83,31,-40.38,394.63,-7.07
9/3/26,Rolling 3 Months,1/1/26,3/31/26,37297,City,"Vincentown, NJ",Vincentown,NJ,1,0,375000,-3.85,180,133,4,0,4,-33.33,2,-33.33,226.54,2.21
9/3/26,Rolling 3 Months,1/1/26,3/31/26,19265,City,"Vineland, NJ",Vineland,NJ,103,0.98,325000,8.33,68,13,130,-7.14,251,3.29,130,3.17,209.33,4.8
9/3/26,Rolling 3 Months,1/1/26,3/31/26,26301,City,"Vista Center, NJ",Vista Center,NJ,11,120,685000,16.1,68,46,8,-57.89,14,-48.15,9,-10,283.93,-4.2
9/3/26,Rolling 3 Months,1/1/26,3/31/26,35197,City,"Voorhees, NJ",Voorhees,NJ,2,0,534000,-30.92,94,55,2,100,2,-33.33,1,-66.67,471.65,58.57
9/3/26,Rolling 3 Months,1/1/26,3/31/26,19331,City,"Waldwick, NJ",Waldwick,NJ,23,109.09,630000,-3.37,66,-3,26,-13.33,39,11.43,21,-4.55,388.69,-2.49
9/3/26,Rolling 3 Months,1/1/26,3/31/26,19346,City,"Wallington, NJ",Wallington,NJ,18,100,694250,-24.13,98,26,16,45.45,33,50,15,87.5,357.68,-1.55
9/3/26,Rolling 3 Months,1/1/26,3/31/26,26329,City,"Wanamassa, NJ",Wanamassa,NJ,6,100,665000,1.99,17,3,8,-38.46,12,-20,4,-50,528.06,15.42
9/3/26,Rolling 3 Months,1/1/26,3/31/26,19408,City,"Wanaque, NJ",Wanaque,NJ,22,-43.59,537500,11.98,88,37,43,-18.87,78,2.63,33,-45.9,300,9.78
9/3/26,Rolling 3 Months,1/1/26,3/31/26,26337,City,"Waretown, NJ",Waretown,NJ,7,16.67,415000,-26.55,56,4,8,-27.27,16,-15.79,7,-22.22,310.06,-9.38
9/3/26,Rolling 3 Months,1/1/26,3/31/26,35942,City,"Warren, NJ",Warren,NJ,40,17.65,1130675,30.53,60,8,45,-13.46,73,-18.89,34,-19.05,421.81,9.6
9/3/26,Rolling 3 Months,1/1/26,3/31/26,37004,City,"Washington Crossing, NJ",Washington Crossing,NJ,1,0,799999,56.56,186,40,2,NA,4,300,2,100,310.16,NA
9/3/26,Rolling 3 Months,1/1/26,3/31/26,19516,City,"Washington, NJ",Washington,NJ,22,46.67,375000,9.65,19,-6,20,42.86,36,38.46,22,57.14,210.77,-12.38
9/3/26,Rolling 3 Months,1/1/26,3/31/26,19588,City,"Watchung, NJ",Watchung,NJ,11,-8.33,1199000,-8.65,21,-69,14,0,23,0,13,0,378.71,-7.39
9/3/26,Rolling 3 Months,1/1/26,3/31/26,37118,City,"Watsessing, NJ",Watsessing,NJ,5,-28.57,630000,1.53,63,41,10,-54.55,18,-37.93,7,-46.15,343.64,-6.05
9/3/26,Rolling 3 Months,1/1/26,3/31/26,19698,City,"Wenonah, NJ",Wenonah,NJ,6,-40,447500,15.48,91,54,8,100,10,0,4,-33.33,240.06,5.42
9/3/26,Rolling 3 Months,1/1/26,3/31/26,26442,City,"West Belmar, NJ",West Belmar,NJ,7,133.33,622500,24.5,35,3,5,66.67,6,-25,5,0,442.86,5.33
9/3/26,Rolling 3 Months,1/1/26,3/31/26,37089,City,"West Berlin, NJ",West Berlin,NJ,4,-33.33,400000,8.84,22,-32,6,-45.45,7,-46.15,4,-55.56,208.38,10.38
9/3/26,Rolling 3 Months,1/1/26,3/31/26,35823,City,"West Caldwell, NJ",West Caldwell,NJ,10,-33.33,755500,-1.24,63,21,14,-48.15,22,-29.03,13,-27.78,376.84,5.74
9/3/26,Rolling 3 Months,1/1/26,3/31/26,19788,City,"West Cape May, NJ",West Cape May,NJ,9,200,1575000,18.42,203,35,7,-22.22,13,-40.91,7,-12.5,889.24,14.56
9/3/26,Rolling 3 Months,1/1/26,3/31/26,26491,City,"West Freehold, NJ",West Freehold,NJ,16,-57.89,548150,-9.77,22,-10,32,-13.51,38,-29.63,26,-31.58,349.2,2.62
9/3/26,Rolling 3 Months,1/1/26,3/31/26,19947,City,"West Long Branch, NJ",West Long Branch,NJ,11,-21.43,985000,1.03,81,23,17,-59.52,36,-40.98,15,7.14,551.74,10.65
9/3/26,Rolling 3 Months,1/1/26,3/31/26,20004,City,"West New York, NJ",West New York,NJ,46,2.22,574000,9.33,65,1,89,-3.26,174,11.54,55,-15.38,526.56,23.57
9/3/26,Rolling 3 Months,1/1/26,3/31/26,37128,City,"West Park, NJ",West Park,NJ,4,33.33,302450,21.96,109,7,5,25,11,83.33,6,50,196.84,-9.47
9/3/26,Rolling 3 Months,1/1/26,3/31/26,20137,City,"West Wildwood, NJ",West Wildwood,NJ,3,-62.5,510000,-31.77,37,-1,6,-33.33,13,18.18,2,-60,592.15,43.06
9/3/26,Rolling 3 Months,1/1/26,3/31/26,19891,City,"Westfield, NJ",Westfield,NJ,44,-8.33,1219000,24.77,14,-1,84,-12.5,94,-18.97,69,-15.85,539.22,3.83
9/3/26,Rolling 3 Months,1/1/26,3/31/26,37270,City,"Westmont, NJ",Westmont,NJ,31,72.22,570000,21.6,24,-5,38,0,47,-6,32,-5.88,331.82,9.41
9/3/26,Rolling 3 Months,1/1/26,3/31/26,35341,City,"Weston, NJ",Weston,NJ,8,-38.46,652500,-5.43,88,10,15,-37.5,30,-9.09,16,-11.11,350.68,6.21
9/3/26,Rolling 3 Months,1/1/26,3/31/26,20117,City,"Westville, NJ",Westville,NJ,11,57.14,325000,11.51,69,13,14,75,28,75,12,100,212.95,5.61
9/3/26,Rolling 3 Months,1/1/26,3/31/26,20151,City,"Westwood, NJ",Westwood,NJ,8,-42.86,558500,-17.56,78,-9,12,-42.86,21,-30,10,-47.37,435.47,14.38
9/3/26,Rolling 3 Months,1/1/26,3/31/26,20179,City,"Wharton, NJ",Wharton,NJ,11,-31.25,535000,1.59,20,-7,15,-16.67,18,-21.74,14,-17.65,341.19,17.97
9/3/26,Rolling 3 Months,1/1/26,3/31/26,37754,City,"Whippany, NJ",Whippany,NJ,12,20,832500,29.08,14,-11,16,-40.74,21,-36.36,17,0,381.77,15.27
9/3/26,Rolling 3 Months,1/1/26,3/31/26,26566,City,"White Horse, NJ",White Horse,NJ,18,-14.29,407000,6.54,39,-9,22,-31.25,41,-29.31,28,7.69,262.12,-2.65
9/3/26,Rolling 3 Months,1/1/26,3/31/26,26572,City,"White House Station, NJ",White House Station,NJ,6,-45.45,625000,10.62,27,-10,12,50,18,63.64,10,0,338.47,24.53
9/3/26,Rolling 3 Months,1/1/26,3/31/26,26576,City,"White Meadow Lake, NJ",White Meadow Lake,NJ,14,-22.22,589500,3.15,31,15,21,-4.55,31,6.9,13,-40.91,326.25,-4.92
9/3/26,Rolling 3 Months,1/1/26,3/31/26,35660,City,"Whitesboro, NJ",Whitesboro,NJ,5,25,445000,4.09,89,55,3,-66.67,11,-45,5,-37.5,196.96,-27.39
9/3/26,Rolling 3 Months,1/1/26,3/31/26,26604,City,"Whittingham, NJ",Whittingham,NJ,25,31.58,480000,6.67,127,61,24,9.09,43,30.3,23,21.05,270.45,6.21
9/3/26,Rolling 3 Months,1/1/26,3/31/26,20320,City,"Wildwood Crest, NJ",Wildwood Crest,NJ,33,10,682500,16.08,49,-54,66,20,114,9.62,48,-4,691.49,17.87
9/3/26,Rolling 3 Months,1/1/26,3/31/26,20315,City,"Wildwood, NJ",Wildwood,NJ,55,-11.29,625000,22.76,40,-50,76,-28.3,152,-7.88,69,-5.48,444.86,-0.06
9/3/26,Rolling 3 Months,1/1/26,3/31/26,26617,City,"Williamstown, NJ",Williamstown,NJ,42,20,347500,4.98,63,13,42,-14.29,80,-6.98,50,-9.09,221.17,2.48
9/3/26,Rolling 3 Months,1/1/26,3/31/26,38322,City,"Windsor, NJ",Windsor,NJ,NA,NA,NA,NA,NA,NA,NA,NA,1,NA,NA,NA,NA,NA
9/3/26,Rolling 3 Months,1/1/26,3/31/26,20508,City,"Wood-Ridge, NJ",Wood-Ridge,NJ,25,47.06,761000,24.35,96,21,24,-7.69,50,31.58,25,0,422.94,6.63
9/3/26,Rolling 3 Months,1/1/26,3/31/26,20407,City,"Woodbine, NJ",Woodbine,NJ,3,-40,210000,56.72,40,-10,4,33.33,10,25,2,-60,181.77,16.33
9/3/26,Rolling 3 Months,1/1/26,3/31/26,26641,City,"Woodbridge, NJ",Woodbridge,NJ,46,12.2,446500,-9.34,78,-3,60,3.45,116,10.48,49,-9.26,334.03,-11.97
9/3/26,Rolling 3 Months,1/1/26,3/31/26,20446,City,"Woodbury Heights, NJ",Woodbury Heights,NJ,7,-30,400000,13.48,47,27,15,50,22,57.14,10,25,188.1,-0.2
9/3/26,Rolling 3 Months,1/1/26,3/31/26,20437,City,"Woodbury, NJ",Woodbury,NJ,32,3.23,335000,12.04,35,-1,24,-38.46,44,-29.03,27,-34.15,230.93,23.46
9/3/26,Rolling 3 Months,1/1/26,3/31/26,20461,City,"Woodcliff Lake, NJ",Woodcliff Lake,NJ,14,180,1275000,47.4,72,-43,19,58.33,35,84.21,19,375,432.8,9.27
9/3/26,Rolling 3 Months,1/1/26,3/31/26,35458,City,"Woodland Park, NJ",Woodland Park,NJ,10,-52.38,672500,8.47,41,5,33,50,45,36.36,29,61.11,383.14,14.66
9/3/26,Rolling 3 Months,1/1/26,3/31/26,20489,City,"Woodlynne, NJ",Woodlynne,NJ,2,-71.43,91479,-47.73,90,40,10,100,20,42.86,9,28.57,168.31,23.52
9/3/26,Rolling 3 Months,1/1/26,3/31/26,20528,City,"Woodstown, NJ",Woodstown,NJ,10,-9.09,355000,23.69,85,24,7,-22.22,19,-13.64,11,-21.43,187.58,-2.43
9/3/26,Rolling 3 Months,1/1/26,3/31/26,20574,City,"Wrightstown, NJ",Wrightstown,NJ,3,50,435000,10.83,36,-144,4,33.33,6,100,3,200,236.78,86.85
9/3/26,Rolling 3 Months,1/1/26,3/31/26,31342,City,"Yardville, NJ",Yardville,NJ,13,30,443000,2.43,57,30,14,16.67,24,26.32,13,0,274.61,-15.31
9/3/26,Rolling 3 Months,1/1/26,3/31/26,26686,City,"Yorketown, NJ",Yorketown,NJ,12,0,774000,3.07,19,-19,18,-5.26,22,-8.33,17,0,376.86,10.26